This is LuaHBTeX, Version 1.22.0 (TeX Live 2025)  (format=lualatex 2025.8.23)  6 OCT 2026 00:24
 restricted system commands enabled.
**index.tex
(./index.tex
LaTeX2e <2025-06-01> patch level 1
L3 programming layer <2025-08-13>
Lua module: luaotfload 2024-12-03 v3.29 Lua based OpenType font support
Lua module: lualibs 2023-07-13 v2.76 ConTeXt Lua standard libraries.
Lua module: lualibs-extended 2023-07-13 v2.76 ConTeXt Lua libraries -- extended 
collection.
luaotfload | conf : Root cache directory is "/home/smart-mobility-dori/.texlive2
025/texmf-var/luatex-cache/generic/names".
luaotfload | init : Loading fontloader "fontloader-2023-12-28.lua" from kpse-res
olved path "/usr/local/texlive/2025/texmf-dist/tex/luatex/luaotfload/fontloader-
2023-12-28.lua".
Lua-only attribute luaotfload@noligature = 1
luaotfload | init : Context OpenType loader version 3.134
Inserting `luaotfload.node_processor' in `pre_linebreak_filter'.
Inserting `luaotfload.node_processor' in `hpack_filter'.
Inserting `luaotfload.glyph_stream' in `glyph_stream_provider'.
Inserting `luaotfload.define_font' in `define_font'.
Lua-only attribute luaotfload_color_attribute = 2
luaotfload | conf : Root cache directory is "/home/smart-mobility-dori/.texlive2
025/texmf-var/luatex-cache/generic/names".
Inserting `luaotfload.harf.strip_prefix' in `find_opentype_file'.
Inserting `luaotfload.harf.strip_prefix' in `find_truetype_file'.
Removing  `luaotfload.glyph_stream' from `glyph_stream_provider'.
Inserting `luaotfload.harf.glyphstream' in `glyph_stream_provider'.
Inserting `luaotfload.harf.finalize_vlist' in `post_linebreak_filter'.
Inserting `luaotfload.harf.finalize_hlist' in `hpack_filter'.
Inserting `luaotfload.cleanup_files' in `wrapup_run'.
Inserting `luaotfload.harf.finalize_unicode' in `finish_pdffile'.
Inserting `luaotfload.glyphinfo' in `glyph_info'.
Lua-only attribute luaotfload.letterspace_done = 3
Inserting `luaotfload.aux.set_sscale_dimens' in `luaotfload.patch_font'.
Inserting `luaotfload.aux.set_font_index' in `luaotfload.patch_font'.
Inserting `luaotfload.aux.patch_cambria_domh' in `luaotfload.patch_font'.
Inserting `luaotfload.aux.fixup_fontdata' in `luaotfload.patch_font_unsafe'.
Inserting `luaotfload.aux.set_capheight' in `luaotfload.patch_font'.
Inserting `luaotfload.aux.set_xheight' in `luaotfload.patch_font'.
Inserting `luaotfload.rewrite_fontname' in `luaotfload.patch_font'.
Inserting `tracingstacklevels' in `input_level_string'. (/usr/local/texlive/202
5/texmf-dist/tex/latex/koma-script/scrreprt.cls
Document Class: scrreprt 2025/08/19 v3.46 KOMA-Script document class (report)
(/usr/local/texlive/2025/texmf-dist/tex/latex/koma-script/scrkbase.sty
Package: scrkbase 2025/08/19 v3.46 KOMA-Script package (KOMA-Script-dependent b
asics and keyval usage)
(/usr/local/texlive/2025/texmf-dist/tex/latex/koma-script/scrbase.sty
Package: scrbase 2025/08/19 v3.46 KOMA-Script package (KOMA-Script-independent 
basics and keyval usage)
(/usr/local/texlive/2025/texmf-dist/tex/latex/koma-script/scrlfile.sty
Package: scrlfile 2025/08/19 v3.46 KOMA-Script package (file load hooks)
(/usr/local/texlive/2025/texmf-dist/tex/latex/koma-script/scrlfile-hook.sty
Package: scrlfile-hook 2025/08/19 v3.46 KOMA-Script package (using LaTeX hooks)

(/usr/local/texlive/2025/texmf-dist/tex/latex/koma-script/scrlogo.sty
Package: scrlogo 2025/08/19 v3.46 KOMA-Script package (logo)
))) (/usr/local/texlive/2025/texmf-dist/tex/latex/graphics/keyval.sty
Package: keyval 2022/05/29 v1.15 key=value parser (DPC)
\KV@toks@=\toks17
)
Applying: [2021/05/01] Usage of raw or classic option list on input line 254.
Already applied: [0000/00/00] Usage of raw or classic option list on input line
 370.
)) (/usr/local/texlive/2025/texmf-dist/tex/latex/koma-script/tocbasic.sty
Package: tocbasic 2025/08/19 v3.46 KOMA-Script package (handling toc-files)
\scr@dte@tocline@numberwidth=\skip49
\scr@dte@tocline@numbox=\box53
)
Package tocbasic Info: omitting babel extension for `toc'
(tocbasic)             because of feature `nobabel' available
(tocbasic)             for `toc' on input line 143.
Class scrreprt Info: File `scrsize11pt.clo' used instead of
(scrreprt)           file `scrsize11.clo' to setup font sizes on input line 270
5.
(/usr/local/texlive/2025/texmf-dist/tex/latex/koma-script/scrsize11pt.clo
File: scrsize11pt.clo 2025/08/19 v3.46 KOMA-Script font size class option (11pt
)
luaotfload | db : Font names database loaded from /home/smart-mobility-dori/.tex
live2025/texmf-var/luatex-cache/generic/names/luaotfload-names.luc.gz) (/usr/lo
cal/texlive/2025/texmf-dist/tex/latex/koma-script/typearea.sty
Package: typearea 2025/08/19 v3.46 KOMA-Script package (type area)
\ta@bcor=\skip50
\ta@div=\count273
Package typearea Info: You've used standard option `letterpaper'.
(typearea)             This is correct!
(typearea)             Internally I'm using `paper=letter'.
(typearea)             If you'd like to set the option with \KOMAoptions,
(typearea)             you'd have to use `paper=letter' there
(typearea)             instead of `letterpaper', too.
\ta@hblk=\skip51
\ta@vblk=\skip52
\ta@temp=\skip53
\footheight=\skip54
Package typearea Info: These are the values describing the layout:
(typearea)             DIV  = 11
(typearea)             BCOR = 0.0pt
(typearea)             \paperwidth      = 614.295pt
(typearea)              \textwidth      = 446.76004pt
(typearea)              DIV departure   = -14%
(typearea)              \evensidemargin = 11.49748pt
(typearea)              \oddsidemargin  = 11.49748pt
(typearea)             \paperheight     = 794.96999pt
(typearea)              \textheight     = 582.20026pt
(typearea)              \topmargin      = -37.40001pt
(typearea)              \headheight     = 17.0pt
(typearea)              \headsep        = 20.40001pt
(typearea)              \topskip        = 11.0pt
(typearea)              \footskip       = 47.6pt
(typearea)              \baselineskip   = 13.6pt
(typearea)              on input line 1805.
)
\c@part=\count274
\c@chapter=\count275
\c@section=\count276
\c@subsection=\count277
\c@subsubsection=\count278
\c@paragraph=\count279
\c@subparagraph=\count280
\scr@dte@chapter@maxnumwidth=\skip55
Class scrreprt Info: using compatibility default `afterindent=bysign'
(scrreprt)           for `\chapter on input line 6078.
\scr@dte@section@maxnumwidth=\skip56
Class scrreprt Info: using compatibility default `runin=bysign'
(scrreprt)           for `\section on input line 6089.
Class scrreprt Info: using compatibility default `afterindent=bysign'
(scrreprt)           for `\section on input line 6089.
\scr@dte@part@maxnumwidth=\skip57
Class scrreprt Info: using compatibility default `afterindent=true'
(scrreprt)           for `\part on input line 6098.
\scr@dte@subsection@maxnumwidth=\skip58
Class scrreprt Info: using compatibility default `runin=bysign'
(scrreprt)           for `\subsection on input line 6108.
Class scrreprt Info: using compatibility default `afterindent=bysign'
(scrreprt)           for `\subsection on input line 6108.
\scr@dte@subsubsection@maxnumwidth=\skip59
Class scrreprt Info: using compatibility default `runin=bysign'
(scrreprt)           for `\subsubsection on input line 6118.
Class scrreprt Info: using compatibility default `afterindent=bysign'
(scrreprt)           for `\subsubsection on input line 6118.
\scr@dte@paragraph@maxnumwidth=\skip60
Class scrreprt Info: using compatibility default `runin=bysign'
(scrreprt)           for `\paragraph on input line 6129.
Class scrreprt Info: using compatibility default `afterindent=bysign'
(scrreprt)           for `\paragraph on input line 6129.
\scr@dte@subparagraph@maxnumwidth=\skip61
Class scrreprt Info: using compatibility default `runin=bysign'
(scrreprt)           for `\subparagraph on input line 6139.
Class scrreprt Info: using compatibility default `afterindent=bysign'
(scrreprt)           for `\subparagraph on input line 6139.
\abovecaptionskip=\skip62
\belowcaptionskip=\skip63
\c@pti@nb@sid@b@x=\box54
Package tocbasic Info: omitting babel extension for `lof'
(tocbasic)             because of feature `nobabel' available
(tocbasic)             for `lof' on input line 7346.
\scr@dte@figure@maxnumwidth=\skip64
\c@figure=\count281
Package tocbasic Info: omitting babel extension for `lot'
(tocbasic)             because of feature `nobabel' available
(tocbasic)             for `lot' on input line 7359.
\scr@dte@table@maxnumwidth=\skip65
\c@table=\count282
Class scrreprt Info: Redefining `\numberline' on input line 7530.
\bibindent=\dimen147
) (/usr/local/texlive/2025/texmf-dist/tex/latex/xcolor/xcolor.sty
Package: xcolor 2024/09/29 v3.02 LaTeX color extensions (UK)
(/usr/local/texlive/2025/texmf-dist/tex/latex/graphics-cfg/color.cfg
File: color.cfg 2016/01/02 v1.6 sample color configuration
)
Package xcolor Info: Driver file: luatex.def on input line 274.
(/usr/local/texlive/2025/texmf-dist/tex/latex/graphics-def/luatex.def
File: luatex.def 2024/04/13 v1.2e Graphics/color driver for luatex
) (/usr/local/texlive/2025/texmf-dist/tex/latex/graphics/mathcolor.ltx)
Package xcolor Info: Model `cmy' substituted by `cmy0' on input line 1349.
Package xcolor Info: Model `hsb' substituted by `rgb' on input line 1353.
Package xcolor Info: Model `RGB' extended on input line 1365.
Package xcolor Info: Model `HTML' substituted by `rgb' on input line 1367.
Package xcolor Info: Model `Hsb' substituted by `hsb' on input line 1368.
Package xcolor Info: Model `tHsb' substituted by `hsb' on input line 1369.
Package xcolor Info: Model `HSB' substituted by `hsb' on input line 1370.
Package xcolor Info: Model `Gray' substituted by `gray' on input line 1371.
Package xcolor Info: Model `wave' substituted by `hsb' on input line 1372.
) (/usr/local/texlive/2025/texmf-dist/tex/latex/graphics/dvipsnam.def
File: dvipsnam.def 2016/06/17 v3.0m Driver-dependent file (DPC,SPQR)
) (/usr/local/texlive/2025/texmf-dist/tex/latex/xcolor/svgnam.def
File: svgnam.def 2024/09/29 v3.02 Predefined colors according to SVG 1.1 (UK)
) (/usr/local/texlive/2025/texmf-dist/tex/latex/xcolor/x11nam.def
File: x11nam.def 2024/09/29 v3.02 Predefined colors according to Unix/X11 (UK)
) (/usr/local/texlive/2025/texmf-dist/tex/latex/amsmath/amsmath.sty
Package: amsmath 2025/06/16 v2.17y AMS math features
\@mathmargin=\skip66
For additional information on amsmath, use the `?' option.
(/usr/local/texlive/2025/texmf-dist/tex/latex/amsmath/amstext.sty
Package: amstext 2024/11/17 v2.01 AMS text
(/usr/local/texlive/2025/texmf-dist/tex/latex/amsmath/amsgen.sty
File: amsgen.sty 1999/11/30 v2.0 generic functions
\@emptytoks=\toks18
\ex@=\dimen148
)) (/usr/local/texlive/2025/texmf-dist/tex/latex/amsmath/amsbsy.sty
Package: amsbsy 1999/11/29 v1.2d Bold Symbols
\pmbraise@=\dimen149
) (/usr/local/texlive/2025/texmf-dist/tex/latex/amsmath/amsopn.sty
Package: amsopn 2022/04/08 v2.04 operator names
)
\inf@bad=\count283
LaTeX Info: Redefining \frac on input line 235.
\uproot@=\count284
\leftroot@=\count285
LaTeX Info: Redefining \overline on input line 398.
LaTeX Info: Redefining \colon on input line 409.
\classnum@=\count286
\DOTSCASE@=\count287
LaTeX Info: Redefining \ldots on input line 495.
LaTeX Info: Redefining \dots on input line 498.
LaTeX Info: Redefining \cdots on input line 619.
\Mathstrutbox@=\box55
\strutbox@=\box56
LaTeX Info: Redefining \big on input line 721.
LaTeX Info: Redefining \Big on input line 722.
LaTeX Info: Redefining \bigg on input line 723.
LaTeX Info: Redefining \Bigg on input line 724.
\big@size=\dimen150
LaTeX Font Info:    Redeclaring font encoding OML on input line 742.
LaTeX Font Info:    Redeclaring font encoding OMS on input line 743.
\macc@depth=\count288
LaTeX Info: Redefining \bmod on input line 904.
LaTeX Info: Redefining \pmod on input line 909.
LaTeX Info: Redefining \smash on input line 939.
LaTeX Info: Redefining \relbar on input line 969.
LaTeX Info: Redefining \Relbar on input line 970.
\c@MaxMatrixCols=\count289
\dotsspace@=\muskip17
\c@parentequation=\count290
\dspbrk@lvl=\count291
\tag@help=\toks19
\row@=\count292
\column@=\count293
\maxfields@=\count294
\andhelp@=\toks20
\eqnshift@=\dimen151
\alignsep@=\dimen152
\tagshift@=\dimen153
\tagwidth@=\dimen154
\totwidth@=\dimen155
\lineht@=\dimen156
\@envbody=\toks21
\multlinegap=\skip67
\multlinetaggap=\skip68
\mathdisplay@stack=\toks22
LaTeX Info: Redefining \[ on input line 2949.
LaTeX Info: Redefining \] on input line 2950.
) (/usr/local/texlive/2025/texmf-dist/tex/latex/amsfonts/amssymb.sty
Package: amssymb 2013/01/14 v3.01 AMS font symbols
(/usr/local/texlive/2025/texmf-dist/tex/latex/amsfonts/amsfonts.sty
Package: amsfonts 2013/01/14 v3.01 Basic AMSFonts support
\symAMSa=\mathgroup4
\symAMSb=\mathgroup5
LaTeX Font Info:    Redeclaring math symbol \hbar on input line 98.
LaTeX Font Info:    Overwriting math alphabet `\mathfrak' in version `bold'
(Font)                  U/euf/m/n --> U/euf/b/n on input line 106.
)) (/usr/local/texlive/2025/texmf-dist/tex/generic/iftex/iftex.sty
Package: iftex 2024/12/12 v1.0g TeX engine tests
) (/usr/local/texlive/2025/texmf-dist/tex/latex/unicode-math/unicode-math.sty (/usr/local/texlive/2025/texmf-dist/tex/latex/l3kernel/expl3.sty
Package: expl3 2025-08-13 L3 programming layer (loader) 
(/usr/local/texlive/2025/texmf-dist/tex/latex/l3backend/l3backend-luatex.def
File: l3backend-luatex.def 2025-06-09 L3 backend support: PDF output (LuaTeX)
\l__color_backend_stack_int=\count295
Inserting `l3color' in `luaotfload.parse_color'.))
Package: unicode-math 2023/08/13 v0.8r Unicode maths in XeLaTeX and LuaLaTeX

(/usr/local/texlive/2025/texmf-dist/tex/latex/unicode-math/unicode-math-luatex.
sty
Package: unicode-math-luatex 2023/08/13 v0.8r Unicode maths in XeLaTeX and LuaL
aTeX
(/usr/local/texlive/2025/texmf-dist/tex/latex/l3packages/xparse/xparse.sty
Package: xparse 2024-08-16 L3 Experimental document command parser
) (/usr/local/texlive/2025/texmf-dist/tex/latex/l3packages/l3keys2e/l3keys2e.st
y
Package: l3keys2e 2024-08-16 LaTeX2e option processing using LaTeX3 keys
) (/usr/local/texlive/2025/texmf-dist/tex/latex/fontspec/fontspec.sty
Package: fontspec 2024/05/11 v2.9e Font selection for XeLaTeX and LuaLaTeX
Lua module: fontspec 2024/05/11 v2.9e Font selection for XeLaTeX and LuaLaTeX (/usr/local/texlive/2025/texmf-dist/tex/latex/fontspec/fontspec-luatex.sty
Package: fontspec-luatex 2024/05/11 v2.9e Font selection for XeLaTeX and LuaLaT
eX
\l__fontspec_script_int=\count296
\l__fontspec_language_int=\count297
\l__fontspec_strnum_int=\count298
\l__fontspec_tmp_int=\count299
\l__fontspec_tmpa_int=\count300
\l__fontspec_tmpb_int=\count301
\l__fontspec_tmpc_int=\count302
\l__fontspec_em_int=\count303
\l__fontspec_emdef_int=\count304
\l__fontspec_strong_int=\count305
\l__fontspec_strongdef_int=\count306
\l__fontspec_tmpa_dim=\dimen157
\l__fontspec_tmpb_dim=\dimen158
\l__fontspec_tmpc_dim=\dimen159
(/usr/local/texlive/2025/texmf-dist/tex/latex/base/fontenc.sty
Package: fontenc 2024/12/21 v2.1c Standard LaTeX package
) (/usr/local/texlive/2025/texmf-dist/tex/latex/fontspec/fontspec.cfg))) (/usr/
local/texlive/2025/texmf-dist/tex/latex/base/fix-cm.sty
Package: fix-cm 2020/11/24 v1.1t fixes to LaTeX
(/usr/local/texlive/2025/texmf-dist/tex/latex/base/ts1enc.def
File: ts1enc.def 2001/06/05 v3.0e (jk/car/fm) Standard LaTeX file
LaTeX Font Info:    Redeclaring font encoding TS1 on input line 47.
LaTeX Encoding Info:    Redeclaring text command \capitalcedilla (encoding TS1)
 on input line 49.
LaTeX Encoding Info:    Redeclaring text command \capitalogonek (encoding TS1) 
on input line 52.
LaTeX Encoding Info:    Redeclaring text command \capitalgrave (encoding TS1) o
n input line 55.
LaTeX Encoding Info:    Redeclaring text command \capitalacute (encoding TS1) o
n input line 56.
LaTeX Encoding Info:    Redeclaring text command \capitalcircumflex (encoding T
S1) on input line 57.
LaTeX Encoding Info:    Redeclaring text command \capitaltilde (encoding TS1) o
n input line 58.
LaTeX Encoding Info:    Redeclaring text command \capitaldieresis (encoding TS1
) on input line 59.
LaTeX Encoding Info:    Redeclaring text command \capitalhungarumlaut (encoding
 TS1) on input line 60.
LaTeX Encoding Info:    Redeclaring text command \capitalring (encoding TS1) on
 input line 61.
LaTeX Encoding Info:    Redeclaring text command \capitalcaron (encoding TS1) o
n input line 62.
LaTeX Encoding Info:    Redeclaring text command \capitalbreve (encoding TS1) o
n input line 63.
LaTeX Encoding Info:    Redeclaring text command \capitalmacron (encoding TS1) 
on input line 64.
LaTeX Encoding Info:    Redeclaring text command \capitaldotaccent (encoding TS
1) on input line 65.
LaTeX Encoding Info:    Redeclaring text command \t (encoding TS1) on input lin
e 66.
LaTeX Encoding Info:    Redeclaring text command \capitaltie (encoding TS1) on 
input line 67.
LaTeX Encoding Info:    Redeclaring text command \newtie (encoding TS1) on inpu
t line 68.
LaTeX Encoding Info:    Redeclaring text command \capitalnewtie (encoding TS1) 
on input line 69.
LaTeX Encoding Info:    Redeclaring text symbol \textcapitalcompwordmark (encod
ing TS1) on input line 70.
LaTeX Encoding Info:    Redeclaring text symbol \textascendercompwordmark (enco
ding TS1) on input line 71.
LaTeX Encoding Info:    Redeclaring text symbol \textquotestraightbase (encodin
g TS1) on input line 72.
LaTeX Encoding Info:    Redeclaring text symbol \textquotestraightdblbase (enco
ding TS1) on input line 73.
LaTeX Encoding Info:    Redeclaring text symbol \texttwelveudash (encoding TS1)
 on input line 74.
LaTeX Encoding Info:    Redeclaring text symbol \textthreequartersemdash (encod
ing TS1) on input line 75.
LaTeX Encoding Info:    Redeclaring text symbol \textleftarrow (encoding TS1) o
n input line 76.
LaTeX Encoding Info:    Redeclaring text symbol \textrightarrow (encoding TS1) 
on input line 77.
LaTeX Encoding Info:    Redeclaring text symbol \textblank (encoding TS1) on in
put line 78.
LaTeX Encoding Info:    Redeclaring text symbol \textdollar (encoding TS1) on i
nput line 79.
LaTeX Encoding Info:    Redeclaring text symbol \textquotesingle (encoding TS1)
 on input line 80.
LaTeX Encoding Info:    Redeclaring text command \textasteriskcentered (encodin
g TS1) on input line 81.
LaTeX Encoding Info:    Redeclaring text symbol \textdblhyphen (encoding TS1) o
n input line 92.
LaTeX Encoding Info:    Redeclaring text symbol \textfractionsolidus (encoding 
TS1) on input line 93.
LaTeX Encoding Info:    Redeclaring text symbol \textzerooldstyle (encoding TS1
) on input line 94.
LaTeX Encoding Info:    Redeclaring text symbol \textoneoldstyle (encoding TS1)
 on input line 95.
LaTeX Encoding Info:    Redeclaring text symbol \texttwooldstyle (encoding TS1)
 on input line 96.
LaTeX Encoding Info:    Redeclaring text symbol \textthreeoldstyle (encoding TS
1) on input line 97.
LaTeX Encoding Info:    Redeclaring text symbol \textfouroldstyle (encoding TS1
) on input line 98.
LaTeX Encoding Info:    Redeclaring text symbol \textfiveoldstyle (encoding TS1
) on input line 99.
LaTeX Encoding Info:    Redeclaring text symbol \textsixoldstyle (encoding TS1)
 on input line 100.
LaTeX Encoding Info:    Redeclaring text symbol \textsevenoldstyle (encoding TS
1) on input line 101.
LaTeX Encoding Info:    Redeclaring text symbol \texteightoldstyle (encoding TS
1) on input line 102.
LaTeX Encoding Info:    Redeclaring text symbol \textnineoldstyle (encoding TS1
) on input line 103.
LaTeX Encoding Info:    Redeclaring text symbol \textlangle (encoding TS1) on i
nput line 104.
LaTeX Encoding Info:    Redeclaring text symbol \textminus (encoding TS1) on in
put line 105.
LaTeX Encoding Info:    Redeclaring text symbol \textrangle (encoding TS1) on i
nput line 106.
LaTeX Encoding Info:    Redeclaring text symbol \textmho (encoding TS1) on inpu
t line 107.
LaTeX Encoding Info:    Redeclaring text symbol \textbigcircle (encoding TS1) o
n input line 108.
LaTeX Encoding Info:    Redeclaring text command \textcircled (encoding TS1) on
 input line 109.
LaTeX Encoding Info:    Redeclaring text symbol \textohm (encoding TS1) on inpu
t line 115.
LaTeX Encoding Info:    Redeclaring text symbol \textlbrackdbl (encoding TS1) o
n input line 116.
LaTeX Encoding Info:    Redeclaring text symbol \textrbrackdbl (encoding TS1) o
n input line 117.
LaTeX Encoding Info:    Redeclaring text symbol \textuparrow (encoding TS1) on 
input line 118.
LaTeX Encoding Info:    Redeclaring text symbol \textdownarrow (encoding TS1) o
n input line 119.
LaTeX Encoding Info:    Redeclaring text symbol \textasciigrave (encoding TS1) 
on input line 120.
LaTeX Encoding Info:    Redeclaring text symbol \textborn (encoding TS1) on inp
ut line 121.
LaTeX Encoding Info:    Redeclaring text symbol \textdivorced (encoding TS1) on
 input line 122.
LaTeX Encoding Info:    Redeclaring text symbol \textdied (encoding TS1) on inp
ut line 123.
LaTeX Encoding Info:    Redeclaring text symbol \textleaf (encoding TS1) on inp
ut line 124.
LaTeX Encoding Info:    Redeclaring text symbol \textmarried (encoding TS1) on 
input line 125.
LaTeX Encoding Info:    Redeclaring text symbol \textmusicalnote (encoding TS1)
 on input line 126.
LaTeX Encoding Info:    Redeclaring text symbol \texttildelow (encoding TS1) on
 input line 127.
LaTeX Encoding Info:    Redeclaring text symbol \textdblhyphenchar (encoding TS
1) on input line 128.
LaTeX Encoding Info:    Redeclaring text symbol \textasciibreve (encoding TS1) 
on input line 129.
LaTeX Encoding Info:    Redeclaring text symbol \textasciicaron (encoding TS1) 
on input line 130.
LaTeX Encoding Info:    Redeclaring text symbol \textacutedbl (encoding TS1) on
 input line 131.
LaTeX Encoding Info:    Redeclaring text symbol \textgravedbl (encoding TS1) on
 input line 132.
LaTeX Encoding Info:    Redeclaring text symbol \textdagger (encoding TS1) on i
nput line 133.
LaTeX Encoding Info:    Redeclaring text symbol \textdaggerdbl (encoding TS1) o
n input line 134.
LaTeX Encoding Info:    Redeclaring text symbol \textbardbl (encoding TS1) on i
nput line 135.
LaTeX Encoding Info:    Redeclaring text symbol \textperthousand (encoding TS1)
 on input line 136.
LaTeX Encoding Info:    Redeclaring text symbol \textbullet (encoding TS1) on i
nput line 137.
LaTeX Encoding Info:    Redeclaring text symbol \textcelsius (encoding TS1) on 
input line 138.
LaTeX Encoding Info:    Redeclaring text symbol \textdollaroldstyle (encoding T
S1) on input line 139.
LaTeX Encoding Info:    Redeclaring text symbol \textcentoldstyle (encoding TS1
) on input line 140.
LaTeX Encoding Info:    Redeclaring text symbol \textflorin (encoding TS1) on i
nput line 141.
LaTeX Encoding Info:    Redeclaring text symbol \textcolonmonetary (encoding TS
1) on input line 142.
LaTeX Encoding Info:    Redeclaring text symbol \textwon (encoding TS1) on inpu
t line 143.
LaTeX Encoding Info:    Redeclaring text symbol \textnaira (encoding TS1) on in
put line 144.
LaTeX Encoding Info:    Redeclaring text symbol \textguarani (encoding TS1) on 
input line 145.
LaTeX Encoding Info:    Redeclaring text symbol \textpeso (encoding TS1) on inp
ut line 146.
LaTeX Encoding Info:    Redeclaring text symbol \textlira (encoding TS1) on inp
ut line 147.
LaTeX Encoding Info:    Redeclaring text symbol \textrecipe (encoding TS1) on i
nput line 148.
LaTeX Encoding Info:    Redeclaring text symbol \textinterrobang (encoding TS1)
 on input line 149.
LaTeX Encoding Info:    Redeclaring text symbol \textinterrobangdown (encoding 
TS1) on input line 150.
LaTeX Encoding Info:    Redeclaring text symbol \textdong (encoding TS1) on inp
ut line 151.
LaTeX Encoding Info:    Redeclaring text symbol \texttrademark (encoding TS1) o
n input line 152.
LaTeX Encoding Info:    Redeclaring text symbol \textpertenthousand (encoding T
S1) on input line 153.
LaTeX Encoding Info:    Redeclaring text symbol \textpilcrow (encoding TS1) on 
input line 154.
LaTeX Encoding Info:    Redeclaring text symbol \textbaht (encoding TS1) on inp
ut line 155.
LaTeX Encoding Info:    Redeclaring text symbol \textnumero (encoding TS1) on i
nput line 156.
LaTeX Encoding Info:    Redeclaring text symbol \textdiscount (encoding TS1) on
 input line 157.
LaTeX Encoding Info:    Redeclaring text symbol \textestimated (encoding TS1) o
n input line 158.
LaTeX Encoding Info:    Redeclaring text symbol \textopenbullet (encoding TS1) 
on input line 159.
LaTeX Encoding Info:    Redeclaring text symbol \textservicemark (encoding TS1)
 on input line 160.
LaTeX Encoding Info:    Redeclaring text symbol \textlquill (encoding TS1) on i
nput line 161.
LaTeX Encoding Info:    Redeclaring text symbol \textrquill (encoding TS1) on i
nput line 162.
LaTeX Encoding Info:    Redeclaring text symbol \textcent (encoding TS1) on inp
ut line 163.
LaTeX Encoding Info:    Redeclaring text symbol \textsterling (encoding TS1) on
 input line 164.
LaTeX Encoding Info:    Redeclaring text symbol \textcurrency (encoding TS1) on
 input line 165.
LaTeX Encoding Info:    Redeclaring text symbol \textyen (encoding TS1) on inpu
t line 166.
LaTeX Encoding Info:    Redeclaring text symbol \textbrokenbar (encoding TS1) o
n input line 167.
LaTeX Encoding Info:    Redeclaring text symbol \textsection (encoding TS1) on 
input line 168.
LaTeX Encoding Info:    Redeclaring text symbol \textasciidieresis (encoding TS
1) on input line 169.
LaTeX Encoding Info:    Redeclaring text symbol \textcopyright (encoding TS1) o
n input line 170.
LaTeX Encoding Info:    Redeclaring text symbol \textordfeminine (encoding TS1)
 on input line 171.
LaTeX Encoding Info:    Redeclaring text symbol \textcopyleft (encoding TS1) on
 input line 172.
LaTeX Encoding Info:    Redeclaring text symbol \textlnot (encoding TS1) on inp
ut line 173.
LaTeX Encoding Info:    Redeclaring text symbol \textcircledP (encoding TS1) on
 input line 174.
LaTeX Encoding Info:    Redeclaring text symbol \textregistered (encoding TS1) 
on input line 175.
LaTeX Encoding Info:    Redeclaring text symbol \textasciimacron (encoding TS1)
 on input line 176.
LaTeX Encoding Info:    Redeclaring text symbol \textdegree (encoding TS1) on i
nput line 177.
LaTeX Encoding Info:    Redeclaring text symbol \textpm (encoding TS1) on input
 line 178.
LaTeX Encoding Info:    Redeclaring text symbol \texttwosuperior (encoding TS1)
 on input line 179.
LaTeX Encoding Info:    Redeclaring text symbol \textthreesuperior (encoding TS
1) on input line 180.
LaTeX Encoding Info:    Redeclaring text symbol \textasciiacute (encoding TS1) 
on input line 181.
LaTeX Encoding Info:    Redeclaring text symbol \textmu (encoding TS1) on input
 line 182.
LaTeX Encoding Info:    Redeclaring text symbol \textparagraph (encoding TS1) o
n input line 183.
LaTeX Encoding Info:    Redeclaring text symbol \textperiodcentered (encoding T
S1) on input line 184.
LaTeX Encoding Info:    Redeclaring text symbol \textreferencemark (encoding TS
1) on input line 185.
LaTeX Encoding Info:    Redeclaring text symbol \textonesuperior (encoding TS1)
 on input line 186.
LaTeX Encoding Info:    Redeclaring text symbol \textordmasculine (encoding TS1
) on input line 187.
LaTeX Encoding Info:    Redeclaring text symbol \textsurd (encoding TS1) on inp
ut line 188.
LaTeX Encoding Info:    Redeclaring text symbol \textonequarter (encoding TS1) 
on input line 189.
LaTeX Encoding Info:    Redeclaring text symbol \textonehalf (encoding TS1) on 
input line 190.
LaTeX Encoding Info:    Redeclaring text symbol \textthreequarters (encoding TS
1) on input line 191.
LaTeX Encoding Info:    Redeclaring text symbol \texteuro (encoding TS1) on inp
ut line 192.
LaTeX Encoding Info:    Redeclaring text symbol \texttimes (encoding TS1) on in
put line 193.
LaTeX Encoding Info:    Redeclaring text symbol \textdiv (encoding TS1) on inpu
t line 194.
))
(/usr/local/texlive/2025/texmf-dist/tex/lualatex/lualatex-math/lualatex-math.st
y
Package: lualatex-math 2022/01/01 v1.12 Patches for mathematics typesetting wit
h LuaLaTeX
(/usr/local/texlive/2025/texmf-dist/tex/latex/etoolbox/etoolbox.sty
Package: etoolbox 2025/02/11 v2.5l e-TeX tools for LaTeX (JAW)
\etb@tempcnta=\count307
)
Lua module: lualatex-math 2013/08/03 v1.3 Patches for mathematics typesetting wi
th LuaLaTeX)
\g__um_fam_int=\count308
\g__um_fonts_used_int=\count309
\l__um_primecount_int=\count310
\g__um_primekern_muskip=\muskip18

(/usr/local/texlive/2025/texmf-dist/tex/latex/unicode-math/unicode-math-table.t
ex))) (/usr/local/texlive/2025/texmf-dist/tex/latex/lm/lmodern.sty
Package: lmodern 2015/05/01 v1.6.1 Latin Modern Fonts
LaTeX Font Info:    Overwriting symbol font `operators' in version `normal'
(Font)                  OT1/cmr/m/n --> OT1/lmr/m/n on input line 22.
LaTeX Font Info:    Overwriting symbol font `letters' in version `normal'
(Font)                  OML/cmm/m/it --> OML/lmm/m/it on input line 23.
LaTeX Font Info:    Overwriting symbol font `symbols' in version `normal'
(Font)                  OMS/cmsy/m/n --> OMS/lmsy/m/n on input line 24.
LaTeX Font Info:    Overwriting symbol font `largesymbols' in version `normal'
(Font)                  OMX/cmex/m/n --> OMX/lmex/m/n on input line 25.
LaTeX Font Info:    Overwriting symbol font `operators' in version `bold'
(Font)                  OT1/cmr/bx/n --> OT1/lmr/bx/n on input line 26.
LaTeX Font Info:    Overwriting symbol font `letters' in version `bold'
(Font)                  OML/cmm/b/it --> OML/lmm/b/it on input line 27.
LaTeX Font Info:    Overwriting symbol font `symbols' in version `bold'
(Font)                  OMS/cmsy/b/n --> OMS/lmsy/b/n on input line 28.
LaTeX Font Info:    Overwriting symbol font `largesymbols' in version `bold'
(Font)                  OMX/cmex/m/n --> OMX/lmex/m/n on input line 29.
LaTeX Font Info:    Overwriting math alphabet `\mathbf' in version `normal'
(Font)                  OT1/cmr/bx/n --> OT1/lmr/bx/n on input line 31.
LaTeX Font Info:    Overwriting math alphabet `\mathsf' in version `normal'
(Font)                  OT1/cmss/m/n --> OT1/lmss/m/n on input line 32.
LaTeX Font Info:    Overwriting math alphabet `\mathit' in version `normal'
(Font)                  OT1/cmr/m/it --> OT1/lmr/m/it on input line 33.
LaTeX Font Info:    Overwriting math alphabet `\mathtt' in version `normal'
(Font)                  OT1/cmtt/m/n --> OT1/lmtt/m/n on input line 34.
LaTeX Font Info:    Overwriting math alphabet `\mathbf' in version `bold'
(Font)                  OT1/cmr/bx/n --> OT1/lmr/bx/n on input line 35.
LaTeX Font Info:    Overwriting math alphabet `\mathsf' in version `bold'
(Font)                  OT1/cmss/bx/n --> OT1/lmss/bx/n on input line 36.
LaTeX Font Info:    Overwriting math alphabet `\mathit' in version `bold'
(Font)                  OT1/cmr/bx/it --> OT1/lmr/bx/it on input line 37.
LaTeX Font Info:    Overwriting math alphabet `\mathtt' in version `bold'
(Font)                  OT1/cmtt/m/n --> OT1/lmtt/m/n on input line 38.
) (/usr/local/texlive/2025/texmf-dist/tex/latex/upquote/upquote.sty
Package: upquote 2012/04/19 v1.3 upright-quote and grave-accent glyphs in verba
tim
(/usr/local/texlive/2025/texmf-dist/tex/latex/base/textcomp.sty
Package: textcomp 2024/04/24 v2.1b Standard LaTeX package
)) (/usr/local/texlive/2025/texmf-dist/tex/latex/microtype/microtype.sty
Package: microtype 2025/07/09 v3.2b Micro-typographical refinements (RS)
\MT@toks=\toks23
\MT@tempbox=\box57
\MT@count=\count311
LaTeX Info: Redefining \noprotrusionifhmode on input line 1087.
LaTeX Info: Redefining \leftprotrusion on input line 1088.
\MT@prot@toks=\toks24
LaTeX Info: Redefining \rightprotrusion on input line 1107.
LaTeX Info: Redefining \textls on input line 1449.
\MT@outer@kern=\dimen160
LaTeX Info: Redefining \microtypecontext on input line 2053.
LaTeX Info: Redefining \textmicrotypecontext on input line 2070.
\MT@listname@count=\count312
(/usr/local/texlive/2025/texmf-dist/tex/latex/microtype/microtype-luatex.def
File: microtype-luatex.def 2025/07/09 v3.2b Definitions specific to luatex (RS)

Lua module: microtype 2025/07/09 v3.2b microtype module.
Module microtype Info: overwriting function `keepligature' on input line 63
LaTeX Info: Redefining \lsstyle on input line 779.
LaTeX Info: Redefining \lslig on input line 779.
\MT@outer@space=\skip69
)
Package microtype Info: Loading configuration file microtype.cfg.
(/usr/local/texlive/2025/texmf-dist/tex/latex/microtype/microtype.cfg
File: microtype.cfg 2025/07/09 v3.2b microtype main configuration file (RS)
)
LaTeX Info: Redefining \microtypesetup on input line 3065.
) (/usr/local/texlive/2025/texmf-dist/tex/latex/fancyvrb/fancyvrb.sty
Package: fancyvrb 2025/07/28 4.6 verbatim text (tvz,hv)
\FV@CodeLineNo=\count313
\FV@InFile=\read2
\FV@TabBox=\box58
\c@FancyVerbLine=\count314
\FV@StepNumber=\count315
\FV@OutFile=\write3
) (/usr/local/texlive/2025/texmf-dist/tex/latex/framed/framed.sty
Package: framed 2011/10/22 v 0.96: framed or shaded text with page breaks
\OuterFrameSep=\skip70
\fb@frw=\dimen161
\fb@frh=\dimen162
\FrameRule=\dimen163
\FrameSep=\dimen164
) (/usr/local/texlive/2025/texmf-dist/tex/latex/tools/longtable.sty
Package: longtable 2024-12-18 v4.23 Multi-page Table package (DPC)
\LTleft=\skip71
\LTright=\skip72
\LTpre=\skip73
\LTpost=\skip74
\LTchunksize=\count316
\LTcapwidth=\dimen165
\LT@head=\box59
\LT@firsthead=\box60
\LT@foot=\box61
\LT@lastfoot=\box62
\LT@gbox=\box63
\LT@cols=\count317
\LT@rows=\count318
\c@LT@tables=\count319
\c@LT@chunks=\count320
\LT@p@ftn=\toks25
)
Class scrreprt Info: longtable captions redefined on input line 110.
(/usr/local/texlive/2025/texmf-dist/tex/latex/booktabs/booktabs.sty
Package: booktabs 2020/01/12 v1.61803398 Publication quality tables
\heavyrulewidth=\dimen166
\lightrulewidth=\dimen167
\cmidrulewidth=\dimen168
\belowrulesep=\dimen169
\belowbottomsep=\dimen170
\aboverulesep=\dimen171
\abovetopsep=\dimen172
\cmidrulesep=\dimen173
\cmidrulekern=\dimen174
\defaultaddspace=\dimen175
\@cmidla=\count321
\@cmidlb=\count322
\@aboverulesep=\dimen176
\@belowrulesep=\dimen177
\@thisruleclass=\count323
\@lastruleclass=\count324
\@thisrulewidth=\dimen178
) (/usr/local/texlive/2025/texmf-dist/tex/latex/tools/array.sty
Package: array 2025/06/08 v2.6j Tabular extension package (FMi)
\col@sep=\dimen179
\ar@mcellbox=\box64
\extrarowheight=\dimen180
\NC@list=\toks26
\extratabsurround=\skip75
\backup@length=\skip76
\ar@cellbox=\box65
)
\c@none=\count325
(/usr/local/texlive/2025/texmf-dist/tex/latex/tools/calc.sty
Package: calc 2025/03/01 v4.3b Infix arithmetic (KKT,FJ)
\calc@Acount=\count326
\calc@Bcount=\count327
\calc@Adimen=\dimen181
\calc@Bdimen=\dimen182
\calc@Askip=\skip77
\calc@Bskip=\skip78
LaTeX Info: Redefining \setlength on input line 86.
LaTeX Info: Redefining \addtolength on input line 87.
\calc@Ccount=\count328
\calc@Cskip=\skip79
) (/usr/local/texlive/2025/texmf-dist/tex/latex/footnotehyper/footnotehyper.sty
Package: footnotehyper 2021/08/13 v1.1e hyperref aware footnote.sty (JFB)
\FNH@notes=\box66
\FNH@width=\dimen183
\FNH@toks=\toks27
) (/usr/local/texlive/2025/texmf-dist/tex/latex/graphics/graphicx.sty
Package: graphicx 2024/12/31 v1.2e Enhanced LaTeX Graphics (DPC,SPQR)
(/usr/local/texlive/2025/texmf-dist/tex/latex/graphics/graphics.sty
Package: graphics 2024/08/06 v1.4g Standard LaTeX Graphics (DPC,SPQR)
(/usr/local/texlive/2025/texmf-dist/tex/latex/graphics/trig.sty
Package: trig 2023/12/02 v1.11 sin cos tan (DPC)
) (/usr/local/texlive/2025/texmf-dist/tex/latex/graphics-cfg/graphics.cfg
File: graphics.cfg 2016/06/04 v1.11 sample graphics configuration
)
Package graphics Info: Driver file: luatex.def on input line 106.
)
\Gin@req@height=\dimen184
\Gin@req@width=\dimen185
)
\pandoc@box=\box67
\cslhangindent=\skip80
\csllabelwidth=\skip81
(/usr/local/texlive/2025/texmf-dist/tex/latex/bookmark/bookmark.sty
Package: bookmark 2023-12-10 v1.31 PDF bookmarks (HO)
(/usr/local/texlive/2025/texmf-dist/tex/latex/hyperref/hyperref.sty
Package: hyperref 2025-07-12 v7.01o Hypertext links for LaTeX
(/usr/local/texlive/2025/texmf-dist/tex/latex/kvsetkeys/kvsetkeys.sty
Package: kvsetkeys 2022-10-05 v1.19 Key value parser (HO)
) (/usr/local/texlive/2025/texmf-dist/tex/generic/kvdefinekeys/kvdefinekeys.sty
Package: kvdefinekeys 2019-12-19 v1.6 Define keys (HO)
) (/usr/local/texlive/2025/texmf-dist/tex/generic/pdfescape/pdfescape.sty
Package: pdfescape 2019/12/09 v1.15 Implements pdfTeX's escape features (HO)
(/usr/local/texlive/2025/texmf-dist/tex/generic/ltxcmds/ltxcmds.sty
Package: ltxcmds 2023-12-04 v1.26 LaTeX kernel commands for general use (HO)
) (/usr/local/texlive/2025/texmf-dist/tex/generic/pdftexcmds/pdftexcmds.sty
Package: pdftexcmds 2020-06-27 v0.33 Utility functions of pdfTeX for LuaTeX (HO
)
(/usr/local/texlive/2025/texmf-dist/tex/generic/infwarerr/infwarerr.sty
Package: infwarerr 2019/12/03 v1.5 Providing info/warning/error messages (HO)
)
Package pdftexcmds Info: \pdf@primitive is available.
Package pdftexcmds Info: \pdf@ifprimitive is available.
Package pdftexcmds Info: \pdfdraftmode found.
\pdftexcmds@toks=\toks28
)) (/usr/local/texlive/2025/texmf-dist/tex/latex/hycolor/hycolor.sty
Package: hycolor 2020-01-27 v1.10 Color options for hyperref/bookmark (HO)
) (/usr/local/texlive/2025/texmf-dist/tex/latex/hyperref/nameref.sty
Package: nameref 2025-06-21 v2.57 Cross-referencing by name of section
(/usr/local/texlive/2025/texmf-dist/tex/latex/refcount/refcount.sty
Package: refcount 2019/12/15 v3.6 Data extraction from label references (HO)
)
(/usr/local/texlive/2025/texmf-dist/tex/generic/gettitlestring/gettitlestring.s
ty
Package: gettitlestring 2019/12/15 v1.6 Cleanup title references (HO)
(/usr/local/texlive/2025/texmf-dist/tex/latex/kvoptions/kvoptions.sty
Package: kvoptions 2022-06-15 v3.15 Key value format for package options (HO)
))
\c@section@level=\count329
) (/usr/local/texlive/2025/texmf-dist/tex/generic/stringenc/stringenc.sty
Package: stringenc 2019/11/29 v1.12 Convert strings between diff. encodings (HO
)
)
\@linkdim=\dimen186
\Hy@linkcounter=\count330
\Hy@pagecounter=\count331
(/usr/local/texlive/2025/texmf-dist/tex/latex/hyperref/pd1enc.def
File: pd1enc.def 2025-07-12 v7.01o Hyperref: PDFDocEncoding definition (HO)
) (/usr/local/texlive/2025/texmf-dist/tex/generic/intcalc/intcalc.sty
Package: intcalc 2019/12/15 v1.3 Expandable calculations with integers (HO)
)
\Hy@SavedSpaceFactor=\count332
(/usr/local/texlive/2025/texmf-dist/tex/latex/hyperref/puenc.def
File: puenc.def 2025-07-12 v7.01o Hyperref: PDF Unicode definition (HO)
)
Package hyperref Info: Option `unicode' set `true' on input line 4066.
Package hyperref Info: Hyper figures OFF on input line 4195.
Package hyperref Info: Link nesting OFF on input line 4200.
Package hyperref Info: Hyper index ON on input line 4203.
Package hyperref Info: Plain pages OFF on input line 4210.
Package hyperref Info: Backreferencing OFF on input line 4215.
Package hyperref Info: Implicit mode ON; LaTeX internals redefined.
Package hyperref Info: Bookmarks ON on input line 4462.
\c@Hy@tempcnt=\count333
(/usr/local/texlive/2025/texmf-dist/tex/latex/url/url.sty
\Urlmuskip=\muskip19
Package: url 2013/09/16  ver 3.4  Verb mode for urls, etc.
)
LaTeX Info: Redefining \url on input line 4801.
\XeTeXLinkMargin=\dimen187
(/usr/local/texlive/2025/texmf-dist/tex/generic/bitset/bitset.sty
Package: bitset 2019/12/09 v1.3 Handle bit-vector datatype (HO)
(/usr/local/texlive/2025/texmf-dist/tex/generic/bigintcalc/bigintcalc.sty
Package: bigintcalc 2019/12/15 v1.5 Expandable calculations on big integers (HO
)
))
\Fld@menulength=\count334
\Field@Width=\dimen188
\Fld@charsize=\dimen189
Package hyperref Info: Hyper figures OFF on input line 6078.
Package hyperref Info: Link nesting OFF on input line 6083.
Package hyperref Info: Hyper index ON on input line 6086.
Package hyperref Info: backreferencing OFF on input line 6093.
Package hyperref Info: Link coloring OFF on input line 6098.
Package hyperref Info: Link coloring with OCG OFF on input line 6103.
Package hyperref Info: PDF/A mode OFF on input line 6108.
\Hy@abspage=\count335
\c@Item=\count336
\c@Hfootnote=\count337
)
Package hyperref Info: Driver (autodetected): hluatex.
(/usr/local/texlive/2025/texmf-dist/tex/latex/hyperref/hluatex.def
File: hluatex.def 2025-07-12 v7.01o Hyperref driver for luaTeX
\Fld@listcount=\count338
\c@bookmark@seq@number=\count339

(/usr/local/texlive/2025/texmf-dist/tex/latex/rerunfilecheck/rerunfilecheck.sty
Package: rerunfilecheck 2025-06-21 v1.11 Rerun checks for auxiliary files (HO)

(/usr/local/texlive/2025/texmf-dist/tex/generic/uniquecounter/uniquecounter.sty
Package: uniquecounter 2019/12/15 v1.4 Provide unlimited unique counter (HO)
)
Package uniquecounter Info: New unique counter `rerunfilecheck' on input line 2
84.
)
\Hy@SectionHShift=\skip82
) (/usr/local/texlive/2025/texmf-dist/tex/latex/bookmark/bkm-pdftex.def
File: bkm-pdftex.def 2023-12-10 v1.31 bookmark driver for pdfTeX and luaTeX (HO
)
\BKM@id=\count340
)) (/usr/local/texlive/2025/texmf-dist/tex/latex/caption/caption.sty
Package: caption 2023/08/05 v3.6o Customizing captions (AR)
(/usr/local/texlive/2025/texmf-dist/tex/latex/caption/caption3.sty
Package: caption3 2023/07/31 v2.4d caption3 kernel (AR)
\caption@tempdima=\dimen190
\captionmargin=\dimen191
\caption@leftmargin=\dimen192
\caption@rightmargin=\dimen193
\caption@width=\dimen194
\caption@indent=\dimen195
\caption@parindent=\dimen196
\caption@hangindent=\dimen197
Package caption Info: Unknown document class (or package),
(caption)             standard defaults will be used.
Package caption Info: \@makecaption = \long macro:#1#2->\@abovecaptionbreak \vs
kip \abovecaptionskip \@abovecaptionbreak \@@makecaption \@firstofone {#1}{#2}\
@belowcaptionbreak \vskip \belowcaptionskip \@belowcaptionbreak  on input line 
1175.
)

Package caption Warning: Unknown document class (or package),
(caption)                standard defaults will be used.
See the caption package documentation for explanation.

\c@caption@flags=\count341
\c@continuedfloat=\count342
Package caption Info: hyperref package is loaded.
Package caption Info: longtable package is loaded.
(/usr/local/texlive/2025/texmf-dist/tex/latex/caption/ltcaption.sty
Package: ltcaption 2021/01/08 v1.4c longtable captions (AR)
)) (/usr/local/texlive/2025/texmf-dist/tex/latex/float/float.sty
Package: float 2001/11/08 v1.3d Float enhancements (AL)
\c@float@type=\count343
\float@exts=\toks29
\float@box=\box68
\@float@everytoks=\toks30
\@floatcapt=\box69
)
\@float@every@codelisting=\toks31
\c@codelisting=\count344
(/usr/local/texlive/2025/texmf-dist/tex/latex/caption/subcaption.sty
Package: subcaption 2023/07/28 v1.6b Sub-captions (AR)
Package caption Info: New subtype `subfigure' on input line 238.
\c@subfigure=\count345
Package caption Info: New subtype `subtable' on input line 238.
\c@subtable=\count346
) (/usr/local/texlive/2025/texmf-dist/tex/latex/xurl/xurl.sty
Package: xurl 2022/01/09 v 0.10 modify URL breaks
)
Package hyperref Info: Option `colorlinks' set `true' on input line 243.
No file index.aux.

\openout1 = index.aux
LaTeX Font Info:    Checking defaults for OML/cmm/m/it on input line 249.
LaTeX Font Info:    ... okay on input line 249.
LaTeX Font Info:    Checking defaults for OMS/cmsy/m/n on input line 249.
LaTeX Font Info:    ... okay on input line 249.
LaTeX Font Info:    Checking defaults for OT1/cmr/m/n on input line 249.
LaTeX Font Info:    ... okay on input line 249.
LaTeX Font Info:    Checking defaults for T1/cmr/m/n on input line 249.
LaTeX Font Info:    ... okay on input line 249.
LaTeX Font Info:    Checking defaults for TS1/cmr/m/n on input line 249.
LaTeX Font Info:    ... okay on input line 249.
LaTeX Font Info:    Checking defaults for TU/lmr/m/n on input line 249.
LaTeX Font Info:    ... okay on input line 249.
LaTeX Font Info:    Checking defaults for OMX/cmex/m/n on input line 249.
LaTeX Font Info:    ... okay on input line 249.
LaTeX Font Info:    Checking defaults for U/cmr/m/n on input line 249.
LaTeX Font Info:    ... okay on input line 249.
LaTeX Font Info:    Checking defaults for PD1/pdf/m/n on input line 249.
LaTeX Font Info:    ... okay on input line 249.
LaTeX Font Info:    Checking defaults for PU/pdf/m/n on input line 249.
LaTeX Font Info:    ... okay on input line 249.
Package scrbase Info: activating english \abstractname on input line 249.
Package scrbase Info: activating english \partname on input line 249.
Package scrbase Info: activating english \chaptername on input line 249.
Package scrbase Info: activating english \appendixname on input line 249.
Package scrbase Info: activating english \figurename on input line 249.
Package scrbase Info: activating english \tablename on input line 249.
Package scrbase Info: activating english \contentsname on input line 249.
Package scrbase Info: activating english \listfigurename on input line 249.
Package scrbase Info: activating english \listtablename on input line 249.
Package scrbase Info: activating english \bibname on input line 249.
Package scrbase Info: activating english \indexname on input line 249.
(/usr/local/texlive/2025/texmf-dist/tex/context/base/mkii/supp-pdf.mkii
[Loading MPS to PDF converter (version 2006.09.02).]
\scratchcounter=\count347
\scratchdimen=\dimen198
\scratchbox=\box70
\nofMPsegments=\count348
\nofMParguments=\count349
\everyMPshowfont=\toks32
\MPscratchCnt=\count350
\MPscratchDim=\dimen199
\MPnumerator=\count351
\makeMPintoPDFobject=\count352
\everyMPtoPDFconversion=\toks33
) (/usr/local/texlive/2025/texmf-dist/tex/latex/epstopdf-pkg/epstopdf-base.sty
Package: epstopdf-base 2020-01-24 v2.11 Base part for package epstopdf
Package epstopdf-base Info: Redefining graphics rule for `.eps' on input line 4
85.
(/usr/local/texlive/2025/texmf-dist/tex/latex/latexconfig/epstopdf-sys.cfg
File: epstopdf-sys.cfg 2010/07/13 v1.3 Configuration of (r)epstopdf for TeX Liv
e
))
LaTeX Font Info:    Overwriting math alphabet `\mathrm' in version `normal'
(Font)                  OT1/lmr/m/n --> TU/lmr/m/n on input line 249.
LaTeX Font Info:    Overwriting math alphabet `\mathit' in version `normal'
(Font)                  OT1/lmr/m/it --> TU/lmr/m/it on input line 249.
LaTeX Font Info:    Overwriting math alphabet `\mathbf' in version `normal'
(Font)                  OT1/lmr/bx/n --> TU/lmr/bx/n on input line 249.
LaTeX Font Info:    Overwriting math alphabet `\mathsf' in version `normal'
(Font)                  OT1/lmss/m/n --> TU/lmss/m/n on input line 249.
LaTeX Font Info:    Overwriting math alphabet `\mathsf' in version `bold'
(Font)                  OT1/lmss/bx/n --> TU/lmss/bx/n on input line 249.
LaTeX Font Info:    Overwriting math alphabet `\mathtt' in version `normal'
(Font)                  OT1/lmtt/m/n --> TU/lmtt/m/n on input line 249.
LaTeX Font Info:    Overwriting math alphabet `\mathtt' in version `bold'
(Font)                  OT1/lmtt/m/n --> TU/lmtt/bx/n on input line 249.

Package fontspec Info: 
(fontspec)             latinmodern-math scale = 0.9999967668407183.


Package fontspec Info: 
(fontspec)             latinmodern-math scale = 0.9999967668407183.


Package fontspec Info: 
(fontspec)             latinmodern-math scale = 0.9999967668407183.


Package fontspec Info: 
(fontspec)             Font family 'latinmodern-math.otf(0)' created for font
(fontspec)             'latinmodern-math.otf' with options
(fontspec)             [Scale=MatchLowercase,Renderer=Basic,BoldItalicFont={},I
talicFont={},SmallCapsFont={},Script=Math,RawFeature={mathfontdimen=xetex},Bold
Font={latinmodern-math.otf}].
(fontspec)              
(fontspec)              This font family consists of the following NFSS
(fontspec)             series/shapes:
(fontspec)              
(fontspec)             - 'normal' (m/n) with NFSS spec.:
(fontspec)             <->s*[0.9999967668407183]"[latinmodern-math.otf]:mode=ba
se;script=math;language=dflt;mathfontdimen=xetex;"
(fontspec)             - 'bold' (b/n) with NFSS spec.:
(fontspec)             <->s*[0.9999967668407183]"[latinmodern-math.otf]:mode=ba
se;script=math;language=dflt;mathfontdimen=xetex;"

LaTeX Font Info:    Font shape `TU/latinmodern-math.otf(0)/m/n' will be
(Font)              scaled to size 10.95pt on input line 249.

Package fontspec Info: 
(fontspec)             latinmodern-math scale = 0.9999967668407183.


Package fontspec Info: 
(fontspec)             latinmodern-math scale = 0.9999967668407183.


Package fontspec Info: 
(fontspec)             latinmodern-math scale = 0.9999967668407183.


Package fontspec Info: 
(fontspec)             latinmodern-math scale = 0.9999967668407183.


Package fontspec Info: 
(fontspec)             latinmodern-math scale = 0.9999967668407183.


Package fontspec Info: 
(fontspec)             Font family 'latinmodern-math.otf(1)' created for font
(fontspec)             'latinmodern-math.otf' with options
(fontspec)             [Scale=MatchLowercase,Renderer=Basic,BoldItalicFont={},I
talicFont={},SmallCapsFont={},Script=Math,SizeFeatures={{Size=9.3075-},{Size=6.
57-9.3075,Font=latinmodern-math.otf,Style=MathScript},{Size=-6.57,Font=latinmod
ern-math.otf,Style=MathScriptScript}},RawFeature={mathfontdimen=xetex},BoldFont
={latinmodern-math.otf}].
(fontspec)              
(fontspec)              This font family consists of the following NFSS
(fontspec)             series/shapes:
(fontspec)              
(fontspec)             - 'normal' (m/n) with NFSS spec.:
(fontspec)             <9.3075->s*[0.9999967668407183]"[latinmodern-math.otf]:m
ode=base;script=math;language=dflt;mathfontdimen=xetex;"<6.57-9.3075>s*[0.99999
67668407183]"[latinmodern-math.otf]:mode=base;script=math;language=dflt;mathfon
tdimen=xetex;+ssty=0;"<-6.57>s*[0.9999967668407183]"[latinmodern-math.otf]:mode
=base;script=math;language=dflt;mathfontdimen=xetex;+ssty=1;"
(fontspec)             - 'bold' (b/n) with NFSS spec.:
(fontspec)             <->s*[0.9999967668407183]"[latinmodern-math.otf]:mode=ba
se;script=math;language=dflt;mathfontdimen=xetex;"

LaTeX Font Info:    Font shape `TU/latinmodern-math.otf(1)/m/n' will be
(Font)              scaled to size 10.95pt on input line 249.
LaTeX Font Info:    Encoding `OT1' has changed to `TU' for symbol font
(Font)              `operators' in the math version `normal' on input line 249.

LaTeX Font Info:    Overwriting symbol font `operators' in version `normal'
(Font)                  OT1/lmr/m/n --> TU/latinmodern-math.otf(1)/m/n on input
 line 249.
LaTeX Font Info:    Encoding `OT1' has changed to `TU' for symbol font
(Font)              `operators' in the math version `bold' on input line 249.
LaTeX Font Info:    Overwriting symbol font `operators' in version `bold'
(Font)                  OT1/lmr/bx/n --> TU/latinmodern-math.otf(1)/b/n on inpu
t line 249.

Package fontspec Info: 
(fontspec)             latinmodern-math scale = 0.9999967668407183.


Package fontspec Info: 
(fontspec)             latinmodern-math scale = 0.9999967668407183.


Package fontspec Info: 
(fontspec)             latinmodern-math scale = 0.9999967668407183.


Package fontspec Info: 
(fontspec)             latinmodern-math scale = 0.9999967668407183.


Package fontspec Info: 
(fontspec)             latinmodern-math scale = 0.9999967668407183.


Package fontspec Info: 
(fontspec)             Font family 'latinmodern-math.otf(2)' created for font
(fontspec)             'latinmodern-math.otf' with options
(fontspec)             [Scale=MatchLowercase,Renderer=Basic,BoldItalicFont={},I
talicFont={},SmallCapsFont={},Script=Math,SizeFeatures={{Size=9.3075-},{Size=6.
57-9.3075,Font=latinmodern-math.otf,Style=MathScript},{Size=-6.57,Font=latinmod
ern-math.otf,Style=MathScriptScript}},RawFeature={mathfontdimen=xetex},BoldFont
={latinmodern-math.otf},RawFeature={mathfontdimen=tex2}].
(fontspec)              
(fontspec)              This font family consists of the following NFSS
(fontspec)             series/shapes:
(fontspec)              
(fontspec)             - 'normal' (m/n) with NFSS spec.:
(fontspec)             <9.3075->s*[0.9999967668407183]"[latinmodern-math.otf]:m
ode=base;script=math;language=dflt;mathfontdimen=xetex;mathfontdimen=tex2;"<6.5
7-9.3075>s*[0.9999967668407183]"[latinmodern-math.otf]:mode=base;script=math;la
nguage=dflt;mathfontdimen=xetex;mathfontdimen=tex2;+ssty=0;"<-6.57>s*[0.9999967
668407183]"[latinmodern-math.otf]:mode=base;script=math;language=dflt;mathfontd
imen=xetex;mathfontdimen=tex2;+ssty=1;"
(fontspec)             - 'bold' (b/n) with NFSS spec.:
(fontspec)             <->s*[0.9999967668407183]"[latinmodern-math.otf]:mode=ba
se;script=math;language=dflt;mathfontdimen=xetex;mathfontdimen=tex2;"

LaTeX Font Info:    Encoding `OMS' has changed to `TU' for symbol font
(Font)              `symbols' in the math version `normal' on input line 249.
LaTeX Font Info:    Overwriting symbol font `symbols' in version `normal'
(Font)                  OMS/lmsy/m/n --> TU/latinmodern-math.otf(2)/m/n on inpu
t line 249.
LaTeX Font Info:    Encoding `OMS' has changed to `TU' for symbol font
(Font)              `symbols' in the math version `bold' on input line 249.
LaTeX Font Info:    Overwriting symbol font `symbols' in version `bold'
(Font)                  OMS/lmsy/b/n --> TU/latinmodern-math.otf(2)/b/n on inpu
t line 249.

Package fontspec Info: 
(fontspec)             latinmodern-math scale = 0.9999967668407183.


Package fontspec Info: 
(fontspec)             latinmodern-math scale = 0.9999967668407183.


Package fontspec Info: 
(fontspec)             latinmodern-math scale = 0.9999967668407183.


Package fontspec Info: 
(fontspec)             latinmodern-math scale = 0.9999967668407183.


Package fontspec Info: 
(fontspec)             latinmodern-math scale = 0.9999967668407183.


Package fontspec Info: 
(fontspec)             Font family 'latinmodern-math.otf(3)' created for font
(fontspec)             'latinmodern-math.otf' with options
(fontspec)             [Scale=MatchLowercase,Renderer=Basic,BoldItalicFont={},I
talicFont={},SmallCapsFont={},Script=Math,SizeFeatures={{Size=9.3075-},{Size=6.
57-9.3075,Font=latinmodern-math.otf,Style=MathScript},{Size=-6.57,Font=latinmod
ern-math.otf,Style=MathScriptScript}},RawFeature={mathfontdimen=xetex},BoldFont
={latinmodern-math.otf},RawFeature={mathfontdimen=tex3}].
(fontspec)              
(fontspec)              This font family consists of the following NFSS
(fontspec)             series/shapes:
(fontspec)              
(fontspec)             - 'normal' (m/n) with NFSS spec.:
(fontspec)             <9.3075->s*[0.9999967668407183]"[latinmodern-math.otf]:m
ode=base;script=math;language=dflt;mathfontdimen=xetex;mathfontdimen=tex3;"<6.5
7-9.3075>s*[0.9999967668407183]"[latinmodern-math.otf]:mode=base;script=math;la
nguage=dflt;mathfontdimen=xetex;mathfontdimen=tex3;+ssty=0;"<-6.57>s*[0.9999967
668407183]"[latinmodern-math.otf]:mode=base;script=math;language=dflt;mathfontd
imen=xetex;mathfontdimen=tex3;+ssty=1;"
(fontspec)             - 'bold' (b/n) with NFSS spec.:
(fontspec)             <->s*[0.9999967668407183]"[latinmodern-math.otf]:mode=ba
se;script=math;language=dflt;mathfontdimen=xetex;mathfontdimen=tex3;"

LaTeX Font Info:    Encoding `OMX' has changed to `TU' for symbol font
(Font)              `largesymbols' in the math version `normal' on input line 2
49.
LaTeX Font Info:    Overwriting symbol font `largesymbols' in version `normal'
(Font)                  OMX/lmex/m/n --> TU/latinmodern-math.otf(3)/m/n on inpu
t line 249.
LaTeX Font Info:    Encoding `OMX' has changed to `TU' for symbol font
(Font)              `largesymbols' in the math version `bold' on input line 249
.
LaTeX Font Info:    Overwriting symbol font `largesymbols' in version `bold'
(Font)                  OMX/lmex/m/n --> TU/latinmodern-math.otf(3)/b/n on inpu
t line 249.
LaTeX Font Info:    Font shape `TU/latinmodern-math.otf(1)/m/n' will be
(Font)              scaled to size 7.665pt on input line 249.
LaTeX Font Info:    Font shape `TU/latinmodern-math.otf(1)/m/n' will be
(Font)              scaled to size 5.475pt on input line 249.
LaTeX Font Info:    Trying to load font information for OML+lmm on input line 2
49.
(/usr/local/texlive/2025/texmf-dist/tex/latex/lm/omllmm.fd
File: omllmm.fd 2015/05/01 v1.6.1 Font defs for Latin Modern
)
LaTeX Font Info:    Font shape `TU/latinmodern-math.otf(2)/m/n' will be
(Font)              scaled to size 10.95pt on input line 249.
LaTeX Font Info:    Font shape `TU/latinmodern-math.otf(2)/m/n' will be
(Font)              scaled to size 7.665pt on input line 249.
LaTeX Font Info:    Font shape `TU/latinmodern-math.otf(2)/m/n' will be
(Font)              scaled to size 5.475pt on input line 249.
LaTeX Font Info:    Font shape `TU/latinmodern-math.otf(3)/m/n' will be
(Font)              scaled to size 10.95pt on input line 249.
LaTeX Font Info:    Font shape `TU/latinmodern-math.otf(3)/m/n' will be
(Font)              scaled to size 7.665pt on input line 249.
LaTeX Font Info:    Font shape `TU/latinmodern-math.otf(3)/m/n' will be
(Font)              scaled to size 5.475pt on input line 249.
LaTeX Font Info:    Trying to load font information for U+msa on input line 249
.
(/usr/local/texlive/2025/texmf-dist/tex/latex/amsfonts/umsa.fd
File: umsa.fd 2013/01/14 v3.01 AMS symbols A
)
LaTeX Font Info:    Trying to load font information for U+msb on input line 249
.
(/usr/local/texlive/2025/texmf-dist/tex/latex/amsfonts/umsb.fd
File: umsb.fd 2013/01/14 v3.01 AMS symbols B
)
LaTeX Info: Redefining \microtypecontext on input line 249.
Package microtype Info: Applying patch `item' on input line 249.
Package microtype Info: Applying patch `toc' on input line 249.
Package microtype Info: Applying patch `eqnum' on input line 249.
Package microtype Info: Applying patch `footnote' on input line 249.
Package microtype Info: Applying patch `verbatim' on input line 249.
LaTeX Info: Redefining \microtypesetup on input line 249.
Package microtype Info: Generating PDF output.
Package microtype Info: Character protrusion enabled (level 2).
Package microtype Info: Using protrusion set `basicmath'.
Package microtype Info: Automatic font expansion enabled (level 2),
(microtype)             stretch: 20, shrink: 20, step: 1, non-selected.
Package microtype Info: Using default expansion set `alltext-nott'.
Package microtype Info: Patching command `\showhyphens'.
Package microtype Info: No adjustment of tracking.
Package microtype Info: No adjustment of spacing.
Package microtype Info: No adjustment of kerning.

(/usr/local/texlive/2025/texmf-dist/tex/latex/microtype/mt-LatinModernRoman.cfg
File: mt-LatinModernRoman.cfg 2021/02/21 v1.1 microtype config. file: Latin Mod
ern Roman (RS)
)
Package hyperref Info: Link coloring ON on input line 249.
Package caption Info: Begin \AtBeginDocument code.
Package caption Info: float package is loaded.
Package caption Info: End \AtBeginDocument code.
Package microtype Info: Loading generic protrusion settings for font family
(microtype)             `lmss' (encoding: TU).
(microtype)             For optimal results, create family-specific settings.
(microtype)             See the microtype manual for details.
LaTeX Font Info:    Font shape `TU/latinmodern-math.otf(1)/m/n' will be
(Font)              scaled to size 14.4pt on input line 251.
LaTeX Font Info:    Font shape `TU/latinmodern-math.otf(1)/m/n' will be
(Font)              scaled to size 10.0pt on input line 251.
LaTeX Font Info:    Font shape `TU/latinmodern-math.otf(1)/m/n' will be
(Font)              scaled to size 7.0pt on input line 251.
LaTeX Font Info:    Font shape `TU/latinmodern-math.otf(2)/m/n' will be
(Font)              scaled to size 14.4pt on input line 251.
LaTeX Font Info:    Font shape `TU/latinmodern-math.otf(2)/m/n' will be
(Font)              scaled to size 10.0pt on input line 251.
LaTeX Font Info:    Font shape `TU/latinmodern-math.otf(2)/m/n' will be
(Font)              scaled to size 7.0pt on input line 251.
LaTeX Font Info:    Font shape `TU/latinmodern-math.otf(3)/m/n' will be
(Font)              scaled to size 14.4pt on input line 251.
LaTeX Font Info:    Font shape `TU/latinmodern-math.otf(3)/m/n' will be
(Font)              scaled to size 10.0pt on input line 251.
LaTeX Font Info:    Font shape `TU/latinmodern-math.otf(3)/m/n' will be
(Font)              scaled to size 7.0pt on input line 251.
(/usr/local/texlive/2025/texmf-dist/tex/latex/microtype/mt-msa.cfg
File: mt-msa.cfg 2006/02/04 v1.1 microtype config. file: AMS symbols (a) (RS)
) (/usr/local/texlive/2025/texmf-dist/tex/latex/microtype/mt-msb.cfg
File: mt-msb.cfg 2005/06/01 v1.0 microtype config. file: AMS symbols (b) (RS)
)
Missing character: There is no 유 (U+C720) in font [lmroman12-regular]:+tlig;!
Missing character: There is no 윤 (U+C724) in font [lmroman12-regular]:+tlig;!
Missing character: There is no 임 (U+C784) in font [lmroman12-regular]:+tlig;!


[1



{/usr/local/texlive/2025/texmf-var/fonts/map/pdftex/updmap/pdftex.map}
Missing character: There is no 유 (U+C720) in font [lmroman12-regular]:+tlig;!
Missing character: There is no 윤 (U+C724) in font [lmroman12-regular]:+tlig;!
Missing character: There is no 임 (U+C784) in font [lmroman12-regular]:+tlig;!
]
Package tocbasic Info: character protrusion at toc deactivated on input line 25
5.
No file index.toc.
\tf@toc=\write4

\openout4 = index.toc


[2

]
Missing character: There is no 본 (U+BCF8) in font [lmroman10-regular]:+tlig;!
Missing character: There is no 튜 (U+D29C) in font [lmroman10-regular]:+tlig;!
Missing character: There is no 토 (U+D1A0) in font [lmroman10-regular]:+tlig;!
Missing character: There is no 리 (U+B9AC) in font [lmroman10-regular]:+tlig;!
Missing character: There is no 얼 (U+C5BC) in font [lmroman10-regular]:+tlig;!
Missing character: There is no 은 (U+C740) in font [lmroman10-regular]:+tlig;!
Missing character: There is no 년 (U+B144) in font [lmroman10-regular]:+tlig;!
Missing character: There is no 한 (U+D55C) in font [lmroman10-regular]:+tlig;!
Missing character: There is no 양 (U+C591) in font [lmroman10-regular]:+tlig;!
Missing character: There is no 대 (U+B300) in font [lmroman10-regular]:+tlig;!
Missing character: There is no 학 (U+D559) in font [lmroman10-regular]:+tlig;!
Missing character: There is no 교 (U+AD50) in font [lmroman10-regular]:+tlig;!
Missing character: There is no 에 (U+C5D0) in font [lmroman10-regular]:+tlig;!
Missing character: There is no 서 (U+C11C) in font [lmroman10-regular]:+tlig;!
Missing character: There is no 고 (U+ACE0) in font [lmroman10-regular]:+tlig;!
Missing character: There is no 준 (U+C900) in font [lmroman10-regular]:+tlig;!
Missing character: There is no 호 (U+D638) in font [lmroman10-regular]:+tlig;!
Missing character: There is no 교 (U+AD50) in font [lmroman10-regular]:+tlig;!
Missing character: There is no 수 (U+C218) in font [lmroman10-regular]:+tlig;!
Missing character: There is no 님 (U+B2D8) in font [lmroman10-regular]:+tlig;!
Missing character: There is no 이 (U+C774) in font [lmroman10-regular]:+tlig;!
Missing character: There is no 강 (U+AC15) in font [lmroman10-regular]:+tlig;!
Missing character: There is no 의 (U+C758) in font [lmroman10-regular]:+tlig;!
Missing character: There is no 하 (U+D558) in font [lmroman10-regular]:+tlig;!
Missing character: There is no 시 (U+C2DC) in font [lmroman10-regular]:+tlig;!
Missing character: There is no 는 (U+B294) in font [lmroman10-regular]:+tlig;!
Missing character: There is no 교 (U+AD50) in font [lmroman10-regular]:+tlig;!
Missing character: There is no 통 (U+D1B5) in font [lmroman10-regular]:+tlig;!
Missing character: There is no 공 (U+ACF5) in font [lmroman10-regular]:+tlig;!
Missing character: There is no 학 (U+D559) in font [lmroman10-regular]:+tlig;!
Missing character: There is no 수 (U+C218) in font [lmroman10-regular]:+tlig;!
Missing character: There is no 업 (U+C5C5) in font [lmroman10-regular]:+tlig;!
Missing character: There is no 중 (U+C911) in font [lmroman10-regular]:+tlig;!
Missing character: There is no 실 (U+C2E4) in font [lmroman10-regular]:+tlig;!
Missing character: There is no 습 (U+C2B5) in font [lmroman10-regular]:+tlig;!
Missing character: There is no 을 (U+C744) in font [lmroman10-regular]:+tlig;!
Missing character: There is no 위 (U+C704) in font [lmroman10-regular]:+tlig;!
Missing character: There is no 해 (U+D574) in font [lmroman10-regular]:+tlig;!
Missing character: There is no 작 (U+C791) in font [lmroman10-regular]:+tlig;!
Missing character: There is no 성 (U+C131) in font [lmroman10-regular]:+tlig;!
Missing character: There is no 되 (U+B418) in font [lmroman10-regular]:+tlig;!
Missing character: There is no 었 (U+C5C8) in font [lmroman10-regular]:+tlig;!
Missing character: There is no 습 (U+C2B5) in font [lmroman10-regular]:+tlig;!
Missing character: There is no 니 (U+B2C8) in font [lmroman10-regular]:+tlig;!
Missing character: There is no 다 (U+B2E4) in font [lmroman10-regular]:+tlig;!
Missing character: There is no 본 (U+BCF8) in font [lmroman10-regular]:+tlig;!
Missing character: There is no 튜 (U+D29C) in font [lmroman10-regular]:+tlig;!
Missing character: There is no 토 (U+D1A0) in font [lmroman10-regular]:+tlig;!
Missing character: There is no 리 (U+B9AC) in font [lmroman10-regular]:+tlig;!
Missing character: There is no 얼 (U+C5BC) in font [lmroman10-regular]:+tlig;!
Missing character: There is no 은 (U+C740) in font [lmroman10-regular]:+tlig;!
Missing character: There is no 년 (U+B144) in font [lmroman10-regular]:+tlig;!
Missing character: There is no 한 (U+D55C) in font [lmroman10-regular]:+tlig;!
Missing character: There is no 양 (U+C591) in font [lmroman10-regular]:+tlig;!
Missing character: There is no 대 (U+B300) in font [lmroman10-regular]:+tlig;!
Missing character: There is no 학 (U+D559) in font [lmroman10-regular]:+tlig;!
Missing character: There is no 교 (U+AD50) in font [lmroman10-regular]:+tlig;!
Missing character: There is no 에 (U+C5D0) in font [lmroman10-regular]:+tlig;!
Missing character: There is no 서 (U+C11C) in font [lmroman10-regular]:+tlig;!
Missing character: There is no 고 (U+ACE0) in font [lmroman10-regular]:+tlig;!
Missing character: There is no 준 (U+C900) in font [lmroman10-regular]:+tlig;!
Missing character: There is no 호 (U+D638) in font [lmroman10-regular]:+tlig;!
Missing character: There is no 교 (U+AD50) in font [lmroman10-regular]:+tlig;!
Missing character: There is no 수 (U+C218) in font [lmroman10-regular]:+tlig;!
Missing character: There is no 님 (U+B2D8) in font [lmroman10-regular]:+tlig;!
Missing character: There is no 이 (U+C774) in font [lmroman10-regular]:+tlig;!
Missing character: There is no 강 (U+AC15) in font [lmroman10-regular]:+tlig;!
Missing character: There is no 의 (U+C758) in font [lmroman10-regular]:+tlig;!
Missing character: There is no 하 (U+D558) in font [lmroman10-regular]:+tlig;!
Missing character: There is no 시 (U+C2DC) in font [lmroman10-regular]:+tlig;!
Missing character: There is no 는 (U+B294) in font [lmroman10-regular]:+tlig;!
Missing character: There is no 교 (U+AD50) in font [lmroman10-regular]:+tlig;!
Missing character: There is no 통 (U+D1B5) in font [lmroman10-regular]:+tlig;!
Missing character: There is no 공 (U+ACF5) in font [lmroman10-regular]:+tlig;!
Missing character: There is no 학 (U+D559) in font [lmroman10-regular]:+tlig;!
Missing character: There is no 수 (U+C218) in font [lmroman10-regular]:+tlig;!
Missing character: There is no 업 (U+C5C5) in font [lmroman10-regular]:+tlig;!
Missing character: There is no 중 (U+C911) in font [lmroman10-regular]:+tlig;!
Missing character: There is no 실 (U+C2E4) in font [lmroman10-regular]:+tlig;!
Missing character: There is no 습 (U+C2B5) in font [lmroman10-regular]:+tlig;!
Missing character: There is no 을 (U+C744) in font [lmroman10-regular]:+tlig;!
Missing character: There is no 위 (U+C704) in font [lmroman10-regular]:+tlig;!
Missing character: There is no 해 (U+D574) in font [lmroman10-regular]:+tlig;!
Missing character: There is no 작 (U+C791) in font [lmroman10-regular]:+tlig;!
Missing character: There is no 성 (U+C131) in font [lmroman10-regular]:+tlig;!
Missing character: There is no 되 (U+B418) in font [lmroman10-regular]:+tlig;!
Missing character: There is no 었 (U+C5C8) in font [lmroman10-regular]:+tlig;!
Missing character: There is no 습 (U+C2B5) in font [lmroman10-regular]:+tlig;!
Missing character: There is no 니 (U+B2C8) in font [lmroman10-regular]:+tlig;!
Missing character: There is no 다 (U+B2E4) in font [lmroman10-regular]:+tlig;!
Missing character: There is no 이 (U+C774) in font [lmroman10-regular]:+tlig;!
Missing character: There is no 튜 (U+D29C) in font [lmroman10-regular]:+tlig;!
Missing character: There is no 토 (U+D1A0) in font [lmroman10-regular]:+tlig;!
Missing character: There is no 리 (U+B9AC) in font [lmroman10-regular]:+tlig;!
Missing character: There is no 얼 (U+C5BC) in font [lmroman10-regular]:+tlig;!
Missing character: There is no 의 (U+C758) in font [lmroman10-regular]:+tlig;!
Missing character: There is no 목 (U+BAA9) in font [lmroman10-regular]:+tlig;!
Missing character: There is no 적 (U+C801) in font [lmroman10-regular]:+tlig;!
Missing character: There is no 은 (U+C740) in font [lmroman10-regular]:+tlig;!
Missing character: There is no 아 (U+C544) in font [lmroman10-regular]:+tlig;!
Missing character: There is no 래 (U+B798) in font [lmroman10-regular]:+tlig;!
Missing character: There is no 와 (U+C640) in font [lmroman10-regular]:+tlig;!
Missing character: There is no 같 (U+AC19) in font [lmroman10-regular]:+tlig;!
Missing character: There is no 습 (U+C2B5) in font [lmroman10-regular]:+tlig;!
Missing character: There is no 니 (U+B2C8) in font [lmroman10-regular]:+tlig;!
Missing character: There is no 다 (U+B2E4) in font [lmroman10-regular]:+tlig;!
Missing character: There is no 이 (U+C774) in font [lmroman10-regular]:+tlig;!
Missing character: There is no 튜 (U+D29C) in font [lmroman10-regular]:+tlig;!
Missing character: There is no 토 (U+D1A0) in font [lmroman10-regular]:+tlig;!
Missing character: There is no 리 (U+B9AC) in font [lmroman10-regular]:+tlig;!
Missing character: There is no 얼 (U+C5BC) in font [lmroman10-regular]:+tlig;!
Missing character: There is no 의 (U+C758) in font [lmroman10-regular]:+tlig;!
Missing character: There is no 목 (U+BAA9) in font [lmroman10-regular]:+tlig;!
Missing character: There is no 적 (U+C801) in font [lmroman10-regular]:+tlig;!
Missing character: There is no 은 (U+C740) in font [lmroman10-regular]:+tlig;!
Missing character: There is no 아 (U+C544) in font [lmroman10-regular]:+tlig;!
Missing character: There is no 래 (U+B798) in font [lmroman10-regular]:+tlig;!
Missing character: There is no 와 (U+C640) in font [lmroman10-regular]:+tlig;!
Missing character: There is no 같 (U+AC19) in font [lmroman10-regular]:+tlig;!
Missing character: There is no 습 (U+C2B5) in font [lmroman10-regular]:+tlig;!
Missing character: There is no 니 (U+B2C8) in font [lmroman10-regular]:+tlig;!
Missing character: There is no 다 (U+B2E4) in font [lmroman10-regular]:+tlig;!
Missing character: There is no 설 (U+C124) in font [lmroman10-regular]:+tlig;!
Missing character: There is no 치 (U+CE58) in font [lmroman10-regular]:+tlig;!
Missing character: There is no 하 (U+D558) in font [lmroman10-regular]:+tlig;!
Missing character: There is no 기 (U+AE30) in font [lmroman10-regular]:+tlig;!
Missing character: There is no 설 (U+C124) in font [lmroman10-regular]:+tlig;!
Missing character: There is no 치 (U+CE58) in font [lmroman10-regular]:+tlig;!
Missing character: There is no 하 (U+D558) in font [lmroman10-regular]:+tlig;!
Missing character: There is no 기 (U+AE30) in font [lmroman10-regular]:+tlig;!
Missing character: There is no 프 (U+D504) in font [lmroman10-regular]:+tlig;!
Missing character: There is no 로 (U+B85C) in font [lmroman10-regular]:+tlig;!
Missing character: There is no 그 (U+ADF8) in font [lmroman10-regular]:+tlig;!
Missing character: There is no 램 (U+B7A8) in font [lmroman10-regular]:+tlig;!
Missing character: There is no 의 (U+C758) in font [lmroman10-regular]:+tlig;!
Missing character: There is no 을 (U+C744) in font [lmroman10-regular]:+tlig;!
Missing character: There is no 사 (U+C0AC) in font [lmroman10-regular]:+tlig;!
Missing character: There is no 용 (U+C6A9) in font [lmroman10-regular]:+tlig;!
Missing character: There is no 하 (U+D558) in font [lmroman10-regular]:+tlig;!
Missing character: There is no 기 (U+AE30) in font [lmroman10-regular]:+tlig;!
Missing character: There is no 위 (U+C704) in font [lmroman10-regular]:+tlig;!
Missing character: There is no 해 (U+D574) in font [lmroman10-regular]:+tlig;!
Missing character: There is no 와 (U+C640) in font [lmroman10-regular]:+tlig;!
Missing character: There is no 설 (U+C124) in font [lmroman10-regular]:+tlig;!
Missing character: There is no 치 (U+CE58) in font [lmroman10-regular]:+tlig;!
Missing character: There is no 하 (U+D558) in font [lmroman10-regular]:+tlig;!
Missing character: There is no 기 (U+AE30) in font [lmroman10-regular]:+tlig;!
Missing character: There is no 프 (U+D504) in font [lmroman10-regular]:+tlig;!
Missing character: There is no 로 (U+B85C) in font [lmroman10-regular]:+tlig;!
Missing character: There is no 그 (U+ADF8) in font [lmroman10-regular]:+tlig;!
Missing character: There is no 램 (U+B7A8) in font [lmroman10-regular]:+tlig;!
Missing character: There is no 의 (U+C758) in font [lmroman10-regular]:+tlig;!
Missing character: There is no 을 (U+C744) in font [lmroman10-regular]:+tlig;!
Missing character: There is no 사 (U+C0AC) in font [lmroman10-regular]:+tlig;!
Missing character: There is no 용 (U+C6A9) in font [lmroman10-regular]:+tlig;!
Missing character: There is no 하 (U+D558) in font [lmroman10-regular]:+tlig;!
Missing character: There is no 기 (U+AE30) in font [lmroman10-regular]:+tlig;!
Missing character: There is no 위 (U+C704) in font [lmroman10-regular]:+tlig;!
Missing character: There is no 해 (U+D574) in font [lmroman10-regular]:+tlig;!
Missing character: There is no 와 (U+C640) in font [lmroman10-regular]:+tlig;!
Missing character: There is no 설 (U+C124) in font [lmroman10-regular]:+tlig;!
Missing character: There is no 치 (U+CE58) in font [lmroman10-regular]:+tlig;!
Missing character: There is no 하 (U+D558) in font [lmroman10-regular]:+tlig;!
Missing character: There is no 기 (U+AE30) in font [lmroman10-regular]:+tlig;!
Missing character: There is no 파 (U+D30C) in font [lmroman10-regular]:+tlig;!
Missing character: There is no 일 (U+C77C) in font [lmroman10-regular]:+tlig;!
Missing character: There is no 을 (U+C744) in font [lmroman10-regular]:+tlig;!
Missing character: There is no 편 (U+D3B8) in font [lmroman10-regular]:+tlig;!
Missing character: There is no 집 (U+C9D1) in font [lmroman10-regular]:+tlig;!
Missing character: There is no 하 (U+D558) in font [lmroman10-regular]:+tlig;!
Missing character: There is no 기 (U+AE30) in font [lmroman10-regular]:+tlig;!
Missing character: There is no 위 (U+C704) in font [lmroman10-regular]:+tlig;!
Missing character: There is no 한 (U+D55C) in font [lmroman10-regular]:+tlig;!
Missing character: There is no 설 (U+C124) in font [lmroman10-regular]:+tlig;!
Missing character: There is no 치 (U+CE58) in font [lmroman10-regular]:+tlig;!
Missing character: There is no 파 (U+D30C) in font [lmroman10-regular]:+tlig;!
Missing character: There is no 일 (U+C77C) in font [lmroman10-regular]:+tlig;!
Missing character: There is no 을 (U+C744) in font [lmroman10-regular]:+tlig;!
Missing character: There is no 편 (U+D3B8) in font [lmroman10-regular]:+tlig;!
Missing character: There is no 집 (U+C9D1) in font [lmroman10-regular]:+tlig;!
Missing character: There is no 하 (U+D558) in font [lmroman10-regular]:+tlig;!
Missing character: There is no 기 (U+AE30) in font [lmroman10-regular]:+tlig;!
Missing character: There is no 위 (U+C704) in font [lmroman10-regular]:+tlig;!
Missing character: There is no 한 (U+D55C) in font [lmroman10-regular]:+tlig;!
Missing character: There is no 설 (U+C124) in font [lmroman10-regular]:+tlig;!
Missing character: There is no 치 (U+CE58) in font [lmroman10-regular]:+tlig;!
Missing character: There is no 간 (U+AC04) in font [lmroman10-regular]:+tlig;!
Missing character: There is no 단 (U+B2E8) in font [lmroman10-regular]:+tlig;!
Missing character: There is no 간 (U+AC04) in font [lmroman10-regular]:+tlig;!
Missing character: There is no 단 (U+B2E8) in font [lmroman10-regular]:+tlig;!
Missing character: There is no 간 (U+AC04) in font [lmroman10-regular]:+tlig;!
Missing character: There is no 단 (U+B2E8) in font [lmroman10-regular]:+tlig;!
Missing character: There is no 간 (U+AC04) in font [lmroman10-regular]:+tlig;!
Missing character: There is no 단 (U+B2E8) in font [lmroman10-regular]:+tlig;!
Missing character: There is no 간 (U+AC04) in font [lmroman10-regular]:+tlig;!
Missing character: There is no 단 (U+B2E8) in font [lmroman10-regular]:+tlig;!
Missing character: There is no 간 (U+AC04) in font [lmroman10-regular]:+tlig;!
Missing character: There is no 단 (U+B2E8) in font [lmroman10-regular]:+tlig;!
Missing character: There is no 간 (U+AC04) in font [lmroman10-regular]:+tlig;!
Missing character: There is no 단 (U+B2E8) in font [lmroman10-regular]:+tlig;!
Missing character: There is no 간 (U+AC04) in font [lmroman10-regular]:+tlig;!
Missing character: There is no 단 (U+B2E8) in font [lmroman10-regular]:+tlig;!
Missing character: There is no 한 (U+D55C) in font [lmroman10-regular]:+tlig;!
Missing character: There is no 교 (U+AD50) in font [lmroman10-regular]:+tlig;!
Missing character: There is no 통 (U+D1B5) in font [lmroman10-regular]:+tlig;!
Missing character: There is no 네 (U+B124) in font [lmroman10-regular]:+tlig;!
Missing character: There is no 트 (U+D2B8) in font [lmroman10-regular]:+tlig;!
Missing character: There is no 워 (U+C6CC) in font [lmroman10-regular]:+tlig;!
Missing character: There is no 크 (U+D06C) in font [lmroman10-regular]:+tlig;!
Missing character: There is no 를 (U+B97C) in font [lmroman10-regular]:+tlig;!
Missing character: There is no 시 (U+C2DC) in font [lmroman10-regular]:+tlig;!
Missing character: There is no 뮬 (U+BBAC) in font [lmroman10-regular]:+tlig;!
Missing character: There is no 레 (U+B808) in font [lmroman10-regular]:+tlig;!
Missing character: There is no 이 (U+C774) in font [lmroman10-regular]:+tlig;!
Missing character: There is no 션 (U+C158) in font [lmroman10-regular]:+tlig;!
Missing character: There is no 하 (U+D558) in font [lmroman10-regular]:+tlig;!
Missing character: There is no 여 (U+C5EC) in font [lmroman10-regular]:+tlig;!
Missing character: There is no 동 (U+B3D9) in font [lmroman10-regular]:+tlig;!
Missing character: There is no 작 (U+C791) in font [lmroman10-regular]:+tlig;!
Missing character: There is no 방 (U+BC29) in font [lmroman10-regular]:+tlig;!
Missing character: There is no 법 (U+BC95) in font [lmroman10-regular]:+tlig;!
Missing character: There is no 이 (U+C774) in font [lmroman10-regular]:+tlig;!
Missing character: There is no 해 (U+D574) in font [lmroman10-regular]:+tlig;!
Missing character: There is no 하 (U+D558) in font [lmroman10-regular]:+tlig;!
Missing character: There is no 기 (U+AE30) in font [lmroman10-regular]:+tlig;!
Missing character: There is no 간 (U+AC04) in font [lmroman10-regular]:+tlig;!
Missing character: There is no 단 (U+B2E8) in font [lmroman10-regular]:+tlig;!
Missing character: There is no 한 (U+D55C) in font [lmroman10-regular]:+tlig;!
Missing character: There is no 교 (U+AD50) in font [lmroman10-regular]:+tlig;!
Missing character: There is no 통 (U+D1B5) in font [lmroman10-regular]:+tlig;!
Missing character: There is no 네 (U+B124) in font [lmroman10-regular]:+tlig;!
Missing character: There is no 트 (U+D2B8) in font [lmroman10-regular]:+tlig;!
Missing character: There is no 워 (U+C6CC) in font [lmroman10-regular]:+tlig;!
Missing character: There is no 크 (U+D06C) in font [lmroman10-regular]:+tlig;!
Missing character: There is no 를 (U+B97C) in font [lmroman10-regular]:+tlig;!
Missing character: There is no 시 (U+C2DC) in font [lmroman10-regular]:+tlig;!
Missing character: There is no 뮬 (U+BBAC) in font [lmroman10-regular]:+tlig;!
Missing character: There is no 레 (U+B808) in font [lmroman10-regular]:+tlig;!
Missing character: There is no 이 (U+C774) in font [lmroman10-regular]:+tlig;!
Missing character: There is no 션 (U+C158) in font [lmroman10-regular]:+tlig;!
Missing character: There is no 하 (U+D558) in font [lmroman10-regular]:+tlig;!
Missing character: There is no 여 (U+C5EC) in font [lmroman10-regular]:+tlig;!
Missing character: There is no 동 (U+B3D9) in font [lmroman10-regular]:+tlig;!
Missing character: There is no 작 (U+C791) in font [lmroman10-regular]:+tlig;!
Missing character: There is no 방 (U+BC29) in font [lmroman10-regular]:+tlig;!
Missing character: There is no 법 (U+BC95) in font [lmroman10-regular]:+tlig;!
Missing character: There is no 이 (U+C774) in font [lmroman10-regular]:+tlig;!
Missing character: There is no 해 (U+D574) in font [lmroman10-regular]:+tlig;!
Missing character: There is no 하 (U+D558) in font [lmroman10-regular]:+tlig;!
Missing character: There is no 기 (U+AE30) in font [lmroman10-regular]:+tlig;!
Missing character: There is no 동 (U+B3D9) in font [lmroman10-regular]:+tlig;!
Missing character: There is no 작 (U+C791) in font [lmroman10-regular]:+tlig;!
Missing character: There is no 시 (U+C2DC) in font [lmroman10-regular]:+tlig;!
Missing character: There is no 키 (U+D0A4) in font [lmroman10-regular]:+tlig;!
Missing character: There is no 기 (U+AE30) in font [lmroman10-regular]:+tlig;!
Missing character: There is no 동 (U+B3D9) in font [lmroman10-regular]:+tlig;!
Missing character: There is no 작 (U+C791) in font [lmroman10-regular]:+tlig;!
Missing character: There is no 시 (U+C2DC) in font [lmroman10-regular]:+tlig;!
Missing character: There is no 키 (U+D0A4) in font [lmroman10-regular]:+tlig;!
Missing character: There is no 기 (U+AE30) in font [lmroman10-regular]:+tlig;!
Missing character: There is no 예 (U+C608) in font [lmroman10-regular]:+tlig;!
Missing character: There is no 시 (U+C2DC) in font [lmroman10-regular]:+tlig;!
Missing character: There is no 프 (U+D504) in font [lmroman10-regular]:+tlig;!
Missing character: There is no 로 (U+B85C) in font [lmroman10-regular]:+tlig;!
Missing character: There is no 젝 (U+C81D) in font [lmroman10-regular]:+tlig;!
Missing character: There is no 트 (U+D2B8) in font [lmroman10-regular]:+tlig;!
Missing character: There is no 보 (U+BCF4) in font [lmroman10-regular]:+tlig;!
Missing character: There is no 기 (U+AE30) in font [lmroman10-regular]:+tlig;!
Missing character: There is no 예 (U+C608) in font [lmroman10-regular]:+tlig;!
Missing character: There is no 시 (U+C2DC) in font [lmroman10-regular]:+tlig;!
Missing character: There is no 프 (U+D504) in font [lmroman10-regular]:+tlig;!
Missing character: There is no 로 (U+B85C) in font [lmroman10-regular]:+tlig;!
Missing character: There is no 젝 (U+C81D) in font [lmroman10-regular]:+tlig;!
Missing character: There is no 트 (U+D2B8) in font [lmroman10-regular]:+tlig;!
Missing character: There is no 보 (U+BCF4) in font [lmroman10-regular]:+tlig;!
Missing character: There is no 기 (U+AE30) in font [lmroman10-regular]:+tlig;!
Missing character: There is no 이 (U+C774) in font [lmroman10-regular]:+tlig;!
Missing character: There is no 튜 (U+D29C) in font [lmroman10-regular]:+tlig;!
Missing character: There is no 토 (U+D1A0) in font [lmroman10-regular]:+tlig;!
Missing character: There is no 리 (U+B9AC) in font [lmroman10-regular]:+tlig;!
Missing character: There is no 얼 (U+C5BC) in font [lmroman10-regular]:+tlig;!
Missing character: There is no 은 (U+C740) in font [lmroman10-regular]:+tlig;!
Missing character: There is no 윈 (U+C708) in font [lmroman10-regular]:+tlig;!
Missing character: There is no 도 (U+B3C4) in font [lmroman10-regular]:+tlig;!
Missing character: There is no 우 (U+C6B0) in font [lmroman10-regular]:+tlig;!
Missing character: There is no 를 (U+B97C) in font [lmroman10-regular]:+tlig;!
Missing character: There is no 기 (U+AE30) in font [lmroman10-regular]:+tlig;!
Missing character: There is no 준 (U+C900) in font [lmroman10-regular]:+tlig;!
Missing character: There is no 으 (U+C73C) in font [lmroman10-regular]:+tlig;!
Missing character: There is no 로 (U+B85C) in font [lmroman10-regular]:+tlig;!
Missing character: There is no 작 (U+C791) in font [lmroman10-regular]:+tlig;!
Missing character: There is no 성 (U+C131) in font [lmroman10-regular]:+tlig;!
Missing character: There is no 되 (U+B418) in font [lmroman10-regular]:+tlig;!
Missing character: There is no 었 (U+C5C8) in font [lmroman10-regular]:+tlig;!
Missing character: There is no 습 (U+C2B5) in font [lmroman10-regular]:+tlig;!
Missing character: There is no 니 (U+B2C8) in font [lmroman10-regular]:+tlig;!
Missing character: There is no 다 (U+B2E4) in font [lmroman10-regular]:+tlig;!
Missing character: There is no 년 (U+B144) in font [lmroman10-regular]:+tlig;!
Missing character: There is no 강 (U+AC15) in font [lmroman10-regular]:+tlig;!
Missing character: There is no 의 (U+C758) in font [lmroman10-regular]:+tlig;!
Missing character: There is no 수 (U+C218) in font [lmroman10-regular]:+tlig;!
Missing character: There is no 강 (U+AC15) in font [lmroman10-regular]:+tlig;!
Missing character: There is no 생 (U+C0DD) in font [lmroman10-regular]:+tlig;!
Missing character: There is no 중 (U+C911) in font [lmroman10-regular]:+tlig;!
Missing character: There is no 사 (U+C0AC) in font [lmroman10-regular]:+tlig;!
Missing character: There is no 용 (U+C6A9) in font [lmroman10-regular]:+tlig;!
Missing character: There is no 자 (U+C790) in font [lmroman10-regular]:+tlig;!
Missing character: There is no 가 (U+AC00) in font [lmroman10-regular]:+tlig;!
Missing character: There is no 있 (U+C788) in font [lmroman10-regular]:+tlig;!
Missing character: There is no 어 (U+C5B4) in font [lmroman10-regular]:+tlig;!
Missing character: There is no 해 (U+D574) in font [lmroman10-regular]:+tlig;!
Missing character: There is no 당 (U+B2F9) in font [lmroman10-regular]:+tlig;!
Missing character: There is no 학 (U+D559) in font [lmroman10-regular]:+tlig;!
Missing character: There is no 생 (U+C0DD) in font [lmroman10-regular]:+tlig;!
Missing character: There is no 의 (U+C758) in font [lmroman10-regular]:+tlig;!
Missing character: There is no 질 (U+C9C8) in font [lmroman10-regular]:+tlig;!
Missing character: There is no 문 (U+BB38) in font [lmroman10-regular]:+tlig;!
Missing character: There is no 을 (U+C744) in font [lmroman10-regular]:+tlig;!
Missing character: There is no 기 (U+AE30) in font [lmroman10-regular]:+tlig;!
Missing character: There is no 준 (U+C900) in font [lmroman10-regular]:+tlig;!
Missing character: There is no 으 (U+C73C) in font [lmroman10-regular]:+tlig;!
Missing character: There is no 로 (U+B85C) in font [lmroman10-regular]:+tlig;!
Missing character: There is no 설 (U+C124) in font [lmroman10-regular]:+tlig;!
Missing character: There is no 치 (U+CE58) in font [lmroman10-regular]:+tlig;!
Missing character: There is no 방 (U+BC29) in font [lmroman10-regular]:+tlig;!
Missing character: There is no 법 (U+BC95) in font [lmroman10-regular]:+tlig;!
Missing character: There is no 을 (U+C744) in font [lmroman10-regular]:+tlig;!
Missing character: There is no 작 (U+C791) in font [lmroman10-regular]:+tlig;!
Missing character: There is no 성 (U+C131) in font [lmroman10-regular]:+tlig;!
Missing character: There is no 하 (U+D558) in font [lmroman10-regular]:+tlig;!
Missing character: There is no 였 (U+C600) in font [lmroman10-regular]:+tlig;!
Missing character: There is no 으 (U+C73C) in font [lmroman10-regular]:+tlig;!
Missing character: There is no 나 (U+B098) in font [lmroman10-regular]:+tlig;!
Missing character: There is no 오 (U+C624) in font [lmroman10-regular]:+tlig;!
Missing character: There is no 류 (U+B958) in font [lmroman10-regular]:+tlig;!
Missing character: There is no 가 (U+AC00) in font [lmroman10-regular]:+tlig;!
Missing character: There is no 있 (U+C788) in font [lmroman10-regular]:+tlig;!
Missing character: There is no 을 (U+C744) in font [lmroman10-regular]:+tlig;!
Missing character: There is no 수 (U+C218) in font [lmroman10-regular]:+tlig;!
Missing character: There is no 있 (U+C788) in font [lmroman10-regular]:+tlig;!
Missing character: There is no 습 (U+C2B5) in font [lmroman10-regular]:+tlig;!
Missing character: There is no 니 (U+B2C8) in font [lmroman10-regular]:+tlig;!
Missing character: There is no 다 (U+B2E4) in font [lmroman10-regular]:+tlig;!
Missing character: There is no 양 (U+C591) in font [lmroman10-regular]:+tlig;!
Missing character: There is no 해 (U+D574) in font [lmroman10-regular]:+tlig;!
Missing character: There is no 해 (U+D574) in font [lmroman10-regular]:+tlig;!
Missing character: There is no 주 (U+C8FC) in font [lmroman10-regular]:+tlig;!
Missing character: There is no 시 (U+C2DC) in font [lmroman10-regular]:+tlig;!
Missing character: There is no 면 (U+BA74) in font [lmroman10-regular]:+tlig;!
Missing character: There is no 감 (U+AC10) in font [lmroman10-regular]:+tlig;!
Missing character: There is no 사 (U+C0AC) in font [lmroman10-regular]:+tlig;!
Missing character: There is no 드 (U+B4DC) in font [lmroman10-regular]:+tlig;!
Missing character: There is no 리 (U+B9AC) in font [lmroman10-regular]:+tlig;!
Missing character: There is no 겠 (U+ACA0) in font [lmroman10-regular]:+tlig;!
Missing character: There is no 습 (U+C2B5) in font [lmroman10-regular]:+tlig;!
Missing character: There is no 니 (U+B2C8) in font [lmroman10-regular]:+tlig;!
Missing character: There is no 다 (U+B2E4) in font [lmroman10-regular]:+tlig;!
Missing character: There is no 이 (U+C774) in font [lmroman10-regular]:+tlig;!
Missing character: There is no 튜 (U+D29C) in font [lmroman10-regular]:+tlig;!
Missing character: There is no 토 (U+D1A0) in font [lmroman10-regular]:+tlig;!
Missing character: There is no 리 (U+B9AC) in font [lmroman10-regular]:+tlig;!
Missing character: There is no 얼 (U+C5BC) in font [lmroman10-regular]:+tlig;!
Missing character: There is no 은 (U+C740) in font [lmroman10-regular]:+tlig;!
Missing character: There is no 윈 (U+C708) in font [lmroman10-regular]:+tlig;!
Missing character: There is no 도 (U+B3C4) in font [lmroman10-regular]:+tlig;!
Missing character: There is no 우 (U+C6B0) in font [lmroman10-regular]:+tlig;!
Missing character: There is no 를 (U+B97C) in font [lmroman10-regular]:+tlig;!
Missing character: There is no 기 (U+AE30) in font [lmroman10-regular]:+tlig;!
Missing character: There is no 준 (U+C900) in font [lmroman10-regular]:+tlig;!
Missing character: There is no 으 (U+C73C) in font [lmroman10-regular]:+tlig;!
Missing character: There is no 로 (U+B85C) in font [lmroman10-regular]:+tlig;!
Missing character: There is no 작 (U+C791) in font [lmroman10-regular]:+tlig;!
Missing character: There is no 성 (U+C131) in font [lmroman10-regular]:+tlig;!
Missing character: There is no 되 (U+B418) in font [lmroman10-regular]:+tlig;!
Missing character: There is no 었 (U+C5C8) in font [lmroman10-regular]:+tlig;!
Missing character: There is no 습 (U+C2B5) in font [lmroman10-regular]:+tlig;!
Missing character: There is no 니 (U+B2C8) in font [lmroman10-regular]:+tlig;!
Missing character: There is no 다 (U+B2E4) in font [lmroman10-regular]:+tlig;!
Missing character: There is no 년 (U+B144) in font [lmroman10-regular]:+tlig;!
Missing character: There is no 강 (U+AC15) in font [lmroman10-regular]:+tlig;!
Missing character: There is no 의 (U+C758) in font [lmroman10-regular]:+tlig;!
Missing character: There is no 수 (U+C218) in font [lmroman10-regular]:+tlig;!
Missing character: There is no 강 (U+AC15) in font [lmroman10-regular]:+tlig;!
Missing character: There is no 생 (U+C0DD) in font [lmroman10-regular]:+tlig;!
Missing character: There is no 중 (U+C911) in font [lmroman10-regular]:+tlig;!
Missing character: There is no 사 (U+C0AC) in font [lmroman10-regular]:+tlig;!
Missing character: There is no 용 (U+C6A9) in font [lmroman10-regular]:+tlig;!
Missing character: There is no 자 (U+C790) in font [lmroman10-regular]:+tlig;!
Missing character: There is no 가 (U+AC00) in font [lmroman10-regular]:+tlig;!
Missing character: There is no 있 (U+C788) in font [lmroman10-regular]:+tlig;!
Missing character: There is no 어 (U+C5B4) in font [lmroman10-regular]:+tlig;!
Missing character: There is no 해 (U+D574) in font [lmroman10-regular]:+tlig;!
Missing character: There is no 당 (U+B2F9) in font [lmroman10-regular]:+tlig;!
Missing character: There is no 학 (U+D559) in font [lmroman10-regular]:+tlig;!
Missing character: There is no 생 (U+C0DD) in font [lmroman10-regular]:+tlig;!
Missing character: There is no 의 (U+C758) in font [lmroman10-regular]:+tlig;!
Missing character: There is no 질 (U+C9C8) in font [lmroman10-regular]:+tlig;!
Missing character: There is no 문 (U+BB38) in font [lmroman10-regular]:+tlig;!
Missing character: There is no 을 (U+C744) in font [lmroman10-regular]:+tlig;!
Missing character: There is no 기 (U+AE30) in font [lmroman10-regular]:+tlig;!
Missing character: There is no 준 (U+C900) in font [lmroman10-regular]:+tlig;!
Missing character: There is no 으 (U+C73C) in font [lmroman10-regular]:+tlig;!
Missing character: There is no 로 (U+B85C) in font [lmroman10-regular]:+tlig;!
Missing character: There is no 설 (U+C124) in font [lmroman10-regular]:+tlig;!
Missing character: There is no 치 (U+CE58) in font [lmroman10-regular]:+tlig;!
Missing character: There is no 방 (U+BC29) in font [lmroman10-regular]:+tlig;!
Missing character: There is no 법 (U+BC95) in font [lmroman10-regular]:+tlig;!
Missing character: There is no 을 (U+C744) in font [lmroman10-regular]:+tlig;!
Missing character: There is no 작 (U+C791) in font [lmroman10-regular]:+tlig;!
Missing character: There is no 성 (U+C131) in font [lmroman10-regular]:+tlig;!
Missing character: There is no 하 (U+D558) in font [lmroman10-regular]:+tlig;!
Missing character: There is no 였 (U+C600) in font [lmroman10-regular]:+tlig;!
Missing character: There is no 으 (U+C73C) in font [lmroman10-regular]:+tlig;!
Missing character: There is no 나 (U+B098) in font [lmroman10-regular]:+tlig;!
Missing character: There is no 오 (U+C624) in font [lmroman10-regular]:+tlig;!
Missing character: There is no 류 (U+B958) in font [lmroman10-regular]:+tlig;!
Missing character: There is no 가 (U+AC00) in font [lmroman10-regular]:+tlig;!
Missing character: There is no 있 (U+C788) in font [lmroman10-regular]:+tlig;!
Missing character: There is no 을 (U+C744) in font [lmroman10-regular]:+tlig;!
Missing character: There is no 수 (U+C218) in font [lmroman10-regular]:+tlig;!
Missing character: There is no 있 (U+C788) in font [lmroman10-regular]:+tlig;!
Missing character: There is no 습 (U+C2B5) in font [lmroman10-regular]:+tlig;!
Missing character: There is no 니 (U+B2C8) in font [lmroman10-regular]:+tlig;!
Missing character: There is no 다 (U+B2E4) in font [lmroman10-regular]:+tlig;!
Missing character: There is no 양 (U+C591) in font [lmroman10-regular]:+tlig;!
Missing character: There is no 해 (U+D574) in font [lmroman10-regular]:+tlig;!
Missing character: There is no 해 (U+D574) in font [lmroman10-regular]:+tlig;!
Missing character: There is no 주 (U+C8FC) in font [lmroman10-regular]:+tlig;!
Missing character: There is no 시 (U+C2DC) in font [lmroman10-regular]:+tlig;!
Missing character: There is no 면 (U+BA74) in font [lmroman10-regular]:+tlig;!
Missing character: There is no 감 (U+AC10) in font [lmroman10-regular]:+tlig;!
Missing character: There is no 사 (U+C0AC) in font [lmroman10-regular]:+tlig;!
Missing character: There is no 드 (U+B4DC) in font [lmroman10-regular]:+tlig;!
Missing character: There is no 리 (U+B9AC) in font [lmroman10-regular]:+tlig;!
Missing character: There is no 겠 (U+ACA0) in font [lmroman10-regular]:+tlig;!
Missing character: There is no 습 (U+C2B5) in font [lmroman10-regular]:+tlig;!
Missing character: There is no 니 (U+B2C8) in font [lmroman10-regular]:+tlig;!
Missing character: There is no 다 (U+B2E4) in font [lmroman10-regular]:+tlig;!
Missing character: There is no 튜 (U+D29C) in font [lmroman10-regular]:+tlig;!
Missing character: There is no 토 (U+D1A0) in font [lmroman10-regular]:+tlig;!
Missing character: There is no 리 (U+B9AC) in font [lmroman10-regular]:+tlig;!
Missing character: There is no 얼 (U+C5BC) in font [lmroman10-regular]:+tlig;!
Missing character: There is no 오 (U+C624) in font [lmroman10-regular]:+tlig;!
Missing character: There is no 류 (U+B958) in font [lmroman10-regular]:+tlig;!
Missing character: There is no 문 (U+BB38) in font [lmroman10-regular]:+tlig;!
Missing character: There is no 의 (U+C758) in font [lmroman10-regular]:+tlig;!
Missing character: There is no 사 (U+C0AC) in font [lmroman10-regular]:+tlig;!
Missing character: There is no 항 (U+D56D) in font [lmroman10-regular]:+tlig;!
Missing character: There is no 등 (U+B4F1) in font [lmroman10-regular]:+tlig;!
Missing character: There is no 을 (U+C744) in font [lmroman10-regular]:+tlig;!
Missing character: There is no 아 (U+C544) in font [lmroman10-regular]:+tlig;!
Missing character: There is no 래 (U+B798) in font [lmroman10-regular]:+tlig;!
Missing character: There is no 의 (U+C758) in font [lmroman10-regular]:+tlig;!
Missing character: There is no 주 (U+C8FC) in font [lmroman10-regular]:+tlig;!
Missing character: There is no 소 (U+C18C) in font [lmroman10-regular]:+tlig;!
Missing character: There is no 로 (U+B85C) in font [lmroman10-regular]:+tlig;!
Missing character: There is no 메 (U+BA54) in font [lmroman10-regular]:+tlig;!
Missing character: There is no 일 (U+C77C) in font [lmroman10-regular]:+tlig;!
Missing character: There is no 보 (U+BCF4) in font [lmroman10-regular]:+tlig;!
Missing character: There is no 내 (U+B0B4) in font [lmroman10-regular]:+tlig;!
Missing character: There is no 주 (U+C8FC) in font [lmroman10-regular]:+tlig;!
Missing character: There is no 시 (U+C2DC) in font [lmroman10-regular]:+tlig;!
Missing character: There is no 면 (U+BA74) in font [lmroman10-regular]:+tlig;!
Missing character: There is no 감 (U+AC10) in font [lmroman10-regular]:+tlig;!
Missing character: There is no 사 (U+C0AC) in font [lmroman10-regular]:+tlig;!
Missing character: There is no 드 (U+B4DC) in font [lmroman10-regular]:+tlig;!
Missing character: There is no 리 (U+B9AC) in font [lmroman10-regular]:+tlig;!
Missing character: There is no 겠 (U+ACA0) in font [lmroman10-regular]:+tlig;!
Missing character: There is no 습 (U+C2B5) in font [lmroman10-regular]:+tlig;!
Missing character: There is no 니 (U+B2C8) in font [lmroman10-regular]:+tlig;!
Missing character: There is no 다 (U+B2E4) in font [lmroman10-regular]:+tlig;!
Missing character: There is no 튜 (U+D29C) in font [lmroman10-regular]:+tlig;!
Missing character: There is no 토 (U+D1A0) in font [lmroman10-regular]:+tlig;!
Missing character: There is no 리 (U+B9AC) in font [lmroman10-regular]:+tlig;!
Missing character: There is no 얼 (U+C5BC) in font [lmroman10-regular]:+tlig;!
Missing character: There is no 오 (U+C624) in font [lmroman10-regular]:+tlig;!
Missing character: There is no 류 (U+B958) in font [lmroman10-regular]:+tlig;!
Missing character: There is no 문 (U+BB38) in font [lmroman10-regular]:+tlig;!
Missing character: There is no 의 (U+C758) in font [lmroman10-regular]:+tlig;!
Missing character: There is no 사 (U+C0AC) in font [lmroman10-regular]:+tlig;!
Missing character: There is no 항 (U+D56D) in font [lmroman10-regular]:+tlig;!
Missing character: There is no 등 (U+B4F1) in font [lmroman10-regular]:+tlig;!
Missing character: There is no 을 (U+C744) in font [lmroman10-regular]:+tlig;!
Missing character: There is no 아 (U+C544) in font [lmroman10-regular]:+tlig;!
Missing character: There is no 래 (U+B798) in font [lmroman10-regular]:+tlig;!
Missing character: There is no 의 (U+C758) in font [lmroman10-regular]:+tlig;!
Missing character: There is no 주 (U+C8FC) in font [lmroman10-regular]:+tlig;!
Missing character: There is no 소 (U+C18C) in font [lmroman10-regular]:+tlig;!
Missing character: There is no 로 (U+B85C) in font [lmroman10-regular]:+tlig;!
Missing character: There is no 메 (U+BA54) in font [lmroman10-regular]:+tlig;!
Missing character: There is no 일 (U+C77C) in font [lmroman10-regular]:+tlig;!
Missing character: There is no 보 (U+BCF4) in font [lmroman10-regular]:+tlig;!
Missing character: There is no 내 (U+B0B4) in font [lmroman10-regular]:+tlig;!
Missing character: There is no 주 (U+C8FC) in font [lmroman10-regular]:+tlig;!
Missing character: There is no 시 (U+C2DC) in font [lmroman10-regular]:+tlig;!
Missing character: There is no 면 (U+BA74) in font [lmroman10-regular]:+tlig;!
Missing character: There is no 감 (U+AC10) in font [lmroman10-regular]:+tlig;!
Missing character: There is no 사 (U+C0AC) in font [lmroman10-regular]:+tlig;!
Missing character: There is no 드 (U+B4DC) in font [lmroman10-regular]:+tlig;!
Missing character: There is no 리 (U+B9AC) in font [lmroman10-regular]:+tlig;!
Missing character: There is no 겠 (U+ACA0) in font [lmroman10-regular]:+tlig;!
Missing character: There is no 습 (U+C2B5) in font [lmroman10-regular]:+tlig;!
Missing character: There is no 니 (U+B2C8) in font [lmroman10-regular]:+tlig;!
Missing character: There is no 다 (U+B2E4) in font [lmroman10-regular]:+tlig;!
Missing character: There is no 문 (U+BB38) in font [lmroman10-regular]:+tlig;!
Missing character: There is no 의 (U+C758) in font [lmroman10-regular]:+tlig;!
Missing character: There is no 이 (U+C774) in font [lmroman10-regular]:+tlig;!
Missing character: There is no 메 (U+BA54) in font [lmroman10-regular]:+tlig;!
Missing character: There is no 일 (U+C77C) in font [lmroman10-regular]:+tlig;!
Missing character: There is no 문 (U+BB38) in font [lmroman10-regular]:+tlig;!
Missing character: There is no 의 (U+C758) in font [lmroman10-regular]:+tlig;!
Missing character: There is no 이 (U+C774) in font [lmroman10-regular]:+tlig;!
Missing character: There is no 메 (U+BA54) in font [lmroman10-regular]:+tlig;!
Missing character: There is no 일 (U+C77C) in font [lmroman10-regular]:+tlig;!


[3

Missing character: There is no 본 (U+BCF8) in font [lmroman10-regular]:+tlig;!
Missing character: There is no 튜 (U+D29C) in font [lmroman10-regular]:+tlig;!
Missing character: There is no 토 (U+D1A0) in font [lmroman10-regular]:+tlig;!
Missing character: There is no 리 (U+B9AC) in font [lmroman10-regular]:+tlig;!
Missing character: There is no 얼 (U+C5BC) in font [lmroman10-regular]:+tlig;!
Missing character: There is no 은 (U+C740) in font [lmroman10-regular]:+tlig;!
Missing character: There is no 년 (U+B144) in font [lmroman10-regular]:+tlig;!
Missing character: There is no 한 (U+D55C) in font [lmroman10-regular]:+tlig;!
Missing character: There is no 양 (U+C591) in font [lmroman10-regular]:+tlig;!
Missing character: There is no 대 (U+B300) in font [lmroman10-regular]:+tlig;!
Missing character: There is no 학 (U+D559) in font [lmroman10-regular]:+tlig;!
Missing character: There is no 교 (U+AD50) in font [lmroman10-regular]:+tlig;!
Missing character: There is no 에 (U+C5D0) in font [lmroman10-regular]:+tlig;!
Missing character: There is no 서 (U+C11C) in font [lmroman10-regular]:+tlig;!
Missing character: There is no 고 (U+ACE0) in font [lmroman10-regular]:+tlig;!
Missing character: There is no 준 (U+C900) in font [lmroman10-regular]:+tlig;!
Missing character: There is no 호 (U+D638) in font [lmroman10-regular]:+tlig;!
Missing character: There is no 교 (U+AD50) in font [lmroman10-regular]:+tlig;!
Missing character: There is no 수 (U+C218) in font [lmroman10-regular]:+tlig;!
Missing character: There is no 님 (U+B2D8) in font [lmroman10-regular]:+tlig;!
Missing character: There is no 이 (U+C774) in font [lmroman10-regular]:+tlig;!
Missing character: There is no 강 (U+AC15) in font [lmroman10-regular]:+tlig;!
Missing character: There is no 의 (U+C758) in font [lmroman10-regular]:+tlig;!
Missing character: There is no 하 (U+D558) in font [lmroman10-regular]:+tlig;!
Missing character: There is no 시 (U+C2DC) in font [lmroman10-regular]:+tlig;!
Missing character: There is no 는 (U+B294) in font [lmroman10-regular]:+tlig;!
Missing character: There is no 교 (U+AD50) in font [lmroman10-regular]:+tlig;!
Missing character: There is no 통 (U+D1B5) in font [lmroman10-regular]:+tlig;!
Missing character: There is no 공 (U+ACF5) in font [lmroman10-regular]:+tlig;!
Missing character: There is no 학 (U+D559) in font [lmroman10-regular]:+tlig;!
Missing character: There is no 수 (U+C218) in font [lmroman10-regular]:+tlig;!
Missing character: There is no 업 (U+C5C5) in font [lmroman10-regular]:+tlig;!
Missing character: There is no 중 (U+C911) in font [lmroman10-regular]:+tlig;!
Missing character: There is no 실 (U+C2E4) in font [lmroman10-regular]:+tlig;!
Missing character: There is no 습 (U+C2B5) in font [lmroman10-regular]:+tlig;!
Missing character: There is no 을 (U+C744) in font [lmroman10-regular]:+tlig;!
Missing character: There is no 위 (U+C704) in font [lmroman10-regular]:+tlig;!
Missing character: There is no 해 (U+D574) in font [lmroman10-regular]:+tlig;!
Missing character: There is no 작 (U+C791) in font [lmroman10-regular]:+tlig;!
Missing character: There is no 성 (U+C131) in font [lmroman10-regular]:+tlig;!
Missing character: There is no 되 (U+B418) in font [lmroman10-regular]:+tlig;!
Missing character: There is no 었 (U+C5C8) in font [lmroman10-regular]:+tlig;!
Missing character: There is no 습 (U+C2B5) in font [lmroman10-regular]:+tlig;!
Missing character: There is no 니 (U+B2C8) in font [lmroman10-regular]:+tlig;!
Missing character: There is no 다 (U+B2E4) in font [lmroman10-regular]:+tlig;!
Missing character: There is no 이 (U+C774) in font [lmroman10-regular]:+tlig;!
Missing character: There is no 튜 (U+D29C) in font [lmroman10-regular]:+tlig;!
Missing character: There is no 토 (U+D1A0) in font [lmroman10-regular]:+tlig;!
Missing character: There is no 리 (U+B9AC) in font [lmroman10-regular]:+tlig;!
Missing character: There is no 얼 (U+C5BC) in font [lmroman10-regular]:+tlig;!
Missing character: There is no 의 (U+C758) in font [lmroman10-regular]:+tlig;!
Missing character: There is no 목 (U+BAA9) in font [lmroman10-regular]:+tlig;!
Missing character: There is no 적 (U+C801) in font [lmroman10-regular]:+tlig;!
Missing character: There is no 은 (U+C740) in font [lmroman10-regular]:+tlig;!
Missing character: There is no 아 (U+C544) in font [lmroman10-regular]:+tlig;!
Missing character: There is no 래 (U+B798) in font [lmroman10-regular]:+tlig;!
Missing character: There is no 와 (U+C640) in font [lmroman10-regular]:+tlig;!
Missing character: There is no 같 (U+AC19) in font [lmroman10-regular]:+tlig;!
Missing character: There is no 습 (U+C2B5) in font [lmroman10-regular]:+tlig;!
Missing character: There is no 니 (U+B2C8) in font [lmroman10-regular]:+tlig;!
Missing character: There is no 다 (U+B2E4) in font [lmroman10-regular]:+tlig;!
Missing character: There is no 설 (U+C124) in font [lmroman10-regular]:+tlig;!
Missing character: There is no 치 (U+CE58) in font [lmroman10-regular]:+tlig;!
Missing character: There is no 하 (U+D558) in font [lmroman10-regular]:+tlig;!
Missing character: There is no 기 (U+AE30) in font [lmroman10-regular]:+tlig;!
Missing character: There is no 프 (U+D504) in font [lmroman10-regular]:+tlig;!
Missing character: There is no 로 (U+B85C) in font [lmroman10-regular]:+tlig;!
Missing character: There is no 그 (U+ADF8) in font [lmroman10-regular]:+tlig;!
Missing character: There is no 램 (U+B7A8) in font [lmroman10-regular]:+tlig;!
Missing character: There is no 의 (U+C758) in font [lmroman10-regular]:+tlig;!
Missing character: There is no 을 (U+C744) in font [lmroman10-regular]:+tlig;!
Missing character: There is no 사 (U+C0AC) in font [lmroman10-regular]:+tlig;!
Missing character: There is no 용 (U+C6A9) in font [lmroman10-regular]:+tlig;!
Missing character: There is no 하 (U+D558) in font [lmroman10-regular]:+tlig;!
Missing character: There is no 기 (U+AE30) in font [lmroman10-regular]:+tlig;!
Missing character: There is no 위 (U+C704) in font [lmroman10-regular]:+tlig;!
Missing character: There is no 해 (U+D574) in font [lmroman10-regular]:+tlig;!
Missing character: There is no 와 (U+C640) in font [lmroman10-regular]:+tlig;!
Missing character: There is no 설 (U+C124) in font [lmroman10-regular]:+tlig;!
Missing character: There is no 치 (U+CE58) in font [lmroman10-regular]:+tlig;!
Missing character: There is no 하 (U+D558) in font [lmroman10-regular]:+tlig;!
Missing character: There is no 기 (U+AE30) in font [lmroman10-regular]:+tlig;!
Missing character: There is no 파 (U+D30C) in font [lmroman10-regular]:+tlig;!
Missing character: There is no 일 (U+C77C) in font [lmroman10-regular]:+tlig;!
Missing character: There is no 을 (U+C744) in font [lmroman10-regular]:+tlig;!
Missing character: There is no 편 (U+D3B8) in font [lmroman10-regular]:+tlig;!
Missing character: There is no 집 (U+C9D1) in font [lmroman10-regular]:+tlig;!
Missing character: There is no 하 (U+D558) in font [lmroman10-regular]:+tlig;!
Missing character: There is no 기 (U+AE30) in font [lmroman10-regular]:+tlig;!
Missing character: There is no 위 (U+C704) in font [lmroman10-regular]:+tlig;!
Missing character: There is no 한 (U+D55C) in font [lmroman10-regular]:+tlig;!
Missing character: There is no 설 (U+C124) in font [lmroman10-regular]:+tlig;!
Missing character: There is no 치 (U+CE58) in font [lmroman10-regular]:+tlig;!
Missing character: There is no 간 (U+AC04) in font [lmroman10-regular]:+tlig;!
Missing character: There is no 단 (U+B2E8) in font [lmroman10-regular]:+tlig;!
Missing character: There is no 한 (U+D55C) in font [lmroman10-regular]:+tlig;!
Missing character: There is no 교 (U+AD50) in font [lmroman10-regular]:+tlig;!
Missing character: There is no 통 (U+D1B5) in font [lmroman10-regular]:+tlig;!
Missing character: There is no 네 (U+B124) in font [lmroman10-regular]:+tlig;!
Missing character: There is no 트 (U+D2B8) in font [lmroman10-regular]:+tlig;!
Missing character: There is no 워 (U+C6CC) in font [lmroman10-regular]:+tlig;!
Missing character: There is no 크 (U+D06C) in font [lmroman10-regular]:+tlig;!
Missing character: There is no 를 (U+B97C) in font [lmroman10-regular]:+tlig;!
Missing character: There is no 시 (U+C2DC) in font [lmroman10-regular]:+tlig;!
Missing character: There is no 뮬 (U+BBAC) in font [lmroman10-regular]:+tlig;!
Missing character: There is no 레 (U+B808) in font [lmroman10-regular]:+tlig;!
Missing character: There is no 이 (U+C774) in font [lmroman10-regular]:+tlig;!
Missing character: There is no 션 (U+C158) in font [lmroman10-regular]:+tlig;!
Missing character: There is no 하 (U+D558) in font [lmroman10-regular]:+tlig;!
Missing character: There is no 여 (U+C5EC) in font [lmroman10-regular]:+tlig;!
Missing character: There is no 동 (U+B3D9) in font [lmroman10-regular]:+tlig;!
Missing character: There is no 작 (U+C791) in font [lmroman10-regular]:+tlig;!
Missing character: There is no 방 (U+BC29) in font [lmroman10-regular]:+tlig;!
Missing character: There is no 법 (U+BC95) in font [lmroman10-regular]:+tlig;!
Missing character: There is no 이 (U+C774) in font [lmroman10-regular]:+tlig;!
Missing character: There is no 해 (U+D574) in font [lmroman10-regular]:+tlig;!
Missing character: There is no 하 (U+D558) in font [lmroman10-regular]:+tlig;!
Missing character: There is no 기 (U+AE30) in font [lmroman10-regular]:+tlig;!
Missing character: There is no 동 (U+B3D9) in font [lmroman10-regular]:+tlig;!
Missing character: There is no 작 (U+C791) in font [lmroman10-regular]:+tlig;!
Missing character: There is no 시 (U+C2DC) in font [lmroman10-regular]:+tlig;!
Missing character: There is no 키 (U+D0A4) in font [lmroman10-regular]:+tlig;!
Missing character: There is no 기 (U+AE30) in font [lmroman10-regular]:+tlig;!
Missing character: There is no 예 (U+C608) in font [lmroman10-regular]:+tlig;!
Missing character: There is no 시 (U+C2DC) in font [lmroman10-regular]:+tlig;!
Missing character: There is no 프 (U+D504) in font [lmroman10-regular]:+tlig;!
Missing character: There is no 로 (U+B85C) in font [lmroman10-regular]:+tlig;!
Missing character: There is no 젝 (U+C81D) in font [lmroman10-regular]:+tlig;!
Missing character: There is no 트 (U+D2B8) in font [lmroman10-regular]:+tlig;!
Missing character: There is no 보 (U+BCF4) in font [lmroman10-regular]:+tlig;!
Missing character: There is no 기 (U+AE30) in font [lmroman10-regular]:+tlig;!
Missing character: There is no 이 (U+C774) in font [lmroman10-regular]:+tlig;!
Missing character: There is no 튜 (U+D29C) in font [lmroman10-regular]:+tlig;!
Missing character: There is no 토 (U+D1A0) in font [lmroman10-regular]:+tlig;!
Missing character: There is no 리 (U+B9AC) in font [lmroman10-regular]:+tlig;!
Missing character: There is no 얼 (U+C5BC) in font [lmroman10-regular]:+tlig;!
Missing character: There is no 은 (U+C740) in font [lmroman10-regular]:+tlig;!
Missing character: There is no 윈 (U+C708) in font [lmroman10-regular]:+tlig;!
Missing character: There is no 도 (U+B3C4) in font [lmroman10-regular]:+tlig;!
Missing character: There is no 우 (U+C6B0) in font [lmroman10-regular]:+tlig;!
Missing character: There is no 를 (U+B97C) in font [lmroman10-regular]:+tlig;!
Missing character: There is no 기 (U+AE30) in font [lmroman10-regular]:+tlig;!
Missing character: There is no 준 (U+C900) in font [lmroman10-regular]:+tlig;!
Missing character: There is no 으 (U+C73C) in font [lmroman10-regular]:+tlig;!
Missing character: There is no 로 (U+B85C) in font [lmroman10-regular]:+tlig;!
Missing character: There is no 작 (U+C791) in font [lmroman10-regular]:+tlig;!
Missing character: There is no 성 (U+C131) in font [lmroman10-regular]:+tlig;!
Missing character: There is no 되 (U+B418) in font [lmroman10-regular]:+tlig;!
Missing character: There is no 었 (U+C5C8) in font [lmroman10-regular]:+tlig;!
Missing character: There is no 습 (U+C2B5) in font [lmroman10-regular]:+tlig;!
Missing character: There is no 니 (U+B2C8) in font [lmroman10-regular]:+tlig;!
Missing character: There is no 다 (U+B2E4) in font [lmroman10-regular]:+tlig;!
Missing character: There is no 년 (U+B144) in font [lmroman10-regular]:+tlig;!
Missing character: There is no 강 (U+AC15) in font [lmroman10-regular]:+tlig;!
Missing character: There is no 의 (U+C758) in font [lmroman10-regular]:+tlig;!
Missing character: There is no 수 (U+C218) in font [lmroman10-regular]:+tlig;!
Missing character: There is no 강 (U+AC15) in font [lmroman10-regular]:+tlig;!
Missing character: There is no 생 (U+C0DD) in font [lmroman10-regular]:+tlig;!
Missing character: There is no 중 (U+C911) in font [lmroman10-regular]:+tlig;!
Missing character: There is no 사 (U+C0AC) in font [lmroman10-regular]:+tlig;!
Missing character: There is no 용 (U+C6A9) in font [lmroman10-regular]:+tlig;!
Missing character: There is no 자 (U+C790) in font [lmroman10-regular]:+tlig;!
Missing character: There is no 가 (U+AC00) in font [lmroman10-regular]:+tlig;!
Missing character: There is no 있 (U+C788) in font [lmroman10-regular]:+tlig;!
Missing character: There is no 어 (U+C5B4) in font [lmroman10-regular]:+tlig;!
Missing character: There is no 해 (U+D574) in font [lmroman10-regular]:+tlig;!
Missing character: There is no 당 (U+B2F9) in font [lmroman10-regular]:+tlig;!
Missing character: There is no 학 (U+D559) in font [lmroman10-regular]:+tlig;!
Missing character: There is no 생 (U+C0DD) in font [lmroman10-regular]:+tlig;!
Missing character: There is no 의 (U+C758) in font [lmroman10-regular]:+tlig;!
Missing character: There is no 질 (U+C9C8) in font [lmroman10-regular]:+tlig;!
Missing character: There is no 문 (U+BB38) in font [lmroman10-regular]:+tlig;!
Missing character: There is no 을 (U+C744) in font [lmroman10-regular]:+tlig;!
Missing character: There is no 기 (U+AE30) in font [lmroman10-regular]:+tlig;!
Missing character: There is no 준 (U+C900) in font [lmroman10-regular]:+tlig;!
Missing character: There is no 으 (U+C73C) in font [lmroman10-regular]:+tlig;!
Missing character: There is no 로 (U+B85C) in font [lmroman10-regular]:+tlig;!
Missing character: There is no 설 (U+C124) in font [lmroman10-regular]:+tlig;!
Missing character: There is no 치 (U+CE58) in font [lmroman10-regular]:+tlig;!
Missing character: There is no 방 (U+BC29) in font [lmroman10-regular]:+tlig;!
Missing character: There is no 법 (U+BC95) in font [lmroman10-regular]:+tlig;!
Missing character: There is no 을 (U+C744) in font [lmroman10-regular]:+tlig;!
Missing character: There is no 작 (U+C791) in font [lmroman10-regular]:+tlig;!
Missing character: There is no 성 (U+C131) in font [lmroman10-regular]:+tlig;!
Missing character: There is no 하 (U+D558) in font [lmroman10-regular]:+tlig;!
Missing character: There is no 였 (U+C600) in font [lmroman10-regular]:+tlig;!
Missing character: There is no 으 (U+C73C) in font [lmroman10-regular]:+tlig;!
Missing character: There is no 나 (U+B098) in font [lmroman10-regular]:+tlig;!
Missing character: There is no 오 (U+C624) in font [lmroman10-regular]:+tlig;!
Missing character: There is no 류 (U+B958) in font [lmroman10-regular]:+tlig;!
Missing character: There is no 가 (U+AC00) in font [lmroman10-regular]:+tlig;!
Missing character: There is no 있 (U+C788) in font [lmroman10-regular]:+tlig;!
Missing character: There is no 을 (U+C744) in font [lmroman10-regular]:+tlig;!
Missing character: There is no 수 (U+C218) in font [lmroman10-regular]:+tlig;!
Missing character: There is no 있 (U+C788) in font [lmroman10-regular]:+tlig;!
Missing character: There is no 습 (U+C2B5) in font [lmroman10-regular]:+tlig;!
Missing character: There is no 니 (U+B2C8) in font [lmroman10-regular]:+tlig;!
Missing character: There is no 다 (U+B2E4) in font [lmroman10-regular]:+tlig;!
Missing character: There is no 양 (U+C591) in font [lmroman10-regular]:+tlig;!
Missing character: There is no 해 (U+D574) in font [lmroman10-regular]:+tlig;!
Missing character: There is no 해 (U+D574) in font [lmroman10-regular]:+tlig;!
Missing character: There is no 주 (U+C8FC) in font [lmroman10-regular]:+tlig;!
Missing character: There is no 시 (U+C2DC) in font [lmroman10-regular]:+tlig;!
Missing character: There is no 면 (U+BA74) in font [lmroman10-regular]:+tlig;!
Missing character: There is no 감 (U+AC10) in font [lmroman10-regular]:+tlig;!
Missing character: There is no 사 (U+C0AC) in font [lmroman10-regular]:+tlig;!
Missing character: There is no 드 (U+B4DC) in font [lmroman10-regular]:+tlig;!
Missing character: There is no 리 (U+B9AC) in font [lmroman10-regular]:+tlig;!
Missing character: There is no 겠 (U+ACA0) in font [lmroman10-regular]:+tlig;!
Missing character: There is no 습 (U+C2B5) in font [lmroman10-regular]:+tlig;!
Missing character: There is no 니 (U+B2C8) in font [lmroman10-regular]:+tlig;!
Missing character: There is no 다 (U+B2E4) in font [lmroman10-regular]:+tlig;!
Missing character: There is no 튜 (U+D29C) in font [lmroman10-regular]:+tlig;!
Missing character: There is no 토 (U+D1A0) in font [lmroman10-regular]:+tlig;!
Missing character: There is no 리 (U+B9AC) in font [lmroman10-regular]:+tlig;!
Missing character: There is no 얼 (U+C5BC) in font [lmroman10-regular]:+tlig;!
Missing character: There is no 오 (U+C624) in font [lmroman10-regular]:+tlig;!
Missing character: There is no 류 (U+B958) in font [lmroman10-regular]:+tlig;!
Missing character: There is no 문 (U+BB38) in font [lmroman10-regular]:+tlig;!
Missing character: There is no 의 (U+C758) in font [lmroman10-regular]:+tlig;!
Missing character: There is no 사 (U+C0AC) in font [lmroman10-regular]:+tlig;!
Missing character: There is no 항 (U+D56D) in font [lmroman10-regular]:+tlig;!
Missing character: There is no 등 (U+B4F1) in font [lmroman10-regular]:+tlig;!
Missing character: There is no 을 (U+C744) in font [lmroman10-regular]:+tlig;!
Missing character: There is no 아 (U+C544) in font [lmroman10-regular]:+tlig;!
Missing character: There is no 래 (U+B798) in font [lmroman10-regular]:+tlig;!
Missing character: There is no 의 (U+C758) in font [lmroman10-regular]:+tlig;!
Missing character: There is no 주 (U+C8FC) in font [lmroman10-regular]:+tlig;!
Missing character: There is no 소 (U+C18C) in font [lmroman10-regular]:+tlig;!
Missing character: There is no 로 (U+B85C) in font [lmroman10-regular]:+tlig;!
Missing character: There is no 메 (U+BA54) in font [lmroman10-regular]:+tlig;!
Missing character: There is no 일 (U+C77C) in font [lmroman10-regular]:+tlig;!
Missing character: There is no 보 (U+BCF4) in font [lmroman10-regular]:+tlig;!
Missing character: There is no 내 (U+B0B4) in font [lmroman10-regular]:+tlig;!
Missing character: There is no 주 (U+C8FC) in font [lmroman10-regular]:+tlig;!
Missing character: There is no 시 (U+C2DC) in font [lmroman10-regular]:+tlig;!
Missing character: There is no 면 (U+BA74) in font [lmroman10-regular]:+tlig;!
Missing character: There is no 감 (U+AC10) in font [lmroman10-regular]:+tlig;!
Missing character: There is no 사 (U+C0AC) in font [lmroman10-regular]:+tlig;!
Missing character: There is no 드 (U+B4DC) in font [lmroman10-regular]:+tlig;!
Missing character: There is no 리 (U+B9AC) in font [lmroman10-regular]:+tlig;!
Missing character: There is no 겠 (U+ACA0) in font [lmroman10-regular]:+tlig;!
Missing character: There is no 습 (U+C2B5) in font [lmroman10-regular]:+tlig;!
Missing character: There is no 니 (U+B2C8) in font [lmroman10-regular]:+tlig;!
Missing character: There is no 다 (U+B2E4) in font [lmroman10-regular]:+tlig;!
Missing character: There is no 문 (U+BB38) in font [lmroman10-regular]:+tlig;!
Missing character: There is no 의 (U+C758) in font [lmroman10-regular]:+tlig;!
Missing character: There is no 이 (U+C774) in font [lmroman10-regular]:+tlig;!
Missing character: There is no 메 (U+BA54) in font [lmroman10-regular]:+tlig;!
Missing character: There is no 일 (U+C77C) in font [lmroman10-regular]:+tlig;!
]
chapter 1.
Missing character: There is no 소 (U+C18C) in font [lmsans10-bold]:+tlig;!
Missing character: There is no 개 (U+AC1C) in font [lmsans10-bold]:+tlig;!
Missing character: There is no 소 (U+C18C) in font [lmsans10-bold]:+tlig;!
Missing character: There is no 개 (U+AC1C) in font [lmsans10-bold]:+tlig;!
Missing character: There is no 프 (U+D504) in font [lmroman10-regular]:+tlig;!
Missing character: There is no 로 (U+B85C) in font [lmroman10-regular]:+tlig;!
Missing character: There is no 그 (U+ADF8) in font [lmroman10-regular]:+tlig;!
Missing character: There is no 램 (U+B7A8) in font [lmroman10-regular]:+tlig;!
Missing character: There is no 은 (U+C740) in font [lmroman10-regular]:+tlig;!
Missing character: There is no 독 (U+B3C5) in font [lmroman10-regular]:+tlig;!
Missing character: There is no 일 (U+C77C) in font [lmroman10-regular]:+tlig;!
Missing character: There is no 우 (U+C6B0) in font [lmroman10-regular]:+tlig;!
Missing character: There is no 주 (U+C8FC) in font [lmroman10-regular]:+tlig;!
Missing character: There is no 항 (U+D56D) in font [lmroman10-regular]:+tlig;!
Missing character: There is no 공 (U+ACF5) in font [lmroman10-regular]:+tlig;!
Missing character: There is no 센 (U+C13C) in font [lmroman10-regular]:+tlig;!
Missing character: There is no 터 (U+D130) in font [lmroman10-regular]:+tlig;!
Missing character: There is no 의 (U+C758) in font [lmroman10-regular]:+tlig;!
Missing character: There is no 교 (U+AD50) in font [lmroman10-regular]:+tlig;!
Missing character: There is no 통 (U+D1B5) in font [lmroman10-regular]:+tlig;!
Missing character: There is no 시 (U+C2DC) in font [lmroman10-regular]:+tlig;!
Missing character: There is no 스 (U+C2A4) in font [lmroman10-regular]:+tlig;!
Missing character: There is no 템 (U+D15C) in font [lmroman10-regular]:+tlig;!
Missing character: There is no 연 (U+C5F0) in font [lmroman10-regular]:+tlig;!
Missing character: There is no 구 (U+AD6C) in font [lmroman10-regular]:+tlig;!
Missing character: There is no 원 (U+C6D0) in font [lmroman10-regular]:+tlig;!
Missing character: There is no 에 (U+C5D0) in font [lmroman10-regular]:+tlig;!
Missing character: There is no 서 (U+C11C) in font [lmroman10-regular]:+tlig;!
Missing character: There is no 개 (U+AC1C) in font [lmroman10-regular]:+tlig;!
Missing character: There is no 발 (U+BC1C) in font [lmroman10-regular]:+tlig;!
Missing character: There is no 한 (U+D55C) in font [lmroman10-regular]:+tlig;!
Missing character: There is no 오 (U+C624) in font [lmroman10-regular]:+tlig;!
Missing character: There is no 픈 (U+D508) in font [lmroman10-regular]:+tlig;!
Missing character: There is no 소 (U+C18C) in font [lmroman10-regular]:+tlig;!
Missing character: There is no 스 (U+C2A4) in font [lmroman10-regular]:+tlig;!
Missing character: There is no 교 (U+AD50) in font [lmroman10-regular]:+tlig;!
Missing character: There is no 통 (U+D1B5) in font [lmroman10-regular]:+tlig;!
Missing character: There is no 시 (U+C2DC) in font [lmroman10-regular]:+tlig;!
Missing character: There is no 뮬 (U+BBAC) in font [lmroman10-regular]:+tlig;!
Missing character: There is no 레 (U+B808) in font [lmroman10-regular]:+tlig;!
Missing character: There is no 이 (U+C774) in font [lmroman10-regular]:+tlig;!
Missing character: There is no 션 (U+C158) in font [lmroman10-regular]:+tlig;!
Missing character: There is no 프 (U+D504) in font [lmroman10-regular]:+tlig;!
Missing character: There is no 로 (U+B85C) in font [lmroman10-regular]:+tlig;!
Missing character: There is no 그 (U+ADF8) in font [lmroman10-regular]:+tlig;!
Missing character: There is no 램 (U+B7A8) in font [lmroman10-regular]:+tlig;!
Missing character: There is no 입 (U+C785) in font [lmroman10-regular]:+tlig;!
Missing character: There is no 니 (U+B2C8) in font [lmroman10-regular]:+tlig;!
Missing character: There is no 다 (U+B2E4) in font [lmroman10-regular]:+tlig;!
Missing character: There is no 프 (U+D504) in font [lmroman10-regular]:+tlig;!
Missing character: There is no 로 (U+B85C) in font [lmroman10-regular]:+tlig;!
Missing character: There is no 그 (U+ADF8) in font [lmroman10-regular]:+tlig;!
Missing character: There is no 램 (U+B7A8) in font [lmroman10-regular]:+tlig;!
Missing character: There is no 은 (U+C740) in font [lmroman10-regular]:+tlig;!
Missing character: There is no 독 (U+B3C5) in font [lmroman10-regular]:+tlig;!
Missing character: There is no 일 (U+C77C) in font [lmroman10-regular]:+tlig;!
Missing character: There is no 우 (U+C6B0) in font [lmroman10-regular]:+tlig;!
Missing character: There is no 주 (U+C8FC) in font [lmroman10-regular]:+tlig;!
Missing character: There is no 항 (U+D56D) in font [lmroman10-regular]:+tlig;!
Missing character: There is no 공 (U+ACF5) in font [lmroman10-regular]:+tlig;!
Missing character: There is no 센 (U+C13C) in font [lmroman10-regular]:+tlig;!
Missing character: There is no 터 (U+D130) in font [lmroman10-regular]:+tlig;!
Missing character: There is no 의 (U+C758) in font [lmroman10-regular]:+tlig;!
Missing character: There is no 교 (U+AD50) in font [lmroman10-regular]:+tlig;!
Missing character: There is no 통 (U+D1B5) in font [lmroman10-regular]:+tlig;!
Missing character: There is no 시 (U+C2DC) in font [lmroman10-regular]:+tlig;!
Missing character: There is no 스 (U+C2A4) in font [lmroman10-regular]:+tlig;!
Missing character: There is no 템 (U+D15C) in font [lmroman10-regular]:+tlig;!
Missing character: There is no 연 (U+C5F0) in font [lmroman10-regular]:+tlig;!
Missing character: There is no 구 (U+AD6C) in font [lmroman10-regular]:+tlig;!
Missing character: There is no 원 (U+C6D0) in font [lmroman10-regular]:+tlig;!
Missing character: There is no 에 (U+C5D0) in font [lmroman10-regular]:+tlig;!
Missing character: There is no 서 (U+C11C) in font [lmroman10-regular]:+tlig;!
Missing character: There is no 개 (U+AC1C) in font [lmroman10-regular]:+tlig;!
Missing character: There is no 발 (U+BC1C) in font [lmroman10-regular]:+tlig;!
Missing character: There is no 한 (U+D55C) in font [lmroman10-regular]:+tlig;!
Missing character: There is no 오 (U+C624) in font [lmroman10-regular]:+tlig;!
Missing character: There is no 픈 (U+D508) in font [lmroman10-regular]:+tlig;!
Missing character: There is no 소 (U+C18C) in font [lmroman10-regular]:+tlig;!
Missing character: There is no 스 (U+C2A4) in font [lmroman10-regular]:+tlig;!
Missing character: There is no 교 (U+AD50) in font [lmroman10-regular]:+tlig;!
Missing character: There is no 통 (U+D1B5) in font [lmroman10-regular]:+tlig;!
Missing character: There is no 시 (U+C2DC) in font [lmroman10-regular]:+tlig;!
Missing character: There is no 뮬 (U+BBAC) in font [lmroman10-regular]:+tlig;!
Missing character: There is no 레 (U+B808) in font [lmroman10-regular]:+tlig;!
Missing character: There is no 이 (U+C774) in font [lmroman10-regular]:+tlig;!
Missing character: There is no 션 (U+C158) in font [lmroman10-regular]:+tlig;!
Missing character: There is no 프 (U+D504) in font [lmroman10-regular]:+tlig;!
Missing character: There is no 로 (U+B85C) in font [lmroman10-regular]:+tlig;!
Missing character: There is no 그 (U+ADF8) in font [lmroman10-regular]:+tlig;!
Missing character: There is no 램 (U+B7A8) in font [lmroman10-regular]:+tlig;!
Missing character: There is no 입 (U+C785) in font [lmroman10-regular]:+tlig;!
Missing character: There is no 니 (U+B2C8) in font [lmroman10-regular]:+tlig;!
Missing character: There is no 다 (U+B2E4) in font [lmroman10-regular]:+tlig;!
Missing character: There is no 는 (U+B294) in font [lmroman10-regular]:+tlig;!
Missing character: There is no 의 (U+C758) in font [lmroman10-regular]:+tlig;!
Missing character: There is no 약 (U+C57D) in font [lmroman10-regular]:+tlig;!
Missing character: There is no 어 (U+C5B4) in font [lmroman10-regular]:+tlig;!
Missing character: There is no 인 (U+C778) in font [lmroman10-regular]:+tlig;!
Missing character: There is no 데 (U+B370) in font [lmroman10-regular]:+tlig;!
Missing character: There is no 이 (U+C774) in font [lmroman10-regular]:+tlig;!
Missing character: There is no 이 (U+C774) in font [lmroman10-regular]:+tlig;!
Missing character: There is no 름 (U+B984) in font [lmroman10-regular]:+tlig;!
Missing character: There is no 처 (U+CC98) in font [lmroman10-regular]:+tlig;!
Missing character: There is no 럼 (U+B7FC) in font [lmroman10-regular]:+tlig;!
Missing character: There is no 도 (U+B3C4) in font [lmroman10-regular]:+tlig;!
Missing character: There is no 로 (U+B85C) in font [lmroman10-regular]:+tlig;!
Missing character: There is no 교 (U+AD50) in font [lmroman10-regular]:+tlig;!
Missing character: There is no 통 (U+D1B5) in font [lmroman10-regular]:+tlig;!
Missing character: There is no 대 (U+B300) in font [lmroman10-regular]:+tlig;!
Missing character: There is no 중 (U+C911) in font [lmroman10-regular]:+tlig;!
Missing character: There is no 교 (U+AD50) in font [lmroman10-regular]:+tlig;!
Missing character: There is no 통 (U+D1B5) in font [lmroman10-regular]:+tlig;!
Missing character: There is no 멀 (U+BA40) in font [lmroman10-regular]:+tlig;!
Missing character: There is no 티 (U+D2F0) in font [lmroman10-regular]:+tlig;!
Missing character: There is no 모 (U+BAA8) in font [lmroman10-regular]:+tlig;!
Missing character: There is no 달 (U+B2EC) in font [lmroman10-regular]:+tlig;!
Missing character: There is no 통 (U+D1B5) in font [lmroman10-regular]:+tlig;!
Missing character: There is no 행 (U+D589) in font [lmroman10-regular]:+tlig;!
Missing character: There is no 보 (U+BCF4) in font [lmroman10-regular]:+tlig;!
Missing character: There is no 행 (U+D589) in font [lmroman10-regular]:+tlig;!
Missing character: There is no 자 (U+C790) in font [lmroman10-regular]:+tlig;!
Missing character: There is no 교 (U+AD50) in font [lmroman10-regular]:+tlig;!
Missing character: There is no 통 (U+D1B5) in font [lmroman10-regular]:+tlig;!
Missing character: There is no 등 (U+B4F1) in font [lmroman10-regular]:+tlig;!
Missing character: There is no 다 (U+B2E4) in font [lmroman10-regular]:+tlig;!
Missing character: There is no 양 (U+C591) in font [lmroman10-regular]:+tlig;!
Missing character: There is no 한 (U+D55C) in font [lmroman10-regular]:+tlig;!
Missing character: There is no 도 (U+B3C4) in font [lmroman10-regular]:+tlig;!
Missing character: There is no 시 (U+C2DC) in font [lmroman10-regular]:+tlig;!
Missing character: There is no 교 (U+AD50) in font [lmroman10-regular]:+tlig;!
Missing character: There is no 통 (U+D1B5) in font [lmroman10-regular]:+tlig;!
Missing character: There is no 수 (U+C218) in font [lmroman10-regular]:+tlig;!
Missing character: There is no 단 (U+B2E8) in font [lmroman10-regular]:+tlig;!
Missing character: There is no 에 (U+C5D0) in font [lmroman10-regular]:+tlig;!
Missing character: There is no 대 (U+B300) in font [lmroman10-regular]:+tlig;!
Missing character: There is no 해 (U+D574) in font [lmroman10-regular]:+tlig;!
Missing character: There is no 시 (U+C2DC) in font [lmroman10-regular]:+tlig;!
Missing character: There is no 뮬 (U+BBAC) in font [lmroman10-regular]:+tlig;!
Missing character: There is no 레 (U+B808) in font [lmroman10-regular]:+tlig;!
Missing character: There is no 이 (U+C774) in font [lmroman10-regular]:+tlig;!
Missing character: There is no 션 (U+C158) in font [lmroman10-regular]:+tlig;!
Missing character: There is no 을 (U+C744) in font [lmroman10-regular]:+tlig;!
Missing character: There is no 제 (U+C81C) in font [lmroman10-regular]:+tlig;!
Missing character: There is no 공 (U+ACF5) in font [lmroman10-regular]:+tlig;!
Missing character: There is no 합 (U+D569) in font [lmroman10-regular]:+tlig;!
Missing character: There is no 니 (U+B2C8) in font [lmroman10-regular]:+tlig;!
Missing character: There is no 다 (U+B2E4) in font [lmroman10-regular]:+tlig;!
Missing character: There is no 또 (U+B610) in font [lmroman10-regular]:+tlig;!
Missing character: There is no 한 (U+D55C) in font [lmroman10-regular]:+tlig;!
Missing character: There is no 등 (U+B4F1) in font [lmroman10-regular]:+tlig;!
Missing character: There is no 가 (U+AC00) in font [lmroman10-regular]:+tlig;!
Missing character: There is no 지 (U+C9C0) in font [lmroman10-regular]:+tlig;!
Missing character: There is no 운 (U+C6B4) in font [lmroman10-regular]:+tlig;!
Missing character: There is no 영 (U+C601) in font [lmroman10-regular]:+tlig;!
Missing character: There is no 체 (U+CCB4) in font [lmroman10-regular]:+tlig;!
Missing character: There is no 제 (U+C81C) in font [lmroman10-regular]:+tlig;!
Missing character: There is no 에 (U+C5D0) in font [lmroman10-regular]:+tlig;!
Missing character: There is no 서 (U+C11C) in font [lmroman10-regular]:+tlig;!
Missing character: There is no 시 (U+C2DC) in font [lmroman10-regular]:+tlig;!
Missing character: There is no 뮬 (U+BBAC) in font [lmroman10-regular]:+tlig;!
Missing character: There is no 레 (U+B808) in font [lmroman10-regular]:+tlig;!
Missing character: There is no 이 (U+C774) in font [lmroman10-regular]:+tlig;!
Missing character: There is no 션 (U+C158) in font [lmroman10-regular]:+tlig;!
Missing character: There is no 을 (U+C744) in font [lmroman10-regular]:+tlig;!
Missing character: There is no 수 (U+C218) in font [lmroman10-regular]:+tlig;!
Missing character: There is no 행 (U+D589) in font [lmroman10-regular]:+tlig;!
Missing character: There is no 할 (U+D560) in font [lmroman10-regular]:+tlig;!
Missing character: There is no 수 (U+C218) in font [lmroman10-regular]:+tlig;!
Missing character: There is no 있 (U+C788) in font [lmroman10-regular]:+tlig;!
Missing character: There is no 습 (U+C2B5) in font [lmroman10-regular]:+tlig;!
Missing character: There is no 니 (U+B2C8) in font [lmroman10-regular]:+tlig;!
Missing character: There is no 다 (U+B2E4) in font [lmroman10-regular]:+tlig;!
Missing character: There is no 는 (U+B294) in font [lmroman10-regular]:+tlig;!
Missing character: There is no 의 (U+C758) in font [lmroman10-regular]:+tlig;!
Missing character: There is no 약 (U+C57D) in font [lmroman10-regular]:+tlig;!
Missing character: There is no 어 (U+C5B4) in font [lmroman10-regular]:+tlig;!
Missing character: There is no 인 (U+C778) in font [lmroman10-regular]:+tlig;!
Missing character: There is no 데 (U+B370) in font [lmroman10-regular]:+tlig;!
Missing character: There is no 이 (U+C774) in font [lmroman10-regular]:+tlig;!
Missing character: There is no 이 (U+C774) in font [lmroman10-regular]:+tlig;!
Missing character: There is no 름 (U+B984) in font [lmroman10-regular]:+tlig;!
Missing character: There is no 처 (U+CC98) in font [lmroman10-regular]:+tlig;!
Missing character: There is no 럼 (U+B7FC) in font [lmroman10-regular]:+tlig;!
Missing character: There is no 도 (U+B3C4) in font [lmroman10-regular]:+tlig;!
Missing character: There is no 로 (U+B85C) in font [lmroman10-regular]:+tlig;!
Missing character: There is no 교 (U+AD50) in font [lmroman10-regular]:+tlig;!
Missing character: There is no 통 (U+D1B5) in font [lmroman10-regular]:+tlig;!
Missing character: There is no 대 (U+B300) in font [lmroman10-regular]:+tlig;!
Missing character: There is no 중 (U+C911) in font [lmroman10-regular]:+tlig;!
Missing character: There is no 교 (U+AD50) in font [lmroman10-regular]:+tlig;!
Missing character: There is no 통 (U+D1B5) in font [lmroman10-regular]:+tlig;!
Missing character: There is no 멀 (U+BA40) in font [lmroman10-regular]:+tlig;!
Missing character: There is no 티 (U+D2F0) in font [lmroman10-regular]:+tlig;!
Missing character: There is no 모 (U+BAA8) in font [lmroman10-regular]:+tlig;!
Missing character: There is no 달 (U+B2EC) in font [lmroman10-regular]:+tlig;!
Missing character: There is no 통 (U+D1B5) in font [lmroman10-regular]:+tlig;!
Missing character: There is no 행 (U+D589) in font [lmroman10-regular]:+tlig;!
Missing character: There is no 보 (U+BCF4) in font [lmroman10-regular]:+tlig;!
Missing character: There is no 행 (U+D589) in font [lmroman10-regular]:+tlig;!
Missing character: There is no 자 (U+C790) in font [lmroman10-regular]:+tlig;!
Missing character: There is no 교 (U+AD50) in font [lmroman10-regular]:+tlig;!
Missing character: There is no 통 (U+D1B5) in font [lmroman10-regular]:+tlig;!
Missing character: There is no 등 (U+B4F1) in font [lmroman10-regular]:+tlig;!
Missing character: There is no 다 (U+B2E4) in font [lmroman10-regular]:+tlig;!
Missing character: There is no 양 (U+C591) in font [lmroman10-regular]:+tlig;!
Missing character: There is no 한 (U+D55C) in font [lmroman10-regular]:+tlig;!
Missing character: There is no 도 (U+B3C4) in font [lmroman10-regular]:+tlig;!
Missing character: There is no 시 (U+C2DC) in font [lmroman10-regular]:+tlig;!
Missing character: There is no 교 (U+AD50) in font [lmroman10-regular]:+tlig;!
Missing character: There is no 통 (U+D1B5) in font [lmroman10-regular]:+tlig;!
Missing character: There is no 수 (U+C218) in font [lmroman10-regular]:+tlig;!
Missing character: There is no 단 (U+B2E8) in font [lmroman10-regular]:+tlig;!
Missing character: There is no 에 (U+C5D0) in font [lmroman10-regular]:+tlig;!
Missing character: There is no 대 (U+B300) in font [lmroman10-regular]:+tlig;!
Missing character: There is no 해 (U+D574) in font [lmroman10-regular]:+tlig;!
Missing character: There is no 시 (U+C2DC) in font [lmroman10-regular]:+tlig;!
Missing character: There is no 뮬 (U+BBAC) in font [lmroman10-regular]:+tlig;!
Missing character: There is no 레 (U+B808) in font [lmroman10-regular]:+tlig;!
Missing character: There is no 이 (U+C774) in font [lmroman10-regular]:+tlig;!
Missing character: There is no 션 (U+C158) in font [lmroman10-regular]:+tlig;!
Missing character: There is no 을 (U+C744) in font [lmroman10-regular]:+tlig;!
Missing character: There is no 제 (U+C81C) in font [lmroman10-regular]:+tlig;!
Missing character: There is no 공 (U+ACF5) in font [lmroman10-regular]:+tlig;!
Missing character: There is no 합 (U+D569) in font [lmroman10-regular]:+tlig;!
Missing character: There is no 니 (U+B2C8) in font [lmroman10-regular]:+tlig;!
Missing character: There is no 다 (U+B2E4) in font [lmroman10-regular]:+tlig;!
Missing character: There is no 는 (U+B294) in font [lmroman10-regular]:+tlig;!
Missing character: There is no 의 (U+C758) in font [lmroman10-regular]:+tlig;!
Missing character: There is no 약 (U+C57D) in font [lmroman10-regular]:+tlig;!
Missing character: There is no 어 (U+C5B4) in font [lmroman10-regular]:+tlig;!
Missing character: There is no 인 (U+C778) in font [lmroman10-regular]:+tlig;!
Missing character: There is no 데 (U+B370) in font [lmroman10-regular]:+tlig;!
Missing character: There is no 이 (U+C774) in font [lmroman10-regular]:+tlig;!
Missing character: There is no 이 (U+C774) in font [lmroman10-regular]:+tlig;!
Missing character: There is no 름 (U+B984) in font [lmroman10-regular]:+tlig;!
Missing character: There is no 처 (U+CC98) in font [lmroman10-regular]:+tlig;!
Missing character: There is no 럼 (U+B7FC) in font [lmroman10-regular]:+tlig;!
Missing character: There is no 도 (U+B3C4) in font [lmroman10-regular]:+tlig;!
Missing character: There is no 로 (U+B85C) in font [lmroman10-regular]:+tlig;!
Missing character: There is no 교 (U+AD50) in font [lmroman10-regular]:+tlig;!
Missing character: There is no 통 (U+D1B5) in font [lmroman10-regular]:+tlig;!
Missing character: There is no 대 (U+B300) in font [lmroman10-regular]:+tlig;!
Missing character: There is no 중 (U+C911) in font [lmroman10-regular]:+tlig;!
Missing character: There is no 교 (U+AD50) in font [lmroman10-regular]:+tlig;!
Missing character: There is no 통 (U+D1B5) in font [lmroman10-regular]:+tlig;!
Missing character: There is no 멀 (U+BA40) in font [lmroman10-regular]:+tlig;!
Missing character: There is no 티 (U+D2F0) in font [lmroman10-regular]:+tlig;!
Missing character: There is no 모 (U+BAA8) in font [lmroman10-regular]:+tlig;!
Missing character: There is no 달 (U+B2EC) in font [lmroman10-regular]:+tlig;!
Missing character: There is no 통 (U+D1B5) in font [lmroman10-regular]:+tlig;!
Missing character: There is no 행 (U+D589) in font [lmroman10-regular]:+tlig;!
Missing character: There is no 보 (U+BCF4) in font [lmroman10-regular]:+tlig;!
Missing character: There is no 행 (U+D589) in font [lmroman10-regular]:+tlig;!
Missing character: There is no 자 (U+C790) in font [lmroman10-regular]:+tlig;!
Missing character: There is no 교 (U+AD50) in font [lmroman10-regular]:+tlig;!
Missing character: There is no 통 (U+D1B5) in font [lmroman10-regular]:+tlig;!
Missing character: There is no 등 (U+B4F1) in font [lmroman10-regular]:+tlig;!
Missing character: There is no 다 (U+B2E4) in font [lmroman10-regular]:+tlig;!
Missing character: There is no 양 (U+C591) in font [lmroman10-regular]:+tlig;!
Missing character: There is no 한 (U+D55C) in font [lmroman10-regular]:+tlig;!
Missing character: There is no 도 (U+B3C4) in font [lmroman10-regular]:+tlig;!
Missing character: There is no 시 (U+C2DC) in font [lmroman10-regular]:+tlig;!
Missing character: There is no 교 (U+AD50) in font [lmroman10-regular]:+tlig;!
Missing character: There is no 통 (U+D1B5) in font [lmroman10-regular]:+tlig;!
Missing character: There is no 수 (U+C218) in font [lmroman10-regular]:+tlig;!
Missing character: There is no 단 (U+B2E8) in font [lmroman10-regular]:+tlig;!
Missing character: There is no 에 (U+C5D0) in font [lmroman10-regular]:+tlig;!
Missing character: There is no 대 (U+B300) in font [lmroman10-regular]:+tlig;!
Missing character: There is no 해 (U+D574) in font [lmroman10-regular]:+tlig;!
Missing character: There is no 시 (U+C2DC) in font [lmroman10-regular]:+tlig;!
Missing character: There is no 뮬 (U+BBAC) in font [lmroman10-regular]:+tlig;!
Missing character: There is no 레 (U+B808) in font [lmroman10-regular]:+tlig;!
Missing character: There is no 이 (U+C774) in font [lmroman10-regular]:+tlig;!
Missing character: There is no 션 (U+C158) in font [lmroman10-regular]:+tlig;!
Missing character: There is no 을 (U+C744) in font [lmroman10-regular]:+tlig;!
Missing character: There is no 제 (U+C81C) in font [lmroman10-regular]:+tlig;!
Missing character: There is no 공 (U+ACF5) in font [lmroman10-regular]:+tlig;!
Missing character: There is no 합 (U+D569) in font [lmroman10-regular]:+tlig;!
Missing character: There is no 니 (U+B2C8) in font [lmroman10-regular]:+tlig;!
Missing character: There is no 다 (U+B2E4) in font [lmroman10-regular]:+tlig;!
Missing character: There is no 또 (U+B610) in font [lmroman10-regular]:+tlig;!
Missing character: There is no 한 (U+D55C) in font [lmroman10-regular]:+tlig;!
Missing character: There is no 등 (U+B4F1) in font [lmroman10-regular]:+tlig;!
Missing character: There is no 가 (U+AC00) in font [lmroman10-regular]:+tlig;!
Missing character: There is no 지 (U+C9C0) in font [lmroman10-regular]:+tlig;!
Missing character: There is no 운 (U+C6B4) in font [lmroman10-regular]:+tlig;!
Missing character: There is no 영 (U+C601) in font [lmroman10-regular]:+tlig;!
Missing character: There is no 체 (U+CCB4) in font [lmroman10-regular]:+tlig;!
Missing character: There is no 제 (U+C81C) in font [lmroman10-regular]:+tlig;!
Missing character: There is no 에 (U+C5D0) in font [lmroman10-regular]:+tlig;!
Missing character: There is no 서 (U+C11C) in font [lmroman10-regular]:+tlig;!
Missing character: There is no 시 (U+C2DC) in font [lmroman10-regular]:+tlig;!
Missing character: There is no 뮬 (U+BBAC) in font [lmroman10-regular]:+tlig;!
Missing character: There is no 레 (U+B808) in font [lmroman10-regular]:+tlig;!
Missing character: There is no 이 (U+C774) in font [lmroman10-regular]:+tlig;!
Missing character: There is no 션 (U+C158) in font [lmroman10-regular]:+tlig;!
Missing character: There is no 을 (U+C744) in font [lmroman10-regular]:+tlig;!
Missing character: There is no 수 (U+C218) in font [lmroman10-regular]:+tlig;!
Missing character: There is no 행 (U+D589) in font [lmroman10-regular]:+tlig;!
Missing character: There is no 할 (U+D560) in font [lmroman10-regular]:+tlig;!
Missing character: There is no 수 (U+C218) in font [lmroman10-regular]:+tlig;!
Missing character: There is no 있 (U+C788) in font [lmroman10-regular]:+tlig;!
Missing character: There is no 습 (U+C2B5) in font [lmroman10-regular]:+tlig;!
Missing character: There is no 니 (U+B2C8) in font [lmroman10-regular]:+tlig;!
Missing character: There is no 다 (U+B2E4) in font [lmroman10-regular]:+tlig;!
Missing character: There is no 또 (U+B610) in font [lmroman10-regular]:+tlig;!
Missing character: There is no 한 (U+D55C) in font [lmroman10-regular]:+tlig;!
Missing character: There is no 개 (U+AC1C) in font [lmroman10-regular]:+tlig;!
Missing character: There is no 별 (U+BCC4) in font [lmroman10-regular]:+tlig;!
Missing character: There is no 차 (U+CC28) in font [lmroman10-regular]:+tlig;!
Missing character: There is no 량 (U+B7C9) in font [lmroman10-regular]:+tlig;!
Missing character: There is no 의 (U+C758) in font [lmroman10-regular]:+tlig;!
Missing character: There is no 움 (U+C6C0) in font [lmroman10-regular]:+tlig;!
Missing character: There is no 직 (U+C9C1) in font [lmroman10-regular]:+tlig;!
Missing character: There is no 임 (U+C784) in font [lmroman10-regular]:+tlig;!
Missing character: There is no 을 (U+C744) in font [lmroman10-regular]:+tlig;!
Missing character: There is no 차 (U+CC28) in font [lmroman10-regular]:+tlig;!
Missing character: There is no 량 (U+B7C9) in font [lmroman10-regular]:+tlig;!
Missing character: There is no 추 (U+CD94) in font [lmroman10-regular]:+tlig;!
Missing character: There is no 종 (U+C885) in font [lmroman10-regular]:+tlig;!
Missing character: There is no 모 (U+BAA8) in font [lmroman10-regular]:+tlig;!
Missing character: There is no 형 (U+D615) in font [lmroman10-regular]:+tlig;!
Missing character: There is no 을 (U+C744) in font [lmroman10-regular]:+tlig;!
Missing character: There is no 적 (U+C801) in font [lmroman10-regular]:+tlig;!
Missing character: There is no 용 (U+C6A9) in font [lmroman10-regular]:+tlig;!
Missing character: There is no 하 (U+D558) in font [lmroman10-regular]:+tlig;!
Missing character: There is no 여 (U+C5EC) in font [lmroman10-regular]:+tlig;!
Missing character: There is no 구 (U+AD6C) in font [lmroman10-regular]:+tlig;!
Missing character: There is no 현 (U+D604) in font [lmroman10-regular]:+tlig;!
Missing character: There is no 하 (U+D558) in font [lmroman10-regular]:+tlig;!
Missing character: There is no 는 (U+B294) in font [lmroman10-regular]:+tlig;!
Missing character: There is no 마 (U+B9C8) in font [lmroman10-regular]:+tlig;!
Missing character: There is no 이 (U+C774) in font [lmroman10-regular]:+tlig;!
Missing character: There is no 크 (U+D06C) in font [lmroman10-regular]:+tlig;!
Missing character: There is no 로 (U+B85C) in font [lmroman10-regular]:+tlig;!
Missing character: There is no 시 (U+C2DC) in font [lmroman10-regular]:+tlig;!
Missing character: There is no 뮬 (U+BBAC) in font [lmroman10-regular]:+tlig;!
Missing character: There is no 레 (U+B808) in font [lmroman10-regular]:+tlig;!
Missing character: There is no 이 (U+C774) in font [lmroman10-regular]:+tlig;!
Missing character: There is no 션 (U+C158) in font [lmroman10-regular]:+tlig;!
Missing character: There is no 입 (U+C785) in font [lmroman10-regular]:+tlig;!
Missing character: There is no 니 (U+B2C8) in font [lmroman10-regular]:+tlig;!
Missing character: There is no 다 (U+B2E4) in font [lmroman10-regular]:+tlig;!
Missing character: There is no 또 (U+B610) in font [lmroman10-regular]:+tlig;!
Missing character: There is no 한 (U+D55C) in font [lmroman10-regular]:+tlig;!
Missing character: There is no 개 (U+AC1C) in font [lmroman10-regular]:+tlig;!
Missing character: There is no 별 (U+BCC4) in font [lmroman10-regular]:+tlig;!
Missing character: There is no 차 (U+CC28) in font [lmroman10-regular]:+tlig;!
Missing character: There is no 량 (U+B7C9) in font [lmroman10-regular]:+tlig;!
Missing character: There is no 의 (U+C758) in font [lmroman10-regular]:+tlig;!
Missing character: There is no 움 (U+C6C0) in font [lmroman10-regular]:+tlig;!
Missing character: There is no 직 (U+C9C1) in font [lmroman10-regular]:+tlig;!
Missing character: There is no 임 (U+C784) in font [lmroman10-regular]:+tlig;!
Missing character: There is no 을 (U+C744) in font [lmroman10-regular]:+tlig;!
Missing character: There is no 차 (U+CC28) in font [lmroman10-regular]:+tlig;!
Missing character: There is no 량 (U+B7C9) in font [lmroman10-regular]:+tlig;!
Missing character: There is no 추 (U+CD94) in font [lmroman10-regular]:+tlig;!
Missing character: There is no 종 (U+C885) in font [lmroman10-regular]:+tlig;!
Missing character: There is no 모 (U+BAA8) in font [lmroman10-regular]:+tlig;!
Missing character: There is no 형 (U+D615) in font [lmroman10-regular]:+tlig;!
Missing character: There is no 을 (U+C744) in font [lmroman10-regular]:+tlig;!
Missing character: There is no 적 (U+C801) in font [lmroman10-regular]:+tlig;!
Missing character: There is no 용 (U+C6A9) in font [lmroman10-regular]:+tlig;!
Missing character: There is no 하 (U+D558) in font [lmroman10-regular]:+tlig;!
Missing character: There is no 여 (U+C5EC) in font [lmroman10-regular]:+tlig;!
Missing character: There is no 구 (U+AD6C) in font [lmroman10-regular]:+tlig;!
Missing character: There is no 현 (U+D604) in font [lmroman10-regular]:+tlig;!
Missing character: There is no 하 (U+D558) in font [lmroman10-regular]:+tlig;!
Missing character: There is no 는 (U+B294) in font [lmroman10-regular]:+tlig;!
Missing character: There is no 마 (U+B9C8) in font [lmroman10-regular]:+tlig;!
Missing character: There is no 이 (U+C774) in font [lmroman10-regular]:+tlig;!
Missing character: There is no 크 (U+D06C) in font [lmroman10-regular]:+tlig;!
Missing character: There is no 로 (U+B85C) in font [lmroman10-regular]:+tlig;!
Missing character: There is no 시 (U+C2DC) in font [lmroman10-regular]:+tlig;!
Missing character: There is no 뮬 (U+BBAC) in font [lmroman10-regular]:+tlig;!
Missing character: There is no 레 (U+B808) in font [lmroman10-regular]:+tlig;!
Missing character: There is no 이 (U+C774) in font [lmroman10-regular]:+tlig;!
Missing character: There is no 션 (U+C158) in font [lmroman10-regular]:+tlig;!
Missing character: There is no 입 (U+C785) in font [lmroman10-regular]:+tlig;!
Missing character: There is no 니 (U+B2C8) in font [lmroman10-regular]:+tlig;!
Missing character: There is no 다 (U+B2E4) in font [lmroman10-regular]:+tlig;!
Missing character: There is no 를 (U+B97C) in font [lmroman10-regular]:+tlig;!
Missing character: There is no 통 (U+D1B5) in font [lmroman10-regular]:+tlig;!
Missing character: There is no 해 (U+D574) in font [lmroman10-regular]:+tlig;!
Missing character: There is no 서 (U+C11C) in font [lmroman10-regular]:+tlig;!
Missing character: There is no 교 (U+AD50) in font [lmroman10-regular]:+tlig;!
Missing character: There is no 통 (U+D1B5) in font [lmroman10-regular]:+tlig;!
Missing character: There is no 정 (U+C815) in font [lmroman10-regular]:+tlig;!
Missing character: There is no 책 (U+CC45) in font [lmroman10-regular]:+tlig;!
Missing character: There is no 신 (U+C2E0) in font [lmroman10-regular]:+tlig;!
Missing character: There is no 호 (U+D638) in font [lmroman10-regular]:+tlig;!
Missing character: There is no 체 (U+CCB4) in font [lmroman10-regular]:+tlig;!
Missing character: There is no 계 (U+ACC4) in font [lmroman10-regular]:+tlig;!
Missing character: There is no 변 (U+BCC0) in font [lmroman10-regular]:+tlig;!
Missing character: There is no 경 (U+ACBD) in font [lmroman10-regular]:+tlig;!
Missing character: There is no 의 (U+C758) in font [lmroman10-regular]:+tlig;!
Missing character: There is no 효 (U+D6A8) in font [lmroman10-regular]:+tlig;!
Missing character: There is no 과 (U+ACFC) in font [lmroman10-regular]:+tlig;!
Missing character: There is no 등 (U+B4F1) in font [lmroman10-regular]:+tlig;!
Missing character: There is no 을 (U+C744) in font [lmroman10-regular]:+tlig;!
Missing character: There is no 예 (U+C608) in font [lmroman10-regular]:+tlig;!
Missing character: There is no 측 (U+CE21) in font [lmroman10-regular]:+tlig;!
Missing character: There is no 해 (U+D574) in font [lmroman10-regular]:+tlig;!
Missing character: There is no 볼 (U+BCFC) in font [lmroman10-regular]:+tlig;!
Missing character: There is no 수 (U+C218) in font [lmroman10-regular]:+tlig;!
Missing character: There is no 있 (U+C788) in font [lmroman10-regular]:+tlig;!
Missing character: There is no 습 (U+C2B5) in font [lmroman10-regular]:+tlig;!
Missing character: There is no 니 (U+B2C8) in font [lmroman10-regular]:+tlig;!
Missing character: There is no 다 (U+B2E4) in font [lmroman10-regular]:+tlig;!
Missing character: There is no 그 (U+ADF8) in font [lmroman10-regular]:+tlig;!
Missing character: There is no 밖 (U+BC16) in font [lmroman10-regular]:+tlig;!
Missing character: There is no 에 (U+C5D0) in font [lmroman10-regular]:+tlig;!
Missing character: There is no 도 (U+B3C4) in font [lmroman10-regular]:+tlig;!
Missing character: There is no 차 (U+CC28) in font [lmroman10-regular]:+tlig;!
Missing character: There is no 량 (U+B7C9) in font [lmroman10-regular]:+tlig;!
Missing character: There is no 의 (U+C758) in font [lmroman10-regular]:+tlig;!
Missing character: There is no 오 (U+C624) in font [lmroman10-regular]:+tlig;!
Missing character: There is no 염 (U+C5FC) in font [lmroman10-regular]:+tlig;!
Missing character: There is no 원 (U+C6D0) in font [lmroman10-regular]:+tlig;!
Missing character: There is no 배 (U+BC30) in font [lmroman10-regular]:+tlig;!
Missing character: There is no 출 (U+CD9C) in font [lmroman10-regular]:+tlig;!
Missing character: There is no 량 (U+B7C9) in font [lmroman10-regular]:+tlig;!
Missing character: There is no 에 (U+C5D0) in font [lmroman10-regular]:+tlig;!
Missing character: There is no 너 (U+B108) in font [lmroman10-regular]:+tlig;!
Missing character: There is no 지 (U+C9C0) in font [lmroman10-regular]:+tlig;!
Missing character: There is no 소 (U+C18C) in font [lmroman10-regular]:+tlig;!
Missing character: There is no 비 (U+BE44) in font [lmroman10-regular]:+tlig;!
Missing character: There is no 량 (U+B7C9) in font [lmroman10-regular]:+tlig;!
Missing character: There is no 등 (U+B4F1) in font [lmroman10-regular]:+tlig;!
Missing character: There is no 도 (U+B3C4) in font [lmroman10-regular]:+tlig;!
Missing character: There is no 시 (U+C2DC) in font [lmroman10-regular]:+tlig;!
Missing character: There is no 뮬 (U+BBAC) in font [lmroman10-regular]:+tlig;!
Missing character: There is no 레 (U+B808) in font [lmroman10-regular]:+tlig;!
Missing character: There is no 이 (U+C774) in font [lmroman10-regular]:+tlig;!
Missing character: There is no 션 (U+C158) in font [lmroman10-regular]:+tlig;!
Missing character: There is no 해 (U+D574) in font [lmroman10-regular]:+tlig;!
Missing character: There is no 볼 (U+BCFC) in font [lmroman10-regular]:+tlig;!
Missing character: There is no 수 (U+C218) in font [lmroman10-regular]:+tlig;!
Missing character: There is no 있 (U+C788) in font [lmroman10-regular]:+tlig;!
Missing character: There is no 습 (U+C2B5) in font [lmroman10-regular]:+tlig;!
Missing character: There is no 니 (U+B2C8) in font [lmroman10-regular]:+tlig;!
Missing character: There is no 다 (U+B2E4) in font [lmroman10-regular]:+tlig;!
Missing character: There is no 를 (U+B97C) in font [lmroman10-regular]:+tlig;!
Missing character: There is no 통 (U+D1B5) in font [lmroman10-regular]:+tlig;!
Missing character: There is no 해 (U+D574) in font [lmroman10-regular]:+tlig;!
Missing character: There is no 서 (U+C11C) in font [lmroman10-regular]:+tlig;!
Missing character: There is no 교 (U+AD50) in font [lmroman10-regular]:+tlig;!
Missing character: There is no 통 (U+D1B5) in font [lmroman10-regular]:+tlig;!
Missing character: There is no 정 (U+C815) in font [lmroman10-regular]:+tlig;!
Missing character: There is no 책 (U+CC45) in font [lmroman10-regular]:+tlig;!
Missing character: There is no 신 (U+C2E0) in font [lmroman10-regular]:+tlig;!
Missing character: There is no 호 (U+D638) in font [lmroman10-regular]:+tlig;!
Missing character: There is no 체 (U+CCB4) in font [lmroman10-regular]:+tlig;!
Missing character: There is no 계 (U+ACC4) in font [lmroman10-regular]:+tlig;!
Missing character: There is no 변 (U+BCC0) in font [lmroman10-regular]:+tlig;!
Missing character: There is no 경 (U+ACBD) in font [lmroman10-regular]:+tlig;!
Missing character: There is no 의 (U+C758) in font [lmroman10-regular]:+tlig;!
Missing character: There is no 효 (U+D6A8) in font [lmroman10-regular]:+tlig;!
Missing character: There is no 과 (U+ACFC) in font [lmroman10-regular]:+tlig;!
Missing character: There is no 등 (U+B4F1) in font [lmroman10-regular]:+tlig;!
Missing character: There is no 을 (U+C744) in font [lmroman10-regular]:+tlig;!
Missing character: There is no 예 (U+C608) in font [lmroman10-regular]:+tlig;!
Missing character: There is no 측 (U+CE21) in font [lmroman10-regular]:+tlig;!
Missing character: There is no 해 (U+D574) in font [lmroman10-regular]:+tlig;!
Missing character: There is no 볼 (U+BCFC) in font [lmroman10-regular]:+tlig;!
Missing character: There is no 수 (U+C218) in font [lmroman10-regular]:+tlig;!
Missing character: There is no 있 (U+C788) in font [lmroman10-regular]:+tlig;!
Missing character: There is no 습 (U+C2B5) in font [lmroman10-regular]:+tlig;!
Missing character: There is no 니 (U+B2C8) in font [lmroman10-regular]:+tlig;!
Missing character: There is no 다 (U+B2E4) in font [lmroman10-regular]:+tlig;!
Missing character: There is no 그 (U+ADF8) in font [lmroman10-regular]:+tlig;!
Missing character: There is no 밖 (U+BC16) in font [lmroman10-regular]:+tlig;!
Missing character: There is no 에 (U+C5D0) in font [lmroman10-regular]:+tlig;!
Missing character: There is no 도 (U+B3C4) in font [lmroman10-regular]:+tlig;!
Missing character: There is no 차 (U+CC28) in font [lmroman10-regular]:+tlig;!
Missing character: There is no 량 (U+B7C9) in font [lmroman10-regular]:+tlig;!
Missing character: There is no 의 (U+C758) in font [lmroman10-regular]:+tlig;!
Missing character: There is no 오 (U+C624) in font [lmroman10-regular]:+tlig;!
Missing character: There is no 염 (U+C5FC) in font [lmroman10-regular]:+tlig;!
Missing character: There is no 원 (U+C6D0) in font [lmroman10-regular]:+tlig;!
Missing character: There is no 배 (U+BC30) in font [lmroman10-regular]:+tlig;!
Missing character: There is no 출 (U+CD9C) in font [lmroman10-regular]:+tlig;!
Missing character: There is no 량 (U+B7C9) in font [lmroman10-regular]:+tlig;!
Missing character: There is no 에 (U+C5D0) in font [lmroman10-regular]:+tlig;!
Missing character: There is no 너 (U+B108) in font [lmroman10-regular]:+tlig;!
Missing character: There is no 지 (U+C9C0) in font [lmroman10-regular]:+tlig;!
Missing character: There is no 소 (U+C18C) in font [lmroman10-regular]:+tlig;!
Missing character: There is no 비 (U+BE44) in font [lmroman10-regular]:+tlig;!
Missing character: There is no 량 (U+B7C9) in font [lmroman10-regular]:+tlig;!
Missing character: There is no 등 (U+B4F1) in font [lmroman10-regular]:+tlig;!
Missing character: There is no 도 (U+B3C4) in font [lmroman10-regular]:+tlig;!
Missing character: There is no 시 (U+C2DC) in font [lmroman10-regular]:+tlig;!
Missing character: There is no 뮬 (U+BBAC) in font [lmroman10-regular]:+tlig;!
Missing character: There is no 레 (U+B808) in font [lmroman10-regular]:+tlig;!
Missing character: There is no 이 (U+C774) in font [lmroman10-regular]:+tlig;!
Missing character: There is no 션 (U+C158) in font [lmroman10-regular]:+tlig;!
Missing character: There is no 해 (U+D574) in font [lmroman10-regular]:+tlig;!
Missing character: There is no 볼 (U+BCFC) in font [lmroman10-regular]:+tlig;!
Missing character: There is no 수 (U+C218) in font [lmroman10-regular]:+tlig;!
Missing character: There is no 있 (U+C788) in font [lmroman10-regular]:+tlig;!
Missing character: There is no 습 (U+C2B5) in font [lmroman10-regular]:+tlig;!
Missing character: There is no 니 (U+B2C8) in font [lmroman10-regular]:+tlig;!
Missing character: There is no 다 (U+B2E4) in font [lmroman10-regular]:+tlig;!


[4

Missing character: There is no 소 (U+C18C) in font [lmsans10-bold]:+tlig;!
Missing character: There is no 개 (U+AC1C) in font [lmsans10-bold]:+tlig;!
Missing character: There is no 프 (U+D504) in font [lmroman10-regular]:+tlig;!
Missing character: There is no 로 (U+B85C) in font [lmroman10-regular]:+tlig;!
Missing character: There is no 그 (U+ADF8) in font [lmroman10-regular]:+tlig;!
Missing character: There is no 램 (U+B7A8) in font [lmroman10-regular]:+tlig;!
Missing character: There is no 은 (U+C740) in font [lmroman10-regular]:+tlig;!
Missing character: There is no 독 (U+B3C5) in font [lmroman10-regular]:+tlig;!
Missing character: There is no 일 (U+C77C) in font [lmroman10-regular]:+tlig;!
Missing character: There is no 우 (U+C6B0) in font [lmroman10-regular]:+tlig;!
Missing character: There is no 주 (U+C8FC) in font [lmroman10-regular]:+tlig;!
Missing character: There is no 항 (U+D56D) in font [lmroman10-regular]:+tlig;!
Missing character: There is no 공 (U+ACF5) in font [lmroman10-regular]:+tlig;!
Missing character: There is no 센 (U+C13C) in font [lmroman10-regular]:+tlig;!
Missing character: There is no 터 (U+D130) in font [lmroman10-regular]:+tlig;!
Missing character: There is no 의 (U+C758) in font [lmroman10-regular]:+tlig;!
Missing character: There is no 교 (U+AD50) in font [lmroman10-regular]:+tlig;!
Missing character: There is no 통 (U+D1B5) in font [lmroman10-regular]:+tlig;!
Missing character: There is no 시 (U+C2DC) in font [lmroman10-regular]:+tlig;!
Missing character: There is no 스 (U+C2A4) in font [lmroman10-regular]:+tlig;!
Missing character: There is no 템 (U+D15C) in font [lmroman10-regular]:+tlig;!
Missing character: There is no 연 (U+C5F0) in font [lmroman10-regular]:+tlig;!
Missing character: There is no 구 (U+AD6C) in font [lmroman10-regular]:+tlig;!
Missing character: There is no 원 (U+C6D0) in font [lmroman10-regular]:+tlig;!
Missing character: There is no 에 (U+C5D0) in font [lmroman10-regular]:+tlig;!
Missing character: There is no 서 (U+C11C) in font [lmroman10-regular]:+tlig;!
Missing character: There is no 개 (U+AC1C) in font [lmroman10-regular]:+tlig;!
Missing character: There is no 발 (U+BC1C) in font [lmroman10-regular]:+tlig;!
Missing character: There is no 한 (U+D55C) in font [lmroman10-regular]:+tlig;!
Missing character: There is no 오 (U+C624) in font [lmroman10-regular]:+tlig;!
Missing character: There is no 픈 (U+D508) in font [lmroman10-regular]:+tlig;!
Missing character: There is no 소 (U+C18C) in font [lmroman10-regular]:+tlig;!
Missing character: There is no 스 (U+C2A4) in font [lmroman10-regular]:+tlig;!
Missing character: There is no 교 (U+AD50) in font [lmroman10-regular]:+tlig;!
Missing character: There is no 통 (U+D1B5) in font [lmroman10-regular]:+tlig;!
Missing character: There is no 시 (U+C2DC) in font [lmroman10-regular]:+tlig;!
Missing character: There is no 뮬 (U+BBAC) in font [lmroman10-regular]:+tlig;!
Missing character: There is no 레 (U+B808) in font [lmroman10-regular]:+tlig;!
Missing character: There is no 이 (U+C774) in font [lmroman10-regular]:+tlig;!
Missing character: There is no 션 (U+C158) in font [lmroman10-regular]:+tlig;!
Missing character: There is no 프 (U+D504) in font [lmroman10-regular]:+tlig;!
Missing character: There is no 로 (U+B85C) in font [lmroman10-regular]:+tlig;!
Missing character: There is no 그 (U+ADF8) in font [lmroman10-regular]:+tlig;!
Missing character: There is no 램 (U+B7A8) in font [lmroman10-regular]:+tlig;!
Missing character: There is no 입 (U+C785) in font [lmroman10-regular]:+tlig;!
Missing character: There is no 니 (U+B2C8) in font [lmroman10-regular]:+tlig;!
Missing character: There is no 다 (U+B2E4) in font [lmroman10-regular]:+tlig;!
Missing character: There is no 는 (U+B294) in font [lmroman10-regular]:+tlig;!
Missing character: There is no 의 (U+C758) in font [lmroman10-regular]:+tlig;!
Missing character: There is no 약 (U+C57D) in font [lmroman10-regular]:+tlig;!
Missing character: There is no 어 (U+C5B4) in font [lmroman10-regular]:+tlig;!
Missing character: There is no 인 (U+C778) in font [lmroman10-regular]:+tlig;!
Missing character: There is no 데 (U+B370) in font [lmroman10-regular]:+tlig;!
Missing character: There is no 이 (U+C774) in font [lmroman10-regular]:+tlig;!
Missing character: There is no 이 (U+C774) in font [lmroman10-regular]:+tlig;!
Missing character: There is no 름 (U+B984) in font [lmroman10-regular]:+tlig;!
Missing character: There is no 처 (U+CC98) in font [lmroman10-regular]:+tlig;!
Missing character: There is no 럼 (U+B7FC) in font [lmroman10-regular]:+tlig;!
Missing character: There is no 도 (U+B3C4) in font [lmroman10-regular]:+tlig;!
Missing character: There is no 로 (U+B85C) in font [lmroman10-regular]:+tlig;!
Missing character: There is no 교 (U+AD50) in font [lmroman10-regular]:+tlig;!
Missing character: There is no 통 (U+D1B5) in font [lmroman10-regular]:+tlig;!
Missing character: There is no 대 (U+B300) in font [lmroman10-regular]:+tlig;!
Missing character: There is no 중 (U+C911) in font [lmroman10-regular]:+tlig;!
Missing character: There is no 교 (U+AD50) in font [lmroman10-regular]:+tlig;!
Missing character: There is no 통 (U+D1B5) in font [lmroman10-regular]:+tlig;!
Missing character: There is no 멀 (U+BA40) in font [lmroman10-regular]:+tlig;!
Missing character: There is no 티 (U+D2F0) in font [lmroman10-regular]:+tlig;!
Missing character: There is no 모 (U+BAA8) in font [lmroman10-regular]:+tlig;!
Missing character: There is no 달 (U+B2EC) in font [lmroman10-regular]:+tlig;!
Missing character: There is no 통 (U+D1B5) in font [lmroman10-regular]:+tlig;!
Missing character: There is no 행 (U+D589) in font [lmroman10-regular]:+tlig;!
Missing character: There is no 보 (U+BCF4) in font [lmroman10-regular]:+tlig;!
Missing character: There is no 행 (U+D589) in font [lmroman10-regular]:+tlig;!
Missing character: There is no 자 (U+C790) in font [lmroman10-regular]:+tlig;!
Missing character: There is no 교 (U+AD50) in font [lmroman10-regular]:+tlig;!
Missing character: There is no 통 (U+D1B5) in font [lmroman10-regular]:+tlig;!
Missing character: There is no 등 (U+B4F1) in font [lmroman10-regular]:+tlig;!
Missing character: There is no 다 (U+B2E4) in font [lmroman10-regular]:+tlig;!
Missing character: There is no 양 (U+C591) in font [lmroman10-regular]:+tlig;!
Missing character: There is no 한 (U+D55C) in font [lmroman10-regular]:+tlig;!
Missing character: There is no 도 (U+B3C4) in font [lmroman10-regular]:+tlig;!
Missing character: There is no 시 (U+C2DC) in font [lmroman10-regular]:+tlig;!
Missing character: There is no 교 (U+AD50) in font [lmroman10-regular]:+tlig;!
Missing character: There is no 통 (U+D1B5) in font [lmroman10-regular]:+tlig;!
Missing character: There is no 수 (U+C218) in font [lmroman10-regular]:+tlig;!
Missing character: There is no 단 (U+B2E8) in font [lmroman10-regular]:+tlig;!
Missing character: There is no 에 (U+C5D0) in font [lmroman10-regular]:+tlig;!
Missing character: There is no 대 (U+B300) in font [lmroman10-regular]:+tlig;!
Missing character: There is no 해 (U+D574) in font [lmroman10-regular]:+tlig;!
Missing character: There is no 시 (U+C2DC) in font [lmroman10-regular]:+tlig;!
Missing character: There is no 뮬 (U+BBAC) in font [lmroman10-regular]:+tlig;!
Missing character: There is no 레 (U+B808) in font [lmroman10-regular]:+tlig;!
Missing character: There is no 이 (U+C774) in font [lmroman10-regular]:+tlig;!
Missing character: There is no 션 (U+C158) in font [lmroman10-regular]:+tlig;!
Missing character: There is no 을 (U+C744) in font [lmroman10-regular]:+tlig;!
Missing character: There is no 제 (U+C81C) in font [lmroman10-regular]:+tlig;!
Missing character: There is no 공 (U+ACF5) in font [lmroman10-regular]:+tlig;!
Missing character: There is no 합 (U+D569) in font [lmroman10-regular]:+tlig;!
Missing character: There is no 니 (U+B2C8) in font [lmroman10-regular]:+tlig;!
Missing character: There is no 다 (U+B2E4) in font [lmroman10-regular]:+tlig;!
Missing character: There is no 또 (U+B610) in font [lmroman10-regular]:+tlig;!
Missing character: There is no 한 (U+D55C) in font [lmroman10-regular]:+tlig;!
Missing character: There is no 등 (U+B4F1) in font [lmroman10-regular]:+tlig;!
Missing character: There is no 가 (U+AC00) in font [lmroman10-regular]:+tlig;!
Missing character: There is no 지 (U+C9C0) in font [lmroman10-regular]:+tlig;!
Missing character: There is no 운 (U+C6B4) in font [lmroman10-regular]:+tlig;!
Missing character: There is no 영 (U+C601) in font [lmroman10-regular]:+tlig;!
Missing character: There is no 체 (U+CCB4) in font [lmroman10-regular]:+tlig;!
Missing character: There is no 제 (U+C81C) in font [lmroman10-regular]:+tlig;!
Missing character: There is no 에 (U+C5D0) in font [lmroman10-regular]:+tlig;!
Missing character: There is no 서 (U+C11C) in font [lmroman10-regular]:+tlig;!
Missing character: There is no 시 (U+C2DC) in font [lmroman10-regular]:+tlig;!
Missing character: There is no 뮬 (U+BBAC) in font [lmroman10-regular]:+tlig;!
Missing character: There is no 레 (U+B808) in font [lmroman10-regular]:+tlig;!
Missing character: There is no 이 (U+C774) in font [lmroman10-regular]:+tlig;!
Missing character: There is no 션 (U+C158) in font [lmroman10-regular]:+tlig;!
Missing character: There is no 을 (U+C744) in font [lmroman10-regular]:+tlig;!
Missing character: There is no 수 (U+C218) in font [lmroman10-regular]:+tlig;!
Missing character: There is no 행 (U+D589) in font [lmroman10-regular]:+tlig;!
Missing character: There is no 할 (U+D560) in font [lmroman10-regular]:+tlig;!
Missing character: There is no 수 (U+C218) in font [lmroman10-regular]:+tlig;!
Missing character: There is no 있 (U+C788) in font [lmroman10-regular]:+tlig;!
Missing character: There is no 습 (U+C2B5) in font [lmroman10-regular]:+tlig;!
Missing character: There is no 니 (U+B2C8) in font [lmroman10-regular]:+tlig;!
Missing character: There is no 다 (U+B2E4) in font [lmroman10-regular]:+tlig;!
Missing character: There is no 또 (U+B610) in font [lmroman10-regular]:+tlig;!
Missing character: There is no 한 (U+D55C) in font [lmroman10-regular]:+tlig;!
Missing character: There is no 개 (U+AC1C) in font [lmroman10-regular]:+tlig;!
Missing character: There is no 별 (U+BCC4) in font [lmroman10-regular]:+tlig;!
Missing character: There is no 차 (U+CC28) in font [lmroman10-regular]:+tlig;!
Missing character: There is no 량 (U+B7C9) in font [lmroman10-regular]:+tlig;!
Missing character: There is no 의 (U+C758) in font [lmroman10-regular]:+tlig;!
Missing character: There is no 움 (U+C6C0) in font [lmroman10-regular]:+tlig;!
Missing character: There is no 직 (U+C9C1) in font [lmroman10-regular]:+tlig;!
Missing character: There is no 임 (U+C784) in font [lmroman10-regular]:+tlig;!
Missing character: There is no 을 (U+C744) in font [lmroman10-regular]:+tlig;!
Missing character: There is no 차 (U+CC28) in font [lmroman10-regular]:+tlig;!
Missing character: There is no 량 (U+B7C9) in font [lmroman10-regular]:+tlig;!
Missing character: There is no 추 (U+CD94) in font [lmroman10-regular]:+tlig;!
Missing character: There is no 종 (U+C885) in font [lmroman10-regular]:+tlig;!
Missing character: There is no 모 (U+BAA8) in font [lmroman10-regular]:+tlig;!
Missing character: There is no 형 (U+D615) in font [lmroman10-regular]:+tlig;!
Missing character: There is no 을 (U+C744) in font [lmroman10-regular]:+tlig;!
Missing character: There is no 적 (U+C801) in font [lmroman10-regular]:+tlig;!
Missing character: There is no 용 (U+C6A9) in font [lmroman10-regular]:+tlig;!
Missing character: There is no 하 (U+D558) in font [lmroman10-regular]:+tlig;!
Missing character: There is no 여 (U+C5EC) in font [lmroman10-regular]:+tlig;!
Missing character: There is no 구 (U+AD6C) in font [lmroman10-regular]:+tlig;!
Missing character: There is no 현 (U+D604) in font [lmroman10-regular]:+tlig;!
Missing character: There is no 하 (U+D558) in font [lmroman10-regular]:+tlig;!
Missing character: There is no 는 (U+B294) in font [lmroman10-regular]:+tlig;!
Missing character: There is no 마 (U+B9C8) in font [lmroman10-regular]:+tlig;!
Missing character: There is no 이 (U+C774) in font [lmroman10-regular]:+tlig;!
Missing character: There is no 크 (U+D06C) in font [lmroman10-regular]:+tlig;!
Missing character: There is no 로 (U+B85C) in font [lmroman10-regular]:+tlig;!
Missing character: There is no 시 (U+C2DC) in font [lmroman10-regular]:+tlig;!
Missing character: There is no 뮬 (U+BBAC) in font [lmroman10-regular]:+tlig;!
Missing character: There is no 레 (U+B808) in font [lmroman10-regular]:+tlig;!
Missing character: There is no 이 (U+C774) in font [lmroman10-regular]:+tlig;!
Missing character: There is no 션 (U+C158) in font [lmroman10-regular]:+tlig;!
Missing character: There is no 입 (U+C785) in font [lmroman10-regular]:+tlig;!
Missing character: There is no 니 (U+B2C8) in font [lmroman10-regular]:+tlig;!
Missing character: There is no 다 (U+B2E4) in font [lmroman10-regular]:+tlig;!
Missing character: There is no 를 (U+B97C) in font [lmroman10-regular]:+tlig;!
Missing character: There is no 통 (U+D1B5) in font [lmroman10-regular]:+tlig;!
Missing character: There is no 해 (U+D574) in font [lmroman10-regular]:+tlig;!
Missing character: There is no 서 (U+C11C) in font [lmroman10-regular]:+tlig;!
Missing character: There is no 교 (U+AD50) in font [lmroman10-regular]:+tlig;!
Missing character: There is no 통 (U+D1B5) in font [lmroman10-regular]:+tlig;!
Missing character: There is no 정 (U+C815) in font [lmroman10-regular]:+tlig;!
Missing character: There is no 책 (U+CC45) in font [lmroman10-regular]:+tlig;!
Missing character: There is no 신 (U+C2E0) in font [lmroman10-regular]:+tlig;!
Missing character: There is no 호 (U+D638) in font [lmroman10-regular]:+tlig;!
Missing character: There is no 체 (U+CCB4) in font [lmroman10-regular]:+tlig;!
Missing character: There is no 계 (U+ACC4) in font [lmroman10-regular]:+tlig;!
Missing character: There is no 변 (U+BCC0) in font [lmroman10-regular]:+tlig;!
Missing character: There is no 경 (U+ACBD) in font [lmroman10-regular]:+tlig;!
Missing character: There is no 의 (U+C758) in font [lmroman10-regular]:+tlig;!
Missing character: There is no 효 (U+D6A8) in font [lmroman10-regular]:+tlig;!
Missing character: There is no 과 (U+ACFC) in font [lmroman10-regular]:+tlig;!
Missing character: There is no 등 (U+B4F1) in font [lmroman10-regular]:+tlig;!
Missing character: There is no 을 (U+C744) in font [lmroman10-regular]:+tlig;!
Missing character: There is no 예 (U+C608) in font [lmroman10-regular]:+tlig;!
Missing character: There is no 측 (U+CE21) in font [lmroman10-regular]:+tlig;!
Missing character: There is no 해 (U+D574) in font [lmroman10-regular]:+tlig;!
Missing character: There is no 볼 (U+BCFC) in font [lmroman10-regular]:+tlig;!
Missing character: There is no 수 (U+C218) in font [lmroman10-regular]:+tlig;!
Missing character: There is no 있 (U+C788) in font [lmroman10-regular]:+tlig;!
Missing character: There is no 습 (U+C2B5) in font [lmroman10-regular]:+tlig;!
Missing character: There is no 니 (U+B2C8) in font [lmroman10-regular]:+tlig;!
Missing character: There is no 다 (U+B2E4) in font [lmroman10-regular]:+tlig;!
Missing character: There is no 그 (U+ADF8) in font [lmroman10-regular]:+tlig;!
Missing character: There is no 밖 (U+BC16) in font [lmroman10-regular]:+tlig;!
Missing character: There is no 에 (U+C5D0) in font [lmroman10-regular]:+tlig;!
Missing character: There is no 도 (U+B3C4) in font [lmroman10-regular]:+tlig;!
Missing character: There is no 차 (U+CC28) in font [lmroman10-regular]:+tlig;!
Missing character: There is no 량 (U+B7C9) in font [lmroman10-regular]:+tlig;!
Missing character: There is no 의 (U+C758) in font [lmroman10-regular]:+tlig;!
Missing character: There is no 오 (U+C624) in font [lmroman10-regular]:+tlig;!
Missing character: There is no 염 (U+C5FC) in font [lmroman10-regular]:+tlig;!
Missing character: There is no 원 (U+C6D0) in font [lmroman10-regular]:+tlig;!
Missing character: There is no 배 (U+BC30) in font [lmroman10-regular]:+tlig;!
Missing character: There is no 출 (U+CD9C) in font [lmroman10-regular]:+tlig;!
Missing character: There is no 량 (U+B7C9) in font [lmroman10-regular]:+tlig;!
Missing character: There is no 에 (U+C5D0) in font [lmroman10-regular]:+tlig;!
Missing character: There is no 너 (U+B108) in font [lmroman10-regular]:+tlig;!
Missing character: There is no 지 (U+C9C0) in font [lmroman10-regular]:+tlig;!
Missing character: There is no 소 (U+C18C) in font [lmroman10-regular]:+tlig;!
Missing character: There is no 비 (U+BE44) in font [lmroman10-regular]:+tlig;!
Missing character: There is no 량 (U+B7C9) in font [lmroman10-regular]:+tlig;!
Missing character: There is no 등 (U+B4F1) in font [lmroman10-regular]:+tlig;!
Missing character: There is no 도 (U+B3C4) in font [lmroman10-regular]:+tlig;!
Missing character: There is no 시 (U+C2DC) in font [lmroman10-regular]:+tlig;!
Missing character: There is no 뮬 (U+BBAC) in font [lmroman10-regular]:+tlig;!
Missing character: There is no 레 (U+B808) in font [lmroman10-regular]:+tlig;!
Missing character: There is no 이 (U+C774) in font [lmroman10-regular]:+tlig;!
Missing character: There is no 션 (U+C158) in font [lmroman10-regular]:+tlig;!
Missing character: There is no 해 (U+D574) in font [lmroman10-regular]:+tlig;!
Missing character: There is no 볼 (U+BCFC) in font [lmroman10-regular]:+tlig;!
Missing character: There is no 수 (U+C218) in font [lmroman10-regular]:+tlig;!
Missing character: There is no 있 (U+C788) in font [lmroman10-regular]:+tlig;!
Missing character: There is no 습 (U+C2B5) in font [lmroman10-regular]:+tlig;!
Missing character: There is no 니 (U+B2C8) in font [lmroman10-regular]:+tlig;!
Missing character: There is no 다 (U+B2E4) in font [lmroman10-regular]:+tlig;!
]
part I.
Package scrkbase Info: You've told me to use the font selection of the element
(scrkbase)             `partprefix' that is an alias of element `partnumber'
(scrkbase)              on input line 318.
Missing character: There is no 환 (U+D658) in font [lmsans10-bold]:+tlig;!
Missing character: There is no 경 (U+ACBD) in font [lmsans10-bold]:+tlig;!
Missing character: There is no 구 (U+AD6C) in font [lmsans10-bold]:+tlig;!
Missing character: There is no 성 (U+C131) in font [lmsans10-bold]:+tlig;!
Missing character: There is no 하 (U+D558) in font [lmsans10-bold]:+tlig;!
Missing character: There is no 기 (U+AE30) in font [lmsans10-bold]:+tlig;!
Missing character: There is no 환 (U+D658) in font [lmsans10-bold]:+tlig;!
Missing character: There is no 경 (U+ACBD) in font [lmsans10-bold]:+tlig;!
Missing character: There is no 구 (U+AD6C) in font [lmsans10-bold]:+tlig;!
Missing character: There is no 성 (U+C131) in font [lmsans10-bold]:+tlig;!
Missing character: There is no 하 (U+D558) in font [lmsans10-bold]:+tlig;!
Missing character: There is no 기 (U+AE30) in font [lmsans10-bold]:+tlig;!


[5

Missing character: There is no 환 (U+D658) in font [lmsans10-bold]:+tlig;!
Missing character: There is no 경 (U+ACBD) in font [lmsans10-bold]:+tlig;!
Missing character: There is no 구 (U+AD6C) in font [lmsans10-bold]:+tlig;!
Missing character: There is no 성 (U+C131) in font [lmsans10-bold]:+tlig;!
Missing character: There is no 하 (U+D558) in font [lmsans10-bold]:+tlig;!
Missing character: There is no 기 (U+AE30) in font [lmsans10-bold]:+tlig;!
]
Missing character: There is no 본 (U+BCF8) in font [lmroman10-regular]:+tlig;!
Missing character: There is no 장 (U+C7A5) in font [lmroman10-regular]:+tlig;!
Missing character: There is no 에 (U+C5D0) in font [lmroman10-regular]:+tlig;!
Missing character: There is no 서 (U+C11C) in font [lmroman10-regular]:+tlig;!
Missing character: There is no 환 (U+D658) in font [lmroman10-regular]:+tlig;!
Missing character: There is no 경 (U+ACBD) in font [lmroman10-regular]:+tlig;!
Missing character: There is no 을 (U+C744) in font [lmroman10-regular]:+tlig;!
Missing character: There is no 구 (U+AD6C) in font [lmroman10-regular]:+tlig;!
Missing character: There is no 성 (U+C131) in font [lmroman10-regular]:+tlig;!
Missing character: There is no 하 (U+D558) in font [lmroman10-regular]:+tlig;!
Missing character: There is no 는 (U+B294) in font [lmroman10-regular]:+tlig;!
Missing character: There is no 법 (U+BC95) in font [lmroman10-regular]:+tlig;!
Missing character: There is no 을 (U+C744) in font [lmroman10-regular]:+tlig;!
Missing character: There is no 아 (U+C544) in font [lmroman10-regular]:+tlig;!
Missing character: There is no 래 (U+B798) in font [lmroman10-regular]:+tlig;!
Missing character: There is no 와 (U+C640) in font [lmroman10-regular]:+tlig;!
Missing character: There is no 같 (U+AC19) in font [lmroman10-regular]:+tlig;!
Missing character: There is no 이 (U+C774) in font [lmroman10-regular]:+tlig;!
Missing character: There is no 설 (U+C124) in font [lmroman10-regular]:+tlig;!
Missing character: There is no 명 (U+BA85) in font [lmroman10-regular]:+tlig;!
Missing character: There is no 하 (U+D558) in font [lmroman10-regular]:+tlig;!
Missing character: There is no 였 (U+C600) in font [lmroman10-regular]:+tlig;!
Missing character: There is no 습 (U+C2B5) in font [lmroman10-regular]:+tlig;!
Missing character: There is no 니 (U+B2C8) in font [lmroman10-regular]:+tlig;!
Missing character: There is no 다 (U+B2E4) in font [lmroman10-regular]:+tlig;!
Missing character: There is no 본 (U+BCF8) in font [lmroman10-regular]:+tlig;!
Missing character: There is no 장 (U+C7A5) in font [lmroman10-regular]:+tlig;!
Missing character: There is no 에 (U+C5D0) in font [lmroman10-regular]:+tlig;!
Missing character: There is no 서 (U+C11C) in font [lmroman10-regular]:+tlig;!
Missing character: There is no 환 (U+D658) in font [lmroman10-regular]:+tlig;!
Missing character: There is no 경 (U+ACBD) in font [lmroman10-regular]:+tlig;!
Missing character: There is no 을 (U+C744) in font [lmroman10-regular]:+tlig;!
Missing character: There is no 구 (U+AD6C) in font [lmroman10-regular]:+tlig;!
Missing character: There is no 성 (U+C131) in font [lmroman10-regular]:+tlig;!
Missing character: There is no 하 (U+D558) in font [lmroman10-regular]:+tlig;!
Missing character: There is no 는 (U+B294) in font [lmroman10-regular]:+tlig;!
Missing character: There is no 법 (U+BC95) in font [lmroman10-regular]:+tlig;!
Missing character: There is no 을 (U+C744) in font [lmroman10-regular]:+tlig;!
Missing character: There is no 아 (U+C544) in font [lmroman10-regular]:+tlig;!
Missing character: There is no 래 (U+B798) in font [lmroman10-regular]:+tlig;!
Missing character: There is no 와 (U+C640) in font [lmroman10-regular]:+tlig;!
Missing character: There is no 같 (U+AC19) in font [lmroman10-regular]:+tlig;!
Missing character: There is no 이 (U+C774) in font [lmroman10-regular]:+tlig;!
Missing character: There is no 설 (U+C124) in font [lmroman10-regular]:+tlig;!
Missing character: There is no 명 (U+BA85) in font [lmroman10-regular]:+tlig;!
Missing character: There is no 하 (U+D558) in font [lmroman10-regular]:+tlig;!
Missing character: There is no 였 (U+C600) in font [lmroman10-regular]:+tlig;!
Missing character: There is no 습 (U+C2B5) in font [lmroman10-regular]:+tlig;!
Missing character: There is no 니 (U+B2C8) in font [lmroman10-regular]:+tlig;!
Missing character: There is no 다 (U+B2E4) in font [lmroman10-regular]:+tlig;!
Missing character: There is no 설 (U+C124) in font [lmroman10-regular]:+tlig;!
Missing character: There is no 치 (U+CE58) in font [lmroman10-regular]:+tlig;!
Missing character: There is no 설 (U+C124) in font [lmroman10-regular]:+tlig;!
Missing character: There is no 치 (U+CE58) in font [lmroman10-regular]:+tlig;!
Missing character: There is no 설 (U+C124) in font [lmroman10-regular]:+tlig;!
Missing character: There is no 치 (U+CE58) in font [lmroman10-regular]:+tlig;!
Missing character: There is no 와 (U+C640) in font [lmroman10-regular]:+tlig;!
Missing character: There is no 환 (U+D658) in font [lmroman10-regular]:+tlig;!
Missing character: There is no 경 (U+ACBD) in font [lmroman10-regular]:+tlig;!
Missing character: There is no 설 (U+C124) in font [lmroman10-regular]:+tlig;!
Missing character: There is no 정 (U+C815) in font [lmroman10-regular]:+tlig;!
Missing character: There is no 설 (U+C124) in font [lmroman10-regular]:+tlig;!
Missing character: There is no 치 (U+CE58) in font [lmroman10-regular]:+tlig;!
Missing character: There is no 와 (U+C640) in font [lmroman10-regular]:+tlig;!
Missing character: There is no 환 (U+D658) in font [lmroman10-regular]:+tlig;!
Missing character: There is no 경 (U+ACBD) in font [lmroman10-regular]:+tlig;!
Missing character: There is no 설 (U+C124) in font [lmroman10-regular]:+tlig;!
Missing character: There is no 정 (U+C815) in font [lmroman10-regular]:+tlig;!
Missing character: There is no 설 (U+C124) in font [lmroman10-regular]:+tlig;!
Missing character: There is no 치 (U+CE58) in font [lmroman10-regular]:+tlig;!
Missing character: There is no 설 (U+C124) in font [lmroman10-regular]:+tlig;!
Missing character: There is no 치 (U+CE58) in font [lmroman10-regular]:+tlig;!
Missing character: There is no 본 (U+BCF8) in font [lmroman10-regular]:+tlig;!
Missing character: There is no 래 (U+B798) in font [lmroman10-regular]:+tlig;!
Missing character: There is no 만 (U+B9CC) in font [lmroman10-regular]:+tlig;!
Missing character: There is no 설 (U+C124) in font [lmroman10-regular]:+tlig;!
Missing character: There is no 치 (U+CE58) in font [lmroman10-regular]:+tlig;!
Missing character: There is no 하 (U+D558) in font [lmroman10-regular]:+tlig;!
Missing character: There is no 여 (U+C5EC) in font [lmroman10-regular]:+tlig;!
Missing character: There is no 도 (U+B3C4) in font [lmroman10-regular]:+tlig;!
Missing character: There is no 시 (U+C2DC) in font [lmroman10-regular]:+tlig;!
Missing character: There is no 뮬 (U+BBAC) in font [lmroman10-regular]:+tlig;!
Missing character: There is no 레 (U+B808) in font [lmroman10-regular]:+tlig;!
Missing character: There is no 이 (U+C774) in font [lmroman10-regular]:+tlig;!
Missing character: There is no 션 (U+C158) in font [lmroman10-regular]:+tlig;!
Missing character: There is no 을 (U+C744) in font [lmroman10-regular]:+tlig;!
Missing character: There is no 할 (U+D560) in font [lmroman10-regular]:+tlig;!
Missing character: There is no 수 (U+C218) in font [lmroman10-regular]:+tlig;!
Missing character: There is no 있 (U+C788) in font [lmroman10-regular]:+tlig;!
Missing character: There is no 습 (U+C2B5) in font [lmroman10-regular]:+tlig;!
Missing character: There is no 니 (U+B2C8) in font [lmroman10-regular]:+tlig;!
Missing character: There is no 다 (U+B2E4) in font [lmroman10-regular]:+tlig;!
Missing character: There is no 다 (U+B2E4) in font [lmroman10-regular]:+tlig;!
Missing character: There is no 만 (U+B9CC) in font [lmroman10-regular]:+tlig;!
Missing character: There is no 프 (U+D504) in font [lmroman10-regular]:+tlig;!
Missing character: There is no 로 (U+B85C) in font [lmroman10-regular]:+tlig;!
Missing character: There is no 그 (U+ADF8) in font [lmroman10-regular]:+tlig;!
Missing character: There is no 램 (U+B7A8) in font [lmroman10-regular]:+tlig;!
Missing character: There is no 은 (U+C740) in font [lmroman10-regular]:+tlig;!
Missing character: There is no 을 (U+C744) in font [lmroman10-regular]:+tlig;!
Missing character: There is no 제 (U+C81C) in font [lmroman10-regular]:+tlig;!
Missing character: There is no 공 (U+ACF5) in font [lmroman10-regular]:+tlig;!
Missing character: There is no 하 (U+D558) in font [lmroman10-regular]:+tlig;!
Missing character: There is no 고 (U+ACE0) in font [lmroman10-regular]:+tlig;!
Missing character: There is no 있 (U+C788) in font [lmroman10-regular]:+tlig;!
Missing character: There is no 어 (U+C5B4) in font [lmroman10-regular]:+tlig;!
Missing character: There is no 이 (U+C774) in font [lmroman10-regular]:+tlig;!
Missing character: There is no 를 (U+B97C) in font [lmroman10-regular]:+tlig;!
Missing character: There is no 이 (U+C774) in font [lmroman10-regular]:+tlig;!
Missing character: There is no 용 (U+C6A9) in font [lmroman10-regular]:+tlig;!
Missing character: There is no 하 (U+D558) in font [lmroman10-regular]:+tlig;!
Missing character: There is no 기 (U+AE30) in font [lmroman10-regular]:+tlig;!
Missing character: There is no 위 (U+C704) in font [lmroman10-regular]:+tlig;!
Missing character: There is no 해 (U+D574) in font [lmroman10-regular]:+tlig;!
Missing character: There is no 서 (U+C11C) in font [lmroman10-regular]:+tlig;!
Missing character: There is no 는 (U+B294) in font [lmroman10-regular]:+tlig;!
Missing character: There is no 이 (U+C774) in font [lmroman10-regular]:+tlig;!
Missing character: There is no 필 (U+D544) in font [lmroman10-regular]:+tlig;!
Missing character: There is no 요 (U+C694) in font [lmroman10-regular]:+tlig;!
Missing character: There is no 합 (U+D569) in font [lmroman10-regular]:+tlig;!
Missing character: There is no 니 (U+B2C8) in font [lmroman10-regular]:+tlig;!
Missing character: There is no 다 (U+B2E4) in font [lmroman10-regular]:+tlig;!
Missing character: There is no 또 (U+B610) in font [lmroman10-regular]:+tlig;!
Missing character: There is no 한 (U+D55C) in font [lmroman10-regular]:+tlig;!
Missing character: There is no 의 (U+C758) in font [lmroman10-regular]:+tlig;!
Missing character: There is no 입 (U+C785) in font [lmroman10-regular]:+tlig;!
Missing character: There is no 력 (U+B825) in font [lmroman10-regular]:+tlig;!
Missing character: There is no 과 (U+ACFC) in font [lmroman10-regular]:+tlig;!
Missing character: There is no 출 (U+CD9C) in font [lmroman10-regular]:+tlig;!
Missing character: There is no 력 (U+B825) in font [lmroman10-regular]:+tlig;!
Missing character: There is no 파 (U+D30C) in font [lmroman10-regular]:+tlig;!
Missing character: There is no 일 (U+C77C) in font [lmroman10-regular]:+tlig;!
Missing character: There is no 은 (U+C740) in font [lmroman10-regular]:+tlig;!
Missing character: There is no 기 (U+AE30) in font [lmroman10-regular]:+tlig;!
Missing character: There is no 본 (U+BCF8) in font [lmroman10-regular]:+tlig;!
Missing character: There is no 적 (U+C801) in font [lmroman10-regular]:+tlig;!
Missing character: There is no 으 (U+C73C) in font [lmroman10-regular]:+tlig;!
Missing character: There is no 로 (U+B85C) in font [lmroman10-regular]:+tlig;!
Missing character: There is no 형 (U+D615) in font [lmroman10-regular]:+tlig;!
Missing character: There is no 식 (U+C2DD) in font [lmroman10-regular]:+tlig;!
Missing character: There is no 으 (U+C73C) in font [lmroman10-regular]:+tlig;!
Missing character: There is no 로 (U+B85C) in font [lmroman10-regular]:+tlig;!
Missing character: There is no 이 (U+C774) in font [lmroman10-regular]:+tlig;!
Missing character: There is no 루 (U+B8E8) in font [lmroman10-regular]:+tlig;!
Missing character: There is no 어 (U+C5B4) in font [lmroman10-regular]:+tlig;!
Missing character: There is no 져 (U+C838) in font [lmroman10-regular]:+tlig;!
Missing character: There is no 있 (U+C788) in font [lmroman10-regular]:+tlig;!
Missing character: There is no 습 (U+C2B5) in font [lmroman10-regular]:+tlig;!
Missing character: There is no 니 (U+B2C8) in font [lmroman10-regular]:+tlig;!
Missing character: There is no 다 (U+B2E4) in font [lmroman10-regular]:+tlig;!
Missing character: There is no 이 (U+C774) in font [lmroman10-regular]:+tlig;!
Missing character: There is no 파 (U+D30C) in font [lmroman10-regular]:+tlig;!
Missing character: There is no 일 (U+C77C) in font [lmroman10-regular]:+tlig;!
Missing character: There is no 을 (U+C744) in font [lmroman10-regular]:+tlig;!
Missing character: There is no 메 (U+BA54) in font [lmroman10-regular]:+tlig;!
Missing character: There is no 모 (U+BAA8) in font [lmroman10-regular]:+tlig;!
Missing character: There is no 장 (U+C7A5) in font [lmroman10-regular]:+tlig;!
Missing character: There is no 으 (U+C73C) in font [lmroman10-regular]:+tlig;!
Missing character: There is no 로 (U+B85C) in font [lmroman10-regular]:+tlig;!
Missing character: There is no 편 (U+D3B8) in font [lmroman10-regular]:+tlig;!
Missing character: There is no 집 (U+C9D1) in font [lmroman10-regular]:+tlig;!
Missing character: There is no 할 (U+D560) in font [lmroman10-regular]:+tlig;!
Missing character: There is no 수 (U+C218) in font [lmroman10-regular]:+tlig;!
Missing character: There is no 있 (U+C788) in font [lmroman10-regular]:+tlig;!
Missing character: There is no 지 (U+C9C0) in font [lmroman10-regular]:+tlig;!
Missing character: There is no 만 (U+B9CC) in font [lmroman10-regular]:+tlig;!
Missing character: There is no 와 (U+C640) in font [lmroman10-regular]:+tlig;!
Missing character: There is no 같 (U+AC19) in font [lmroman10-regular]:+tlig;!
Missing character: There is no 은 (U+C740) in font [lmroman10-regular]:+tlig;!
Missing character: There is no 편 (U+D3B8) in font [lmroman10-regular]:+tlig;!
Missing character: There is no 집 (U+C9D1) in font [lmroman10-regular]:+tlig;!
Missing character: There is no 기 (U+AE30) in font [lmroman10-regular]:+tlig;!
Missing character: There is no 를 (U+B97C) in font [lmroman10-regular]:+tlig;!
Missing character: There is no 사 (U+C0AC) in font [lmroman10-regular]:+tlig;!
Missing character: There is no 용 (U+C6A9) in font [lmroman10-regular]:+tlig;!
Missing character: There is no 하 (U+D558) in font [lmroman10-regular]:+tlig;!
Missing character: There is no 면 (U+BA74) in font [lmroman10-regular]:+tlig;!
Missing character: There is no 보 (U+BCF4) in font [lmroman10-regular]:+tlig;!
Missing character: There is no 다 (U+B2E4) in font [lmroman10-regular]:+tlig;!
Missing character: There is no 쉽 (U+C27D) in font [lmroman10-regular]:+tlig;!
Missing character: There is no 게 (U+AC8C) in font [lmroman10-regular]:+tlig;!
Missing character: There is no 편 (U+D3B8) in font [lmroman10-regular]:+tlig;!
Missing character: There is no 집 (U+C9D1) in font [lmroman10-regular]:+tlig;!
Missing character: There is no 하 (U+D558) in font [lmroman10-regular]:+tlig;!
Missing character: There is no 고 (U+ACE0) in font [lmroman10-regular]:+tlig;!
Missing character: There is no 볼 (U+BCFC) in font [lmroman10-regular]:+tlig;!
Missing character: There is no 수 (U+C218) in font [lmroman10-regular]:+tlig;!
Missing character: There is no 있 (U+C788) in font [lmroman10-regular]:+tlig;!
Missing character: There is no 습 (U+C2B5) in font [lmroman10-regular]:+tlig;!
Missing character: There is no 니 (U+B2C8) in font [lmroman10-regular]:+tlig;!
Missing character: There is no 다 (U+B2E4) in font [lmroman10-regular]:+tlig;!
Missing character: There is no 미 (U+BBF8) in font [lmroman10-regular]:+tlig;!
Missing character: There is no 래 (U+B798) in font [lmroman10-regular]:+tlig;!
Missing character: There is no 에 (U+C5D0) in font [lmroman10-regular]:+tlig;!
Missing character: There is no 를 (U+B97C) in font [lmroman10-regular]:+tlig;!
Missing character: There is no 응 (U+C751) in font [lmroman10-regular]:+tlig;!
Missing character: There is no 용 (U+C6A9) in font [lmroman10-regular]:+tlig;!
Missing character: There is no 하 (U+D558) in font [lmroman10-regular]:+tlig;!
Missing character: There is no 여 (U+C5EC) in font [lmroman10-regular]:+tlig;!
Missing character: There is no 쓰 (U+C4F0) in font [lmroman10-regular]:+tlig;!
Missing character: There is no 게 (U+AC8C) in font [lmroman10-regular]:+tlig;!
Missing character: There is no 될 (U+B420) in font [lmroman10-regular]:+tlig;!
Missing character: There is no 때 (U+B54C) in font [lmroman10-regular]:+tlig;!
Missing character: There is no 작 (U+C791) in font [lmroman10-regular]:+tlig;!
Missing character: There is no 성 (U+C131) in font [lmroman10-regular]:+tlig;!
Missing character: There is no 하 (U+D558) in font [lmroman10-regular]:+tlig;!
Missing character: There is no 거 (U+AC70) in font [lmroman10-regular]:+tlig;!
Missing character: There is no 나 (U+B098) in font [lmroman10-regular]:+tlig;!
Missing character: There is no 프 (U+D504) in font [lmroman10-regular]:+tlig;!
Missing character: There is no 로 (U+B85C) in font [lmroman10-regular]:+tlig;!
Missing character: There is no 그 (U+ADF8) in font [lmroman10-regular]:+tlig;!
Missing character: There is no 램 (U+B7A8) in font [lmroman10-regular]:+tlig;!
Missing character: There is no 사 (U+C0AC) in font [lmroman10-regular]:+tlig;!
Missing character: There is no 용 (U+C6A9) in font [lmroman10-regular]:+tlig;!
Missing character: There is no 할 (U+D560) in font [lmroman10-regular]:+tlig;!
Missing character: There is no 때 (U+B54C) in font [lmroman10-regular]:+tlig;!
Missing character: There is no 가 (U+AC00) in font [lmroman10-regular]:+tlig;!
Missing character: There is no 도 (U+B3C4) in font [lmroman10-regular]:+tlig;!
Missing character: There is no 움 (U+C6C0) in font [lmroman10-regular]:+tlig;!
Missing character: There is no 이 (U+C774) in font [lmroman10-regular]:+tlig;!
Missing character: There is no 될 (U+B420) in font [lmroman10-regular]:+tlig;!
Missing character: There is no 수 (U+C218) in font [lmroman10-regular]:+tlig;!
Missing character: There is no 있 (U+C788) in font [lmroman10-regular]:+tlig;!
Missing character: There is no 습 (U+C2B5) in font [lmroman10-regular]:+tlig;!
Missing character: There is no 니 (U+B2C8) in font [lmroman10-regular]:+tlig;!
Missing character: There is no 다 (U+B2E4) in font [lmroman10-regular]:+tlig;!
Missing character: There is no 본 (U+BCF8) in font [lmroman10-regular]:+tlig;!
Missing character: There is no 래 (U+B798) in font [lmroman10-regular]:+tlig;!
Missing character: There is no 만 (U+B9CC) in font [lmroman10-regular]:+tlig;!
Missing character: There is no 설 (U+C124) in font [lmroman10-regular]:+tlig;!
Missing character: There is no 치 (U+CE58) in font [lmroman10-regular]:+tlig;!
Missing character: There is no 하 (U+D558) in font [lmroman10-regular]:+tlig;!
Missing character: There is no 여 (U+C5EC) in font [lmroman10-regular]:+tlig;!
Missing character: There is no 도 (U+B3C4) in font [lmroman10-regular]:+tlig;!
Missing character: There is no 시 (U+C2DC) in font [lmroman10-regular]:+tlig;!
Missing character: There is no 뮬 (U+BBAC) in font [lmroman10-regular]:+tlig;!
Missing character: There is no 레 (U+B808) in font [lmroman10-regular]:+tlig;!
Missing character: There is no 이 (U+C774) in font [lmroman10-regular]:+tlig;!
Missing character: There is no 션 (U+C158) in font [lmroman10-regular]:+tlig;!
Missing character: There is no 을 (U+C744) in font [lmroman10-regular]:+tlig;!
Missing character: There is no 할 (U+D560) in font [lmroman10-regular]:+tlig;!
Missing character: There is no 수 (U+C218) in font [lmroman10-regular]:+tlig;!
Missing character: There is no 있 (U+C788) in font [lmroman10-regular]:+tlig;!
Missing character: There is no 습 (U+C2B5) in font [lmroman10-regular]:+tlig;!
Missing character: There is no 니 (U+B2C8) in font [lmroman10-regular]:+tlig;!
Missing character: There is no 다 (U+B2E4) in font [lmroman10-regular]:+tlig;!
Missing character: There is no 다 (U+B2E4) in font [lmroman10-regular]:+tlig;!
Missing character: There is no 만 (U+B9CC) in font [lmroman10-regular]:+tlig;!
Missing character: There is no 프 (U+D504) in font [lmroman10-regular]:+tlig;!
Missing character: There is no 로 (U+B85C) in font [lmroman10-regular]:+tlig;!
Missing character: There is no 그 (U+ADF8) in font [lmroman10-regular]:+tlig;!
Missing character: There is no 램 (U+B7A8) in font [lmroman10-regular]:+tlig;!
Missing character: There is no 은 (U+C740) in font [lmroman10-regular]:+tlig;!
Missing character: There is no 을 (U+C744) in font [lmroman10-regular]:+tlig;!
Missing character: There is no 제 (U+C81C) in font [lmroman10-regular]:+tlig;!
Missing character: There is no 공 (U+ACF5) in font [lmroman10-regular]:+tlig;!
Missing character: There is no 하 (U+D558) in font [lmroman10-regular]:+tlig;!
Missing character: There is no 고 (U+ACE0) in font [lmroman10-regular]:+tlig;!
Missing character: There is no 있 (U+C788) in font [lmroman10-regular]:+tlig;!
Missing character: There is no 어 (U+C5B4) in font [lmroman10-regular]:+tlig;!
Missing character: There is no 이 (U+C774) in font [lmroman10-regular]:+tlig;!
Missing character: There is no 를 (U+B97C) in font [lmroman10-regular]:+tlig;!
Missing character: There is no 이 (U+C774) in font [lmroman10-regular]:+tlig;!
Missing character: There is no 용 (U+C6A9) in font [lmroman10-regular]:+tlig;!
Missing character: There is no 하 (U+D558) in font [lmroman10-regular]:+tlig;!
Missing character: There is no 기 (U+AE30) in font [lmroman10-regular]:+tlig;!
Missing character: There is no 위 (U+C704) in font [lmroman10-regular]:+tlig;!
Missing character: There is no 해 (U+D574) in font [lmroman10-regular]:+tlig;!
Missing character: There is no 서 (U+C11C) in font [lmroman10-regular]:+tlig;!
Missing character: There is no 는 (U+B294) in font [lmroman10-regular]:+tlig;!
Missing character: There is no 이 (U+C774) in font [lmroman10-regular]:+tlig;!
Missing character: There is no 필 (U+D544) in font [lmroman10-regular]:+tlig;!
Missing character: There is no 요 (U+C694) in font [lmroman10-regular]:+tlig;!
Missing character: There is no 합 (U+D569) in font [lmroman10-regular]:+tlig;!
Missing character: There is no 니 (U+B2C8) in font [lmroman10-regular]:+tlig;!
Missing character: There is no 다 (U+B2E4) in font [lmroman10-regular]:+tlig;!
Missing character: There is no 또 (U+B610) in font [lmroman10-regular]:+tlig;!
Missing character: There is no 한 (U+D55C) in font [lmroman10-regular]:+tlig;!
Missing character: There is no 의 (U+C758) in font [lmroman10-regular]:+tlig;!
Missing character: There is no 본 (U+BCF8) in font [lmroman10-regular]:+tlig;!
Missing character: There is no 래 (U+B798) in font [lmroman10-regular]:+tlig;!
Missing character: There is no 만 (U+B9CC) in font [lmroman10-regular]:+tlig;!
Missing character: There is no 설 (U+C124) in font [lmroman10-regular]:+tlig;!
Missing character: There is no 치 (U+CE58) in font [lmroman10-regular]:+tlig;!
Missing character: There is no 하 (U+D558) in font [lmroman10-regular]:+tlig;!
Missing character: There is no 여 (U+C5EC) in font [lmroman10-regular]:+tlig;!
Missing character: There is no 도 (U+B3C4) in font [lmroman10-regular]:+tlig;!
Missing character: There is no 시 (U+C2DC) in font [lmroman10-regular]:+tlig;!
Missing character: There is no 뮬 (U+BBAC) in font [lmroman10-regular]:+tlig;!
Missing character: There is no 레 (U+B808) in font [lmroman10-regular]:+tlig;!
Missing character: There is no 이 (U+C774) in font [lmroman10-regular]:+tlig;!
Missing character: There is no 션 (U+C158) in font [lmroman10-regular]:+tlig;!
Missing character: There is no 을 (U+C744) in font [lmroman10-regular]:+tlig;!
Missing character: There is no 할 (U+D560) in font [lmroman10-regular]:+tlig;!
Missing character: There is no 수 (U+C218) in font [lmroman10-regular]:+tlig;!
Missing character: There is no 있 (U+C788) in font [lmroman10-regular]:+tlig;!
Missing character: There is no 습 (U+C2B5) in font [lmroman10-regular]:+tlig;!
Missing character: There is no 니 (U+B2C8) in font [lmroman10-regular]:+tlig;!
Missing character: There is no 다 (U+B2E4) in font [lmroman10-regular]:+tlig;!
Missing character: There is no 다 (U+B2E4) in font [lmroman10-regular]:+tlig;!
Missing character: There is no 만 (U+B9CC) in font [lmroman10-regular]:+tlig;!
Missing character: There is no 프 (U+D504) in font [lmroman10-regular]:+tlig;!
Missing character: There is no 로 (U+B85C) in font [lmroman10-regular]:+tlig;!
Missing character: There is no 그 (U+ADF8) in font [lmroman10-regular]:+tlig;!
Missing character: There is no 램 (U+B7A8) in font [lmroman10-regular]:+tlig;!
Missing character: There is no 은 (U+C740) in font [lmroman10-regular]:+tlig;!
Missing character: There is no 을 (U+C744) in font [lmroman10-regular]:+tlig;!
Missing character: There is no 제 (U+C81C) in font [lmroman10-regular]:+tlig;!
Missing character: There is no 공 (U+ACF5) in font [lmroman10-regular]:+tlig;!
Missing character: There is no 하 (U+D558) in font [lmroman10-regular]:+tlig;!
Missing character: There is no 고 (U+ACE0) in font [lmroman10-regular]:+tlig;!
Missing character: There is no 있 (U+C788) in font [lmroman10-regular]:+tlig;!
Missing character: There is no 어 (U+C5B4) in font [lmroman10-regular]:+tlig;!
Missing character: There is no 이 (U+C774) in font [lmroman10-regular]:+tlig;!
Missing character: There is no 를 (U+B97C) in font [lmroman10-regular]:+tlig;!
Missing character: There is no 이 (U+C774) in font [lmroman10-regular]:+tlig;!
Missing character: There is no 용 (U+C6A9) in font [lmroman10-regular]:+tlig;!
Missing character: There is no 하 (U+D558) in font [lmroman10-regular]:+tlig;!
Missing character: There is no 기 (U+AE30) in font [lmroman10-regular]:+tlig;!
Missing character: There is no 위 (U+C704) in font [lmroman10-regular]:+tlig;!
Missing character: There is no 해 (U+D574) in font [lmroman10-regular]:+tlig;!
Missing character: There is no 서 (U+C11C) in font [lmroman10-regular]:+tlig;!
Missing character: There is no 는 (U+B294) in font [lmroman10-regular]:+tlig;!
Missing character: There is no 이 (U+C774) in font [lmroman10-regular]:+tlig;!
Missing character: There is no 필 (U+D544) in font [lmroman10-regular]:+tlig;!
Missing character: There is no 요 (U+C694) in font [lmroman10-regular]:+tlig;!
Missing character: There is no 합 (U+D569) in font [lmroman10-regular]:+tlig;!
Missing character: There is no 니 (U+B2C8) in font [lmroman10-regular]:+tlig;!
Missing character: There is no 다 (U+B2E4) in font [lmroman10-regular]:+tlig;!
Missing character: There is no 또 (U+B610) in font [lmroman10-regular]:+tlig;!
Missing character: There is no 한 (U+D55C) in font [lmroman10-regular]:+tlig;!
Missing character: There is no 의 (U+C758) in font [lmroman10-regular]:+tlig;!
Missing character: There is no 입 (U+C785) in font [lmroman10-regular]:+tlig;!
Missing character: There is no 력 (U+B825) in font [lmroman10-regular]:+tlig;!
Missing character: There is no 과 (U+ACFC) in font [lmroman10-regular]:+tlig;!
Missing character: There is no 출 (U+CD9C) in font [lmroman10-regular]:+tlig;!
Missing character: There is no 력 (U+B825) in font [lmroman10-regular]:+tlig;!
Missing character: There is no 파 (U+D30C) in font [lmroman10-regular]:+tlig;!
Missing character: There is no 일 (U+C77C) in font [lmroman10-regular]:+tlig;!
Missing character: There is no 은 (U+C740) in font [lmroman10-regular]:+tlig;!
Missing character: There is no 기 (U+AE30) in font [lmroman10-regular]:+tlig;!
Missing character: There is no 본 (U+BCF8) in font [lmroman10-regular]:+tlig;!
Missing character: There is no 적 (U+C801) in font [lmroman10-regular]:+tlig;!
Missing character: There is no 으 (U+C73C) in font [lmroman10-regular]:+tlig;!
Missing character: There is no 로 (U+B85C) in font [lmroman10-regular]:+tlig;!
Missing character: There is no 형 (U+D615) in font [lmroman10-regular]:+tlig;!
Missing character: There is no 식 (U+C2DD) in font [lmroman10-regular]:+tlig;!
Missing character: There is no 으 (U+C73C) in font [lmroman10-regular]:+tlig;!
Missing character: There is no 로 (U+B85C) in font [lmroman10-regular]:+tlig;!
Missing character: There is no 이 (U+C774) in font [lmroman10-regular]:+tlig;!
Missing character: There is no 루 (U+B8E8) in font [lmroman10-regular]:+tlig;!
Missing character: There is no 어 (U+C5B4) in font [lmroman10-regular]:+tlig;!
Missing character: There is no 져 (U+C838) in font [lmroman10-regular]:+tlig;!
Missing character: There is no 있 (U+C788) in font [lmroman10-regular]:+tlig;!
Missing character: There is no 습 (U+C2B5) in font [lmroman10-regular]:+tlig;!
Missing character: There is no 니 (U+B2C8) in font [lmroman10-regular]:+tlig;!
Missing character: There is no 다 (U+B2E4) in font [lmroman10-regular]:+tlig;!
Missing character: There is no 이 (U+C774) in font [lmroman10-regular]:+tlig;!
Missing character: There is no 파 (U+D30C) in font [lmroman10-regular]:+tlig;!
Missing character: There is no 일 (U+C77C) in font [lmroman10-regular]:+tlig;!
Missing character: There is no 을 (U+C744) in font [lmroman10-regular]:+tlig;!
Missing character: There is no 메 (U+BA54) in font [lmroman10-regular]:+tlig;!
Missing character: There is no 모 (U+BAA8) in font [lmroman10-regular]:+tlig;!
Missing character: There is no 장 (U+C7A5) in font [lmroman10-regular]:+tlig;!
Missing character: There is no 으 (U+C73C) in font [lmroman10-regular]:+tlig;!
Missing character: There is no 로 (U+B85C) in font [lmroman10-regular]:+tlig;!
Missing character: There is no 편 (U+D3B8) in font [lmroman10-regular]:+tlig;!
Missing character: There is no 집 (U+C9D1) in font [lmroman10-regular]:+tlig;!
Missing character: There is no 할 (U+D560) in font [lmroman10-regular]:+tlig;!
Missing character: There is no 수 (U+C218) in font [lmroman10-regular]:+tlig;!
Missing character: There is no 있 (U+C788) in font [lmroman10-regular]:+tlig;!
Missing character: There is no 지 (U+C9C0) in font [lmroman10-regular]:+tlig;!
Missing character: There is no 만 (U+B9CC) in font [lmroman10-regular]:+tlig;!
Missing character: There is no 와 (U+C640) in font [lmroman10-regular]:+tlig;!
Missing character: There is no 같 (U+AC19) in font [lmroman10-regular]:+tlig;!
Missing character: There is no 은 (U+C740) in font [lmroman10-regular]:+tlig;!
Missing character: There is no 편 (U+D3B8) in font [lmroman10-regular]:+tlig;!
Missing character: There is no 집 (U+C9D1) in font [lmroman10-regular]:+tlig;!
Missing character: There is no 기 (U+AE30) in font [lmroman10-regular]:+tlig;!
Missing character: There is no 를 (U+B97C) in font [lmroman10-regular]:+tlig;!
Missing character: There is no 사 (U+C0AC) in font [lmroman10-regular]:+tlig;!
Missing character: There is no 용 (U+C6A9) in font [lmroman10-regular]:+tlig;!
Missing character: There is no 하 (U+D558) in font [lmroman10-regular]:+tlig;!
Missing character: There is no 면 (U+BA74) in font [lmroman10-regular]:+tlig;!
Missing character: There is no 보 (U+BCF4) in font [lmroman10-regular]:+tlig;!
Missing character: There is no 다 (U+B2E4) in font [lmroman10-regular]:+tlig;!
Missing character: There is no 쉽 (U+C27D) in font [lmroman10-regular]:+tlig;!
Missing character: There is no 게 (U+AC8C) in font [lmroman10-regular]:+tlig;!
Missing character: There is no 편 (U+D3B8) in font [lmroman10-regular]:+tlig;!
Missing character: There is no 집 (U+C9D1) in font [lmroman10-regular]:+tlig;!
Missing character: There is no 하 (U+D558) in font [lmroman10-regular]:+tlig;!
Missing character: There is no 고 (U+ACE0) in font [lmroman10-regular]:+tlig;!
Missing character: There is no 볼 (U+BCFC) in font [lmroman10-regular]:+tlig;!
Missing character: There is no 수 (U+C218) in font [lmroman10-regular]:+tlig;!
Missing character: There is no 있 (U+C788) in font [lmroman10-regular]:+tlig;!
Missing character: There is no 습 (U+C2B5) in font [lmroman10-regular]:+tlig;!
Missing character: There is no 니 (U+B2C8) in font [lmroman10-regular]:+tlig;!
Missing character: There is no 다 (U+B2E4) in font [lmroman10-regular]:+tlig;!
Missing character: There is no 미 (U+BBF8) in font [lmroman10-regular]:+tlig;!
Missing character: There is no 래 (U+B798) in font [lmroman10-regular]:+tlig;!
Missing character: There is no 에 (U+C5D0) in font [lmroman10-regular]:+tlig;!
Missing character: There is no 를 (U+B97C) in font [lmroman10-regular]:+tlig;!
Missing character: There is no 응 (U+C751) in font [lmroman10-regular]:+tlig;!
Missing character: There is no 용 (U+C6A9) in font [lmroman10-regular]:+tlig;!
Missing character: There is no 하 (U+D558) in font [lmroman10-regular]:+tlig;!
Missing character: There is no 여 (U+C5EC) in font [lmroman10-regular]:+tlig;!
Missing character: There is no 쓰 (U+C4F0) in font [lmroman10-regular]:+tlig;!
Missing character: There is no 게 (U+AC8C) in font [lmroman10-regular]:+tlig;!
Missing character: There is no 될 (U+B420) in font [lmroman10-regular]:+tlig;!
Missing character: There is no 때 (U+B54C) in font [lmroman10-regular]:+tlig;!
Missing character: There is no 입 (U+C785) in font [lmroman10-regular]:+tlig;!
Missing character: There is no 력 (U+B825) in font [lmroman10-regular]:+tlig;!
Missing character: There is no 과 (U+ACFC) in font [lmroman10-regular]:+tlig;!
Missing character: There is no 출 (U+CD9C) in font [lmroman10-regular]:+tlig;!
Missing character: There is no 력 (U+B825) in font [lmroman10-regular]:+tlig;!
Missing character: There is no 파 (U+D30C) in font [lmroman10-regular]:+tlig;!
Missing character: There is no 일 (U+C77C) in font [lmroman10-regular]:+tlig;!
Missing character: There is no 은 (U+C740) in font [lmroman10-regular]:+tlig;!
Missing character: There is no 기 (U+AE30) in font [lmroman10-regular]:+tlig;!
Missing character: There is no 본 (U+BCF8) in font [lmroman10-regular]:+tlig;!
Missing character: There is no 적 (U+C801) in font [lmroman10-regular]:+tlig;!
Missing character: There is no 으 (U+C73C) in font [lmroman10-regular]:+tlig;!
Missing character: There is no 로 (U+B85C) in font [lmroman10-regular]:+tlig;!
Missing character: There is no 형 (U+D615) in font [lmroman10-regular]:+tlig;!
Missing character: There is no 식 (U+C2DD) in font [lmroman10-regular]:+tlig;!
Missing character: There is no 으 (U+C73C) in font [lmroman10-regular]:+tlig;!
Missing character: There is no 로 (U+B85C) in font [lmroman10-regular]:+tlig;!
Missing character: There is no 이 (U+C774) in font [lmroman10-regular]:+tlig;!
Missing character: There is no 루 (U+B8E8) in font [lmroman10-regular]:+tlig;!
Missing character: There is no 어 (U+C5B4) in font [lmroman10-regular]:+tlig;!
Missing character: There is no 져 (U+C838) in font [lmroman10-regular]:+tlig;!
Missing character: There is no 있 (U+C788) in font [lmroman10-regular]:+tlig;!
Missing character: There is no 습 (U+C2B5) in font [lmroman10-regular]:+tlig;!
Missing character: There is no 니 (U+B2C8) in font [lmroman10-regular]:+tlig;!
Missing character: There is no 다 (U+B2E4) in font [lmroman10-regular]:+tlig;!
Missing character: There is no 이 (U+C774) in font [lmroman10-regular]:+tlig;!
Missing character: There is no 파 (U+D30C) in font [lmroman10-regular]:+tlig;!
Missing character: There is no 일 (U+C77C) in font [lmroman10-regular]:+tlig;!
Missing character: There is no 을 (U+C744) in font [lmroman10-regular]:+tlig;!
Missing character: There is no 메 (U+BA54) in font [lmroman10-regular]:+tlig;!
Missing character: There is no 모 (U+BAA8) in font [lmroman10-regular]:+tlig;!
Missing character: There is no 장 (U+C7A5) in font [lmroman10-regular]:+tlig;!
Missing character: There is no 으 (U+C73C) in font [lmroman10-regular]:+tlig;!
Missing character: There is no 로 (U+B85C) in font [lmroman10-regular]:+tlig;!
Missing character: There is no 편 (U+D3B8) in font [lmroman10-regular]:+tlig;!
Missing character: There is no 집 (U+C9D1) in font [lmroman10-regular]:+tlig;!
Missing character: There is no 할 (U+D560) in font [lmroman10-regular]:+tlig;!
Missing character: There is no 수 (U+C218) in font [lmroman10-regular]:+tlig;!
Missing character: There is no 있 (U+C788) in font [lmroman10-regular]:+tlig;!
Missing character: There is no 지 (U+C9C0) in font [lmroman10-regular]:+tlig;!
Missing character: There is no 만 (U+B9CC) in font [lmroman10-regular]:+tlig;!
Missing character: There is no 와 (U+C640) in font [lmroman10-regular]:+tlig;!
Missing character: There is no 같 (U+AC19) in font [lmroman10-regular]:+tlig;!
Missing character: There is no 은 (U+C740) in font [lmroman10-regular]:+tlig;!
Missing character: There is no 편 (U+D3B8) in font [lmroman10-regular]:+tlig;!
Missing character: There is no 집 (U+C9D1) in font [lmroman10-regular]:+tlig;!
Missing character: There is no 기 (U+AE30) in font [lmroman10-regular]:+tlig;!
Missing character: There is no 를 (U+B97C) in font [lmroman10-regular]:+tlig;!
Missing character: There is no 사 (U+C0AC) in font [lmroman10-regular]:+tlig;!
Missing character: There is no 용 (U+C6A9) in font [lmroman10-regular]:+tlig;!
Missing character: There is no 하 (U+D558) in font [lmroman10-regular]:+tlig;!
Missing character: There is no 면 (U+BA74) in font [lmroman10-regular]:+tlig;!
Missing character: There is no 보 (U+BCF4) in font [lmroman10-regular]:+tlig;!
Missing character: There is no 다 (U+B2E4) in font [lmroman10-regular]:+tlig;!
Missing character: There is no 쉽 (U+C27D) in font [lmroman10-regular]:+tlig;!
Missing character: There is no 게 (U+AC8C) in font [lmroman10-regular]:+tlig;!
Missing character: There is no 편 (U+D3B8) in font [lmroman10-regular]:+tlig;!
Missing character: There is no 집 (U+C9D1) in font [lmroman10-regular]:+tlig;!
Missing character: There is no 하 (U+D558) in font [lmroman10-regular]:+tlig;!
Missing character: There is no 고 (U+ACE0) in font [lmroman10-regular]:+tlig;!
Missing character: There is no 볼 (U+BCFC) in font [lmroman10-regular]:+tlig;!
Missing character: There is no 수 (U+C218) in font [lmroman10-regular]:+tlig;!
Missing character: There is no 있 (U+C788) in font [lmroman10-regular]:+tlig;!
Missing character: There is no 습 (U+C2B5) in font [lmroman10-regular]:+tlig;!
Missing character: There is no 니 (U+B2C8) in font [lmroman10-regular]:+tlig;!
Missing character: There is no 다 (U+B2E4) in font [lmroman10-regular]:+tlig;!
Missing character: There is no 미 (U+BBF8) in font [lmroman10-regular]:+tlig;!
Missing character: There is no 래 (U+B798) in font [lmroman10-regular]:+tlig;!
Missing character: There is no 에 (U+C5D0) in font [lmroman10-regular]:+tlig;!
Missing character: There is no 를 (U+B97C) in font [lmroman10-regular]:+tlig;!
Missing character: There is no 응 (U+C751) in font [lmroman10-regular]:+tlig;!
Missing character: There is no 용 (U+C6A9) in font [lmroman10-regular]:+tlig;!
Missing character: There is no 하 (U+D558) in font [lmroman10-regular]:+tlig;!
Missing character: There is no 여 (U+C5EC) in font [lmroman10-regular]:+tlig;!
Missing character: There is no 쓰 (U+C4F0) in font [lmroman10-regular]:+tlig;!
Missing character: There is no 게 (U+AC8C) in font [lmroman10-regular]:+tlig;!
Missing character: There is no 될 (U+B420) in font [lmroman10-regular]:+tlig;!
Missing character: There is no 때 (U+B54C) in font [lmroman10-regular]:+tlig;!
Missing character: There is no 작 (U+C791) in font [lmroman10-regular]:+tlig;!
Missing character: There is no 성 (U+C131) in font [lmroman10-regular]:+tlig;!
Missing character: There is no 하 (U+D558) in font [lmroman10-regular]:+tlig;!
Missing character: There is no 거 (U+AC70) in font [lmroman10-regular]:+tlig;!
Missing character: There is no 나 (U+B098) in font [lmroman10-regular]:+tlig;!
Missing character: There is no 프 (U+D504) in font [lmroman10-regular]:+tlig;!
Missing character: There is no 로 (U+B85C) in font [lmroman10-regular]:+tlig;!
Missing character: There is no 그 (U+ADF8) in font [lmroman10-regular]:+tlig;!
Missing character: There is no 램 (U+B7A8) in font [lmroman10-regular]:+tlig;!
Missing character: There is no 사 (U+C0AC) in font [lmroman10-regular]:+tlig;!
Missing character: There is no 용 (U+C6A9) in font [lmroman10-regular]:+tlig;!
Missing character: There is no 할 (U+D560) in font [lmroman10-regular]:+tlig;!
Missing character: There is no 때 (U+B54C) in font [lmroman10-regular]:+tlig;!
Missing character: There is no 가 (U+AC00) in font [lmroman10-regular]:+tlig;!
Missing character: There is no 도 (U+B3C4) in font [lmroman10-regular]:+tlig;!
Missing character: There is no 움 (U+C6C0) in font [lmroman10-regular]:+tlig;!
Missing character: There is no 이 (U+C774) in font [lmroman10-regular]:+tlig;!
Missing character: There is no 될 (U+B420) in font [lmroman10-regular]:+tlig;!
Missing character: There is no 수 (U+C218) in font [lmroman10-regular]:+tlig;!
Missing character: There is no 있 (U+C788) in font [lmroman10-regular]:+tlig;!
Missing character: There is no 습 (U+C2B5) in font [lmroman10-regular]:+tlig;!
Missing character: There is no 니 (U+B2C8) in font [lmroman10-regular]:+tlig;!
Missing character: There is no 다 (U+B2E4) in font [lmroman10-regular]:+tlig;!
Missing character: There is no 이 (U+C774) in font [lmroman10-regular]:+tlig;!
Missing character: There is no 에 (U+C5D0) in font [lmroman10-regular]:+tlig;!
Missing character: There is no 설 (U+C124) in font [lmroman10-regular]:+tlig;!
Missing character: There is no 치 (U+CE58) in font [lmroman10-regular]:+tlig;!
Missing character: There is no 방 (U+BC29) in font [lmroman10-regular]:+tlig;!
Missing character: There is no 법 (U+BC95) in font [lmroman10-regular]:+tlig;!
Missing character: There is no 설 (U+C124) in font [lmroman10-regular]:+tlig;!
Missing character: There is no 치 (U+CE58) in font [lmroman10-regular]:+tlig;!
Missing character: There is no 방 (U+BC29) in font [lmroman10-regular]:+tlig;!
Missing character: There is no 법 (U+BC95) in font [lmroman10-regular]:+tlig;!
Missing character: There is no 을 (U+C744) in font [lmroman10-regular]:+tlig;!
Missing character: There is no 함 (U+D568) in font [lmroman10-regular]:+tlig;!
Missing character: There is no 께 (U+AED8) in font [lmroman10-regular]:+tlig;!
Missing character: There is no 서 (U+C11C) in font [lmroman10-regular]:+tlig;!
Missing character: There is no 술 (U+C220) in font [lmroman10-regular]:+tlig;!
Missing character: There is no 하 (U+D558) in font [lmroman10-regular]:+tlig;!
Missing character: There is no 였 (U+C600) in font [lmroman10-regular]:+tlig;!
Missing character: There is no 습 (U+C2B5) in font [lmroman10-regular]:+tlig;!
Missing character: There is no 니 (U+B2C8) in font [lmroman10-regular]:+tlig;!
Missing character: There is no 다 (U+B2E4) in font [lmroman10-regular]:+tlig;!
Missing character: There is no 만 (U+B9CC) in font [lmroman10-regular]:+tlig;!
Missing character: There is no 필 (U+D544) in font [lmroman10-regular]:+tlig;!
Missing character: There is no 요 (U+C694) in font [lmroman10-regular]:+tlig;!
Missing character: There is no 한 (U+D55C) in font [lmroman10-regular]:+tlig;!
Missing character: There is no 경 (U+ACBD) in font [lmroman10-regular]:+tlig;!
Missing character: There is no 우 (U+C6B0) in font [lmroman10-regular]:+tlig;!
Missing character: There is no 설 (U+C124) in font [lmroman10-regular]:+tlig;!
Missing character: There is no 치 (U+CE58) in font [lmroman10-regular]:+tlig;!
Missing character: There is no 만 (U+B9CC) in font [lmroman10-regular]:+tlig;!
Missing character: There is no 따 (U+B530) in font [lmroman10-regular]:+tlig;!
Missing character: There is no 라 (U+B77C) in font [lmroman10-regular]:+tlig;!
Missing character: There is no 하 (U+D558) in font [lmroman10-regular]:+tlig;!
Missing character: There is no 셔 (U+C154) in font [lmroman10-regular]:+tlig;!
Missing character: There is no 도 (U+B3C4) in font [lmroman10-regular]:+tlig;!
Missing character: There is no 괜 (U+AD1C) in font [lmroman10-regular]:+tlig;!
Missing character: There is no 찮 (U+CC2E) in font [lmroman10-regular]:+tlig;!
Missing character: There is no 습 (U+C2B5) in font [lmroman10-regular]:+tlig;!
Missing character: There is no 니 (U+B2C8) in font [lmroman10-regular]:+tlig;!
Missing character: There is no 다 (U+B2E4) in font [lmroman10-regular]:+tlig;!
Missing character: There is no 그 (U+ADF8) in font [lmroman10-regular]:+tlig;!
Missing character: There is no 리 (U+B9AC) in font [lmroman10-regular]:+tlig;!
Missing character: There is no 고 (U+ACE0) in font [lmroman10-regular]:+tlig;!
Missing character: There is no 기 (U+AE30) in font [lmroman10-regular]:+tlig;!
Missing character: There is no 존 (U+C874) in font [lmroman10-regular]:+tlig;!
Missing character: There is no 에 (U+C5D0) in font [lmroman10-regular]:+tlig;!
Missing character: There is no 사 (U+C0AC) in font [lmroman10-regular]:+tlig;!
Missing character: There is no 용 (U+C6A9) in font [lmroman10-regular]:+tlig;!
Missing character: There is no 하 (U+D558) in font [lmroman10-regular]:+tlig;!
Missing character: There is no 시 (U+C2DC) in font [lmroman10-regular]:+tlig;!
Missing character: There is no 는 (U+B294) in font [lmroman10-regular]:+tlig;!
Missing character: There is no 코 (U+CF54) in font [lmroman10-regular]:+tlig;!
Missing character: There is no 드 (U+B4DC) in font [lmroman10-regular]:+tlig;!
Missing character: There is no 편 (U+D3B8) in font [lmroman10-regular]:+tlig;!
Missing character: There is no 집 (U+C9D1) in font [lmroman10-regular]:+tlig;!
Missing character: There is no 기 (U+AE30) in font [lmroman10-regular]:+tlig;!
Missing character: There is no 가 (U+AC00) in font [lmroman10-regular]:+tlig;!
Missing character: There is no 이 (U+C774) in font [lmroman10-regular]:+tlig;!
Missing character: There is no 미 (U+BBF8) in font [lmroman10-regular]:+tlig;!
Missing character: There is no 존 (U+C874) in font [lmroman10-regular]:+tlig;!
Missing character: There is no 재 (U+C7AC) in font [lmroman10-regular]:+tlig;!
Missing character: There is no 하 (U+D558) in font [lmroman10-regular]:+tlig;!
Missing character: There is no 고 (U+ACE0) in font [lmroman10-regular]:+tlig;!
Missing character: There is no 도 (U+B3C4) in font [lmroman10-regular]:+tlig;!
Missing character: There is no 설 (U+C124) in font [lmroman10-regular]:+tlig;!
Missing character: There is no 치 (U+CE58) in font [lmroman10-regular]:+tlig;!
Missing character: There is no 되 (U+B418) in font [lmroman10-regular]:+tlig;!
Missing character: There is no 어 (U+C5B4) in font [lmroman10-regular]:+tlig;!
Missing character: There is no 있 (U+C788) in font [lmroman10-regular]:+tlig;!
Missing character: There is no 다 (U+B2E4) in font [lmroman10-regular]:+tlig;!
Missing character: There is no 면 (U+BA74) in font [lmroman10-regular]:+tlig;!
Missing character: There is no 해 (U+D574) in font [lmroman10-regular]:+tlig;!
Missing character: There is no 당 (U+B2F9) in font [lmroman10-regular]:+tlig;!
Missing character: There is no 장 (U+C7A5) in font [lmroman10-regular]:+tlig;!
Missing character: There is no 을 (U+C744) in font [lmroman10-regular]:+tlig;!
Missing character: There is no 생 (U+C0DD) in font [lmroman10-regular]:+tlig;!
Missing character: There is no 략 (U+B7B5) in font [lmroman10-regular]:+tlig;!
Missing character: There is no 하 (U+D558) in font [lmroman10-regular]:+tlig;!
Missing character: There is no 셔 (U+C154) in font [lmroman10-regular]:+tlig;!
Missing character: There is no 도 (U+B3C4) in font [lmroman10-regular]:+tlig;!
Missing character: There is no 괜 (U+AD1C) in font [lmroman10-regular]:+tlig;!
Missing character: There is no 찮 (U+CC2E) in font [lmroman10-regular]:+tlig;!
Missing character: There is no 습 (U+C2B5) in font [lmroman10-regular]:+tlig;!
Missing character: There is no 니 (U+B2C8) in font [lmroman10-regular]:+tlig;!
Missing character: There is no 다 (U+B2E4) in font [lmroman10-regular]:+tlig;!
Missing character: There is no 이 (U+C774) in font [lmroman10-regular]:+tlig;!
Missing character: There is no 에 (U+C5D0) in font [lmroman10-regular]:+tlig;!
Missing character: There is no 설 (U+C124) in font [lmroman10-regular]:+tlig;!
Missing character: There is no 치 (U+CE58) in font [lmroman10-regular]:+tlig;!
Missing character: There is no 방 (U+BC29) in font [lmroman10-regular]:+tlig;!
Missing character: There is no 법 (U+BC95) in font [lmroman10-regular]:+tlig;!
Missing character: There is no 설 (U+C124) in font [lmroman10-regular]:+tlig;!
Missing character: There is no 치 (U+CE58) in font [lmroman10-regular]:+tlig;!
Missing character: There is no 방 (U+BC29) in font [lmroman10-regular]:+tlig;!
Missing character: There is no 법 (U+BC95) in font [lmroman10-regular]:+tlig;!
Missing character: There is no 을 (U+C744) in font [lmroman10-regular]:+tlig;!
Missing character: There is no 함 (U+D568) in font [lmroman10-regular]:+tlig;!
Missing character: There is no 께 (U+AED8) in font [lmroman10-regular]:+tlig;!
Missing character: There is no 서 (U+C11C) in font [lmroman10-regular]:+tlig;!
Missing character: There is no 술 (U+C220) in font [lmroman10-regular]:+tlig;!
Missing character: There is no 하 (U+D558) in font [lmroman10-regular]:+tlig;!
Missing character: There is no 였 (U+C600) in font [lmroman10-regular]:+tlig;!
Missing character: There is no 습 (U+C2B5) in font [lmroman10-regular]:+tlig;!
Missing character: There is no 니 (U+B2C8) in font [lmroman10-regular]:+tlig;!
Missing character: There is no 다 (U+B2E4) in font [lmroman10-regular]:+tlig;!
Missing character: There is no 만 (U+B9CC) in font [lmroman10-regular]:+tlig;!
Missing character: There is no 필 (U+D544) in font [lmroman10-regular]:+tlig;!
Missing character: There is no 요 (U+C694) in font [lmroman10-regular]:+tlig;!
Missing character: There is no 한 (U+D55C) in font [lmroman10-regular]:+tlig;!
Missing character: There is no 경 (U+ACBD) in font [lmroman10-regular]:+tlig;!
Missing character: There is no 우 (U+C6B0) in font [lmroman10-regular]:+tlig;!
Missing character: There is no 설 (U+C124) in font [lmroman10-regular]:+tlig;!
Missing character: There is no 치 (U+CE58) in font [lmroman10-regular]:+tlig;!
Missing character: There is no 만 (U+B9CC) in font [lmroman10-regular]:+tlig;!
Missing character: There is no 따 (U+B530) in font [lmroman10-regular]:+tlig;!
Missing character: There is no 라 (U+B77C) in font [lmroman10-regular]:+tlig;!
Missing character: There is no 하 (U+D558) in font [lmroman10-regular]:+tlig;!
Missing character: There is no 셔 (U+C154) in font [lmroman10-regular]:+tlig;!
Missing character: There is no 도 (U+B3C4) in font [lmroman10-regular]:+tlig;!
Missing character: There is no 괜 (U+AD1C) in font [lmroman10-regular]:+tlig;!
Missing character: There is no 찮 (U+CC2E) in font [lmroman10-regular]:+tlig;!
Missing character: There is no 습 (U+C2B5) in font [lmroman10-regular]:+tlig;!
Missing character: There is no 니 (U+B2C8) in font [lmroman10-regular]:+tlig;!
Missing character: There is no 다 (U+B2E4) in font [lmroman10-regular]:+tlig;!
Missing character: There is no 그 (U+ADF8) in font [lmroman10-regular]:+tlig;!
Missing character: There is no 리 (U+B9AC) in font [lmroman10-regular]:+tlig;!
Missing character: There is no 고 (U+ACE0) in font [lmroman10-regular]:+tlig;!
Missing character: There is no 기 (U+AE30) in font [lmroman10-regular]:+tlig;!
Missing character: There is no 존 (U+C874) in font [lmroman10-regular]:+tlig;!
Missing character: There is no 에 (U+C5D0) in font [lmroman10-regular]:+tlig;!
Missing character: There is no 사 (U+C0AC) in font [lmroman10-regular]:+tlig;!
Missing character: There is no 용 (U+C6A9) in font [lmroman10-regular]:+tlig;!
Missing character: There is no 하 (U+D558) in font [lmroman10-regular]:+tlig;!
Missing character: There is no 시 (U+C2DC) in font [lmroman10-regular]:+tlig;!
Missing character: There is no 는 (U+B294) in font [lmroman10-regular]:+tlig;!
Missing character: There is no 코 (U+CF54) in font [lmroman10-regular]:+tlig;!
Missing character: There is no 드 (U+B4DC) in font [lmroman10-regular]:+tlig;!
Missing character: There is no 편 (U+D3B8) in font [lmroman10-regular]:+tlig;!
Missing character: There is no 집 (U+C9D1) in font [lmroman10-regular]:+tlig;!
Missing character: There is no 기 (U+AE30) in font [lmroman10-regular]:+tlig;!
Missing character: There is no 가 (U+AC00) in font [lmroman10-regular]:+tlig;!
Missing character: There is no 이 (U+C774) in font [lmroman10-regular]:+tlig;!
Missing character: There is no 미 (U+BBF8) in font [lmroman10-regular]:+tlig;!
Missing character: There is no 존 (U+C874) in font [lmroman10-regular]:+tlig;!
Missing character: There is no 재 (U+C7AC) in font [lmroman10-regular]:+tlig;!
Missing character: There is no 하 (U+D558) in font [lmroman10-regular]:+tlig;!
Missing character: There is no 고 (U+ACE0) in font [lmroman10-regular]:+tlig;!
Missing character: There is no 도 (U+B3C4) in font [lmroman10-regular]:+tlig;!
Missing character: There is no 이 (U+C774) in font [lmroman10-regular]:+tlig;!
Missing character: There is no 에 (U+C5D0) in font [lmroman10-regular]:+tlig;!
Missing character: There is no 설 (U+C124) in font [lmroman10-regular]:+tlig;!
Missing character: There is no 치 (U+CE58) in font [lmroman10-regular]:+tlig;!
Missing character: There is no 방 (U+BC29) in font [lmroman10-regular]:+tlig;!
Missing character: There is no 법 (U+BC95) in font [lmroman10-regular]:+tlig;!
Missing character: There is no 설 (U+C124) in font [lmroman10-regular]:+tlig;!
Missing character: There is no 치 (U+CE58) in font [lmroman10-regular]:+tlig;!
Missing character: There is no 방 (U+BC29) in font [lmroman10-regular]:+tlig;!
Missing character: There is no 법 (U+BC95) in font [lmroman10-regular]:+tlig;!
Missing character: There is no 을 (U+C744) in font [lmroman10-regular]:+tlig;!
Missing character: There is no 함 (U+D568) in font [lmroman10-regular]:+tlig;!
Missing character: There is no 께 (U+AED8) in font [lmroman10-regular]:+tlig;!
Missing character: There is no 서 (U+C11C) in font [lmroman10-regular]:+tlig;!
Missing character: There is no 술 (U+C220) in font [lmroman10-regular]:+tlig;!
Missing character: There is no 하 (U+D558) in font [lmroman10-regular]:+tlig;!
Missing character: There is no 였 (U+C600) in font [lmroman10-regular]:+tlig;!
Missing character: There is no 습 (U+C2B5) in font [lmroman10-regular]:+tlig;!
Missing character: There is no 니 (U+B2C8) in font [lmroman10-regular]:+tlig;!
Missing character: There is no 다 (U+B2E4) in font [lmroman10-regular]:+tlig;!
Missing character: There is no 만 (U+B9CC) in font [lmroman10-regular]:+tlig;!
Missing character: There is no 필 (U+D544) in font [lmroman10-regular]:+tlig;!
Missing character: There is no 요 (U+C694) in font [lmroman10-regular]:+tlig;!
Missing character: There is no 한 (U+D55C) in font [lmroman10-regular]:+tlig;!
Missing character: There is no 경 (U+ACBD) in font [lmroman10-regular]:+tlig;!
Missing character: There is no 우 (U+C6B0) in font [lmroman10-regular]:+tlig;!
Missing character: There is no 설 (U+C124) in font [lmroman10-regular]:+tlig;!
Missing character: There is no 치 (U+CE58) in font [lmroman10-regular]:+tlig;!
Missing character: There is no 만 (U+B9CC) in font [lmroman10-regular]:+tlig;!
Missing character: There is no 따 (U+B530) in font [lmroman10-regular]:+tlig;!
Missing character: There is no 라 (U+B77C) in font [lmroman10-regular]:+tlig;!
Missing character: There is no 하 (U+D558) in font [lmroman10-regular]:+tlig;!
Missing character: There is no 셔 (U+C154) in font [lmroman10-regular]:+tlig;!
Missing character: There is no 도 (U+B3C4) in font [lmroman10-regular]:+tlig;!
Missing character: There is no 괜 (U+AD1C) in font [lmroman10-regular]:+tlig;!
Missing character: There is no 찮 (U+CC2E) in font [lmroman10-regular]:+tlig;!
Missing character: There is no 습 (U+C2B5) in font [lmroman10-regular]:+tlig;!
Missing character: There is no 니 (U+B2C8) in font [lmroman10-regular]:+tlig;!
Missing character: There is no 다 (U+B2E4) in font [lmroman10-regular]:+tlig;!
Missing character: There is no 그 (U+ADF8) in font [lmroman10-regular]:+tlig;!
Missing character: There is no 리 (U+B9AC) in font [lmroman10-regular]:+tlig;!
Missing character: There is no 고 (U+ACE0) in font [lmroman10-regular]:+tlig;!
Missing character: There is no 기 (U+AE30) in font [lmroman10-regular]:+tlig;!
Missing character: There is no 존 (U+C874) in font [lmroman10-regular]:+tlig;!
Missing character: There is no 에 (U+C5D0) in font [lmroman10-regular]:+tlig;!
Missing character: There is no 사 (U+C0AC) in font [lmroman10-regular]:+tlig;!
Missing character: There is no 용 (U+C6A9) in font [lmroman10-regular]:+tlig;!
Missing character: There is no 하 (U+D558) in font [lmroman10-regular]:+tlig;!
Missing character: There is no 시 (U+C2DC) in font [lmroman10-regular]:+tlig;!
Missing character: There is no 는 (U+B294) in font [lmroman10-regular]:+tlig;!
Missing character: There is no 코 (U+CF54) in font [lmroman10-regular]:+tlig;!
Missing character: There is no 드 (U+B4DC) in font [lmroman10-regular]:+tlig;!
Missing character: There is no 편 (U+D3B8) in font [lmroman10-regular]:+tlig;!
Missing character: There is no 집 (U+C9D1) in font [lmroman10-regular]:+tlig;!
Missing character: There is no 기 (U+AE30) in font [lmroman10-regular]:+tlig;!
Missing character: There is no 가 (U+AC00) in font [lmroman10-regular]:+tlig;!
Missing character: There is no 이 (U+C774) in font [lmroman10-regular]:+tlig;!
Missing character: There is no 미 (U+BBF8) in font [lmroman10-regular]:+tlig;!
Missing character: There is no 존 (U+C874) in font [lmroman10-regular]:+tlig;!
Missing character: There is no 재 (U+C7AC) in font [lmroman10-regular]:+tlig;!
Missing character: There is no 하 (U+D558) in font [lmroman10-regular]:+tlig;!
Missing character: There is no 고 (U+ACE0) in font [lmroman10-regular]:+tlig;!
Missing character: There is no 도 (U+B3C4) in font [lmroman10-regular]:+tlig;!
Missing character: There is no 설 (U+C124) in font [lmroman10-regular]:+tlig;!
Missing character: There is no 치 (U+CE58) in font [lmroman10-regular]:+tlig;!
Missing character: There is no 되 (U+B418) in font [lmroman10-regular]:+tlig;!
Missing character: There is no 어 (U+C5B4) in font [lmroman10-regular]:+tlig;!
Missing character: There is no 있 (U+C788) in font [lmroman10-regular]:+tlig;!
Missing character: There is no 다 (U+B2E4) in font [lmroman10-regular]:+tlig;!
Missing character: There is no 면 (U+BA74) in font [lmroman10-regular]:+tlig;!
Missing character: There is no 해 (U+D574) in font [lmroman10-regular]:+tlig;!
Missing character: There is no 당 (U+B2F9) in font [lmroman10-regular]:+tlig;!
Missing character: There is no 장 (U+C7A5) in font [lmroman10-regular]:+tlig;!
Missing character: There is no 을 (U+C744) in font [lmroman10-regular]:+tlig;!
Missing character: There is no 생 (U+C0DD) in font [lmroman10-regular]:+tlig;!
Missing character: There is no 략 (U+B7B5) in font [lmroman10-regular]:+tlig;!
Missing character: There is no 하 (U+D558) in font [lmroman10-regular]:+tlig;!
Missing character: There is no 셔 (U+C154) in font [lmroman10-regular]:+tlig;!
Missing character: There is no 도 (U+B3C4) in font [lmroman10-regular]:+tlig;!
Missing character: There is no 괜 (U+AD1C) in font [lmroman10-regular]:+tlig;!
Missing character: There is no 찮 (U+CC2E) in font [lmroman10-regular]:+tlig;!
Missing character: There is no 습 (U+C2B5) in font [lmroman10-regular]:+tlig;!
Missing character: There is no 니 (U+B2C8) in font [lmroman10-regular]:+tlig;!
Missing character: There is no 다 (U+B2E4) in font [lmroman10-regular]:+tlig;!
Missing character: There is no 설 (U+C124) in font [lmroman10-regular]:+tlig;!
Missing character: There is no 치 (U+CE58) in font [lmroman10-regular]:+tlig;!
Missing character: There is no 방 (U+BC29) in font [lmroman10-regular]:+tlig;!
Missing character: There is no 법 (U+BC95) in font [lmroman10-regular]:+tlig;!
Missing character: There is no 을 (U+C744) in font [lmroman10-regular]:+tlig;!
Missing character: There is no 간 (U+AC04) in font [lmroman10-regular]:+tlig;!
Missing character: There is no 략 (U+B7B5) in font [lmroman10-regular]:+tlig;!
Missing character: There is no 하 (U+D558) in font [lmroman10-regular]:+tlig;!
Missing character: There is no 게 (U+AC8C) in font [lmroman10-regular]:+tlig;!
Missing character: There is no 작 (U+C791) in font [lmroman10-regular]:+tlig;!
Missing character: There is no 성 (U+C131) in font [lmroman10-regular]:+tlig;!
Missing character: There is no 하 (U+D558) in font [lmroman10-regular]:+tlig;!
Missing character: There is no 였 (U+C600) in font [lmroman10-regular]:+tlig;!
Missing character: There is no 는 (U+B294) in font [lmroman10-regular]:+tlig;!
Missing character: There is no 데 (U+B370) in font [lmroman10-regular]:+tlig;!
Missing character: There is no 보 (U+BCF4) in font [lmroman10-regular]:+tlig;!
Missing character: There is no 다 (U+B2E4) in font [lmroman10-regular]:+tlig;!
Missing character: There is no 상 (U+C0C1) in font [lmroman10-regular]:+tlig;!
Missing character: There is no 세 (U+C138) in font [lmroman10-regular]:+tlig;!
Missing character: There is no 한 (U+D55C) in font [lmroman10-regular]:+tlig;!
Missing character: There is no 가 (U+AC00) in font [lmroman10-regular]:+tlig;!
Missing character: There is no 이 (U+C774) in font [lmroman10-regular]:+tlig;!
Missing character: There is no 드 (U+B4DC) in font [lmroman10-regular]:+tlig;!
Missing character: There is no 라 (U+B77C) in font [lmroman10-regular]:+tlig;!
Missing character: There is no 인 (U+C778) in font [lmroman10-regular]:+tlig;!
Missing character: There is no 이 (U+C774) in font [lmroman10-regular]:+tlig;!
Missing character: There is no 필 (U+D544) in font [lmroman10-regular]:+tlig;!
Missing character: There is no 요 (U+C694) in font [lmroman10-regular]:+tlig;!
Missing character: There is no 한 (U+D55C) in font [lmroman10-regular]:+tlig;!
Missing character: There is no 경 (U+ACBD) in font [lmroman10-regular]:+tlig;!
Missing character: There is no 우 (U+C6B0) in font [lmroman10-regular]:+tlig;!
Missing character: There is no 구 (U+AD6C) in font [lmroman10-regular]:+tlig;!
Missing character: There is no 글 (U+AE00) in font [lmroman10-regular]:+tlig;!
Missing character: There is no 검 (U+AC80) in font [lmroman10-regular]:+tlig;!
Missing character: There is no 색 (U+C0C9) in font [lmroman10-regular]:+tlig;!
Missing character: There is no 창 (U+CC3D) in font [lmroman10-regular]:+tlig;!
Missing character: There is no 에 (U+C5D0) in font [lmroman10-regular]:+tlig;!
Missing character: There is no 윈 (U+C708) in font [lmmono10-regular]:!
Missing character: There is no 도 (U+B3C4) in font [lmmono10-regular]:!
Missing character: There is no 우 (U+C6B0) in font [lmmono10-regular]:!
Missing character: There is no 설 (U+C124) in font [lmmono10-regular]:!
Missing character: There is no 치 (U+CE58) in font [lmmono10-regular]:!
Missing character: There is no 와 (U+C640) in font [lmroman10-regular]:+tlig;!
Missing character: There is no 같 (U+AC19) in font [lmroman10-regular]:+tlig;!
Missing character: There is no 이 (U+C774) in font [lmroman10-regular]:+tlig;!
Missing character: There is no 입 (U+C785) in font [lmroman10-regular]:+tlig;!
Missing character: There is no 력 (U+B825) in font [lmroman10-regular]:+tlig;!
Missing character: There is no 하 (U+D558) in font [lmroman10-regular]:+tlig;!
Missing character: There is no 시 (U+C2DC) in font [lmroman10-regular]:+tlig;!
Missing character: There is no 면 (U+BA74) in font [lmroman10-regular]:+tlig;!
Missing character: There is no 상 (U+C0C1) in font [lmroman10-regular]:+tlig;!
Missing character: There is no 세 (U+C138) in font [lmroman10-regular]:+tlig;!
Missing character: There is no 한 (U+D55C) in font [lmroman10-regular]:+tlig;!
Missing character: There is no 자 (U+C790) in font [lmroman10-regular]:+tlig;!
Missing character: There is no 료 (U+B8CC) in font [lmroman10-regular]:+tlig;!
Missing character: There is no 를 (U+B97C) in font [lmroman10-regular]:+tlig;!
Missing character: There is no 찾 (U+CC3E) in font [lmroman10-regular]:+tlig;!
Missing character: There is no 을 (U+C744) in font [lmroman10-regular]:+tlig;!
Missing character: There is no 수 (U+C218) in font [lmroman10-regular]:+tlig;!
Missing character: There is no 있 (U+C788) in font [lmroman10-regular]:+tlig;!
Missing character: There is no 습 (U+C2B5) in font [lmroman10-regular]:+tlig;!
Missing character: There is no 니 (U+B2C8) in font [lmroman10-regular]:+tlig;!
Missing character: There is no 다 (U+B2E4) in font [lmroman10-regular]:+tlig;!
Missing character: There is no 설 (U+C124) in font [lmroman10-regular]:+tlig;!
Missing character: There is no 치 (U+CE58) in font [lmroman10-regular]:+tlig;!
Missing character: There is no 방 (U+BC29) in font [lmroman10-regular]:+tlig;!
Missing character: There is no 법 (U+BC95) in font [lmroman10-regular]:+tlig;!
Missing character: There is no 을 (U+C744) in font [lmroman10-regular]:+tlig;!
Missing character: There is no 간 (U+AC04) in font [lmroman10-regular]:+tlig;!
Missing character: There is no 략 (U+B7B5) in font [lmroman10-regular]:+tlig;!
Missing character: There is no 하 (U+D558) in font [lmroman10-regular]:+tlig;!
Missing character: There is no 게 (U+AC8C) in font [lmroman10-regular]:+tlig;!
Missing character: There is no 작 (U+C791) in font [lmroman10-regular]:+tlig;!
Missing character: There is no 성 (U+C131) in font [lmroman10-regular]:+tlig;!
Missing character: There is no 하 (U+D558) in font [lmroman10-regular]:+tlig;!
Missing character: There is no 였 (U+C600) in font [lmroman10-regular]:+tlig;!
Missing character: There is no 는 (U+B294) in font [lmroman10-regular]:+tlig;!
Missing character: There is no 데 (U+B370) in font [lmroman10-regular]:+tlig;!
Missing character: There is no 보 (U+BCF4) in font [lmroman10-regular]:+tlig;!
Missing character: There is no 다 (U+B2E4) in font [lmroman10-regular]:+tlig;!
Missing character: There is no 상 (U+C0C1) in font [lmroman10-regular]:+tlig;!
Missing character: There is no 세 (U+C138) in font [lmroman10-regular]:+tlig;!
Missing character: There is no 한 (U+D55C) in font [lmroman10-regular]:+tlig;!
Missing character: There is no 가 (U+AC00) in font [lmroman10-regular]:+tlig;!
Missing character: There is no 이 (U+C774) in font [lmroman10-regular]:+tlig;!
Missing character: There is no 드 (U+B4DC) in font [lmroman10-regular]:+tlig;!
Missing character: There is no 라 (U+B77C) in font [lmroman10-regular]:+tlig;!
Missing character: There is no 인 (U+C778) in font [lmroman10-regular]:+tlig;!
Missing character: There is no 이 (U+C774) in font [lmroman10-regular]:+tlig;!
Missing character: There is no 필 (U+D544) in font [lmroman10-regular]:+tlig;!
Missing character: There is no 요 (U+C694) in font [lmroman10-regular]:+tlig;!
Missing character: There is no 한 (U+D55C) in font [lmroman10-regular]:+tlig;!
Missing character: There is no 경 (U+ACBD) in font [lmroman10-regular]:+tlig;!
Missing character: There is no 우 (U+C6B0) in font [lmroman10-regular]:+tlig;!
Missing character: There is no 구 (U+AD6C) in font [lmroman10-regular]:+tlig;!
Missing character: There is no 글 (U+AE00) in font [lmroman10-regular]:+tlig;!
Missing character: There is no 검 (U+AC80) in font [lmroman10-regular]:+tlig;!
Missing character: There is no 색 (U+C0C9) in font [lmroman10-regular]:+tlig;!
Missing character: There is no 창 (U+CC3D) in font [lmroman10-regular]:+tlig;!
Missing character: There is no 에 (U+C5D0) in font [lmroman10-regular]:+tlig;!
Missing character: There is no 윈 (U+C708) in font [lmmono10-regular]:!
Missing character: There is no 도 (U+B3C4) in font [lmmono10-regular]:!
Missing character: There is no 우 (U+C6B0) in font [lmmono10-regular]:!
Missing character: There is no 설 (U+C124) in font [lmmono10-regular]:!
Missing character: There is no 치 (U+CE58) in font [lmmono10-regular]:!
Missing character: There is no 와 (U+C640) in font [lmroman10-regular]:+tlig;!
Missing character: There is no 같 (U+AC19) in font [lmroman10-regular]:+tlig;!
Missing character: There is no 이 (U+C774) in font [lmroman10-regular]:+tlig;!
Missing character: There is no 입 (U+C785) in font [lmroman10-regular]:+tlig;!
Missing character: There is no 력 (U+B825) in font [lmroman10-regular]:+tlig;!
Missing character: There is no 하 (U+D558) in font [lmroman10-regular]:+tlig;!
Missing character: There is no 시 (U+C2DC) in font [lmroman10-regular]:+tlig;!
Missing character: There is no 면 (U+BA74) in font [lmroman10-regular]:+tlig;!
Missing character: There is no 상 (U+C0C1) in font [lmroman10-regular]:+tlig;!
Missing character: There is no 세 (U+C138) in font [lmroman10-regular]:+tlig;!
Missing character: There is no 한 (U+D55C) in font [lmroman10-regular]:+tlig;!
Missing character: There is no 자 (U+C790) in font [lmroman10-regular]:+tlig;!
Missing character: There is no 료 (U+B8CC) in font [lmroman10-regular]:+tlig;!
Missing character: There is no 를 (U+B97C) in font [lmroman10-regular]:+tlig;!
Missing character: There is no 찾 (U+CC3E) in font [lmroman10-regular]:+tlig;!
Missing character: There is no 을 (U+C744) in font [lmroman10-regular]:+tlig;!
Missing character: There is no 수 (U+C218) in font [lmroman10-regular]:+tlig;!
Missing character: There is no 있 (U+C788) in font [lmroman10-regular]:+tlig;!
Missing character: There is no 습 (U+C2B5) in font [lmroman10-regular]:+tlig;!
Missing character: There is no 니 (U+B2C8) in font [lmroman10-regular]:+tlig;!
Missing character: There is no 다 (U+B2E4) in font [lmroman10-regular]:+tlig;!
Missing character: There is no 순 (U+C21C) in font [lmroman10-regular]:+tlig;!
Missing character: There is no 수 (U+C218) in font [lmroman10-regular]:+tlig;!
Missing character: There is no 의 (U+C758) in font [lmroman10-regular]:+tlig;!
Missing character: There is no 경 (U+ACBD) in font [lmroman10-regular]:+tlig;!
Missing character: There is no 우 (U+C6B0) in font [lmroman10-regular]:+tlig;!
Missing character: There is no 버 (U+BC84) in font [lmroman10-regular]:+tlig;!
Missing character: There is no 전 (U+C804) in font [lmroman10-regular]:+tlig;!
Missing character: There is no 관 (U+AD00) in font [lmroman10-regular]:+tlig;!
Missing character: There is no 리 (U+B9AC) in font [lmroman10-regular]:+tlig;!
Missing character: There is no 앞 (U+C55E) in font [lmroman10-regular]:+tlig;!
Missing character: There is no 으 (U+C73C) in font [lmroman10-regular]:+tlig;!
Missing character: There is no 로 (U+B85C) in font [lmroman10-regular]:+tlig;!
Missing character: There is no 설 (U+C124) in font [lmroman10-regular]:+tlig;!
Missing character: There is no 치 (U+CE58) in font [lmroman10-regular]:+tlig;!
Missing character: There is no 할 (U+D560) in font [lmroman10-regular]:+tlig;!
Missing character: There is no 환 (U+D658) in font [lmroman10-regular]:+tlig;!
Missing character: There is no 경 (U+ACBD) in font [lmroman10-regular]:+tlig;!
Missing character: There is no 변 (U+BCC0) in font [lmroman10-regular]:+tlig;!
Missing character: There is no 수 (U+C218) in font [lmroman10-regular]:+tlig;!
Missing character: There is no 설 (U+C124) in font [lmroman10-regular]:+tlig;!
Missing character: There is no 정 (U+C815) in font [lmroman10-regular]:+tlig;!
Missing character: There is no 등 (U+B4F1) in font [lmroman10-regular]:+tlig;!
Missing character: There is no 이 (U+C774) in font [lmroman10-regular]:+tlig;!
Missing character: There is no 복 (U+BCF5) in font [lmroman10-regular]:+tlig;!
Missing character: There is no 잡 (U+C7A1) in font [lmroman10-regular]:+tlig;!
Missing character: There is no 한 (U+D55C) in font [lmroman10-regular]:+tlig;!
Missing character: There is no 부 (U+BD80) in font [lmroman10-regular]:+tlig;!
Missing character: There is no 분 (U+BD84) in font [lmroman10-regular]:+tlig;!
Missing character: There is no 이 (U+C774) in font [lmroman10-regular]:+tlig;!
Missing character: There is no 있 (U+C788) in font [lmroman10-regular]:+tlig;!
Missing character: There is no 어 (U+C5B4) in font [lmroman10-regular]:+tlig;!
Missing character: There is no 를 (U+B97C) in font [lmroman10-regular]:+tlig;!
Missing character: There is no 설 (U+C124) in font [lmroman10-regular]:+tlig;!
Missing character: There is no 치 (U+CE58) in font [lmroman10-regular]:+tlig;!
Missing character: There is no 하 (U+D558) in font [lmroman10-regular]:+tlig;!
Missing character: There is no 는 (U+B294) in font [lmroman10-regular]:+tlig;!
Missing character: There is no 것 (U+AC83) in font [lmroman10-regular]:+tlig;!
Missing character: There is no 으 (U+C73C) in font [lmroman10-regular]:+tlig;!
Missing character: There is no 로 (U+B85C) in font [lmroman10-regular]:+tlig;!
Missing character: There is no 안 (U+C548) in font [lmroman10-regular]:+tlig;!
Missing character: There is no 내 (U+B0B4) in font [lmroman10-regular]:+tlig;!
Missing character: There is no 드 (U+B4DC) in font [lmroman10-regular]:+tlig;!
Missing character: There is no 립 (U+B9BD) in font [lmroman10-regular]:+tlig;!
Missing character: There is no 니 (U+B2C8) in font [lmroman10-regular]:+tlig;!
Missing character: There is no 다 (U+B2E4) in font [lmroman10-regular]:+tlig;!
Missing character: There is no 는 (U+B294) in font [lmroman10-regular]:+tlig;!
Missing character: There is no 가 (U+AC00) in font [lmroman10-regular]:+tlig;!
Missing character: There is no 상 (U+C0C1) in font [lmroman10-regular]:+tlig;!
Missing character: There is no 환 (U+D658) in font [lmroman10-regular]:+tlig;!
Missing character: There is no 경 (U+ACBD) in font [lmroman10-regular]:+tlig;!
Missing character: There is no 을 (U+C744) in font [lmroman10-regular]:+tlig;!
Missing character: There is no 만 (U+B9CC) in font [lmroman10-regular]:+tlig;!
Missing character: There is no 들 (U+B4E4) in font [lmroman10-regular]:+tlig;!
Missing character: There is no 어 (U+C5B4) in font [lmroman10-regular]:+tlig;!
Missing character: There is no 을 (U+C744) in font [lmroman10-regular]:+tlig;!
Missing character: There is no 이 (U+C774) in font [lmroman10-regular]:+tlig;!
Missing character: There is no 용 (U+C6A9) in font [lmroman10-regular]:+tlig;!
Missing character: There is no 할 (U+D560) in font [lmroman10-regular]:+tlig;!
Missing character: There is no 수 (U+C218) in font [lmroman10-regular]:+tlig;!
Missing character: There is no 있 (U+C788) in font [lmroman10-regular]:+tlig;!
Missing character: There is no 어 (U+C5B4) in font [lmroman10-regular]:+tlig;!
Missing character: There is no 파 (U+D30C) in font [lmroman10-regular]:+tlig;!
Missing character: There is no 이 (U+C774) in font [lmroman10-regular]:+tlig;!
Missing character: There is no 썬 (U+C36C) in font [lmroman10-regular]:+tlig;!
Missing character: There is no 버 (U+BC84) in font [lmroman10-regular]:+tlig;!
Missing character: There is no 전 (U+C804) in font [lmroman10-regular]:+tlig;!
Missing character: There is no 관 (U+AD00) in font [lmroman10-regular]:+tlig;!
Missing character: There is no 리 (U+B9AC) in font [lmroman10-regular]:+tlig;!
Missing character: There is no 관 (U+AD00) in font [lmroman10-regular]:+tlig;!
Missing character: There is no 리 (U+B9AC) in font [lmroman10-regular]:+tlig;!
Missing character: There is no 등 (U+B4F1) in font [lmroman10-regular]:+tlig;!
Missing character: There is no 의 (U+C758) in font [lmroman10-regular]:+tlig;!
Missing character: There is no 문 (U+BB38) in font [lmroman10-regular]:+tlig;!
Missing character: There is no 제 (U+C81C) in font [lmroman10-regular]:+tlig;!
Missing character: There is no 를 (U+B97C) in font [lmroman10-regular]:+tlig;!
Missing character: There is no 덜 (U+B35C) in font [lmroman10-regular]:+tlig;!
Missing character: There is no 겪 (U+ACAA) in font [lmroman10-regular]:+tlig;!
Missing character: There is no 을 (U+C744) in font [lmroman10-regular]:+tlig;!
Missing character: There is no 수 (U+C218) in font [lmroman10-regular]:+tlig;!
Missing character: There is no 있 (U+C788) in font [lmroman10-regular]:+tlig;!
Missing character: There is no 습 (U+C2B5) in font [lmroman10-regular]:+tlig;!
Missing character: There is no 니 (U+B2C8) in font [lmroman10-regular]:+tlig;!
Missing character: There is no 다 (U+B2E4) in font [lmroman10-regular]:+tlig;!
Missing character: There is no 순 (U+C21C) in font [lmroman10-regular]:+tlig;!
Missing character: There is no 수 (U+C218) in font [lmroman10-regular]:+tlig;!
Missing character: There is no 의 (U+C758) in font [lmroman10-regular]:+tlig;!
Missing character: There is no 경 (U+ACBD) in font [lmroman10-regular]:+tlig;!
Missing character: There is no 우 (U+C6B0) in font [lmroman10-regular]:+tlig;!
Missing character: There is no 버 (U+BC84) in font [lmroman10-regular]:+tlig;!
Missing character: There is no 전 (U+C804) in font [lmroman10-regular]:+tlig;!
Missing character: There is no 관 (U+AD00) in font [lmroman10-regular]:+tlig;!
Missing character: There is no 리 (U+B9AC) in font [lmroman10-regular]:+tlig;!
Missing character: There is no 앞 (U+C55E) in font [lmroman10-regular]:+tlig;!
Missing character: There is no 으 (U+C73C) in font [lmroman10-regular]:+tlig;!
Missing character: There is no 로 (U+B85C) in font [lmroman10-regular]:+tlig;!
Missing character: There is no 설 (U+C124) in font [lmroman10-regular]:+tlig;!
Missing character: There is no 치 (U+CE58) in font [lmroman10-regular]:+tlig;!
Missing character: There is no 할 (U+D560) in font [lmroman10-regular]:+tlig;!
Missing character: There is no 환 (U+D658) in font [lmroman10-regular]:+tlig;!
Missing character: There is no 경 (U+ACBD) in font [lmroman10-regular]:+tlig;!
Missing character: There is no 변 (U+BCC0) in font [lmroman10-regular]:+tlig;!
Missing character: There is no 수 (U+C218) in font [lmroman10-regular]:+tlig;!
Missing character: There is no 설 (U+C124) in font [lmroman10-regular]:+tlig;!
Missing character: There is no 정 (U+C815) in font [lmroman10-regular]:+tlig;!
Missing character: There is no 등 (U+B4F1) in font [lmroman10-regular]:+tlig;!
Missing character: There is no 이 (U+C774) in font [lmroman10-regular]:+tlig;!
Missing character: There is no 복 (U+BCF5) in font [lmroman10-regular]:+tlig;!
Missing character: There is no 잡 (U+C7A1) in font [lmroman10-regular]:+tlig;!
Missing character: There is no 한 (U+D55C) in font [lmroman10-regular]:+tlig;!
Missing character: There is no 부 (U+BD80) in font [lmroman10-regular]:+tlig;!
Missing character: There is no 분 (U+BD84) in font [lmroman10-regular]:+tlig;!
Missing character: There is no 이 (U+C774) in font [lmroman10-regular]:+tlig;!
Missing character: There is no 있 (U+C788) in font [lmroman10-regular]:+tlig;!
Missing character: There is no 어 (U+C5B4) in font [lmroman10-regular]:+tlig;!
Missing character: There is no 를 (U+B97C) in font [lmroman10-regular]:+tlig;!
Missing character: There is no 설 (U+C124) in font [lmroman10-regular]:+tlig;!
Missing character: There is no 치 (U+CE58) in font [lmroman10-regular]:+tlig;!
Missing character: There is no 하 (U+D558) in font [lmroman10-regular]:+tlig;!
Missing character: There is no 는 (U+B294) in font [lmroman10-regular]:+tlig;!
Missing character: There is no 것 (U+AC83) in font [lmroman10-regular]:+tlig;!
Missing character: There is no 으 (U+C73C) in font [lmroman10-regular]:+tlig;!
Missing character: There is no 로 (U+B85C) in font [lmroman10-regular]:+tlig;!
Missing character: There is no 안 (U+C548) in font [lmroman10-regular]:+tlig;!
Missing character: There is no 내 (U+B0B4) in font [lmroman10-regular]:+tlig;!
Missing character: There is no 드 (U+B4DC) in font [lmroman10-regular]:+tlig;!
Missing character: There is no 립 (U+B9BD) in font [lmroman10-regular]:+tlig;!
Missing character: There is no 니 (U+B2C8) in font [lmroman10-regular]:+tlig;!
Missing character: There is no 다 (U+B2E4) in font [lmroman10-regular]:+tlig;!
Missing character: There is no 는 (U+B294) in font [lmroman10-regular]:+tlig;!
Missing character: There is no 가 (U+AC00) in font [lmroman10-regular]:+tlig;!
Missing character: There is no 상 (U+C0C1) in font [lmroman10-regular]:+tlig;!
Missing character: There is no 환 (U+D658) in font [lmroman10-regular]:+tlig;!
Missing character: There is no 경 (U+ACBD) in font [lmroman10-regular]:+tlig;!
Missing character: There is no 을 (U+C744) in font [lmroman10-regular]:+tlig;!
Missing character: There is no 만 (U+B9CC) in font [lmroman10-regular]:+tlig;!
Missing character: There is no 들 (U+B4E4) in font [lmroman10-regular]:+tlig;!
Missing character: There is no 어 (U+C5B4) in font [lmroman10-regular]:+tlig;!
Missing character: There is no 을 (U+C744) in font [lmroman10-regular]:+tlig;!
Missing character: There is no 순 (U+C21C) in font [lmroman10-regular]:+tlig;!
Missing character: There is no 수 (U+C218) in font [lmroman10-regular]:+tlig;!
Missing character: There is no 의 (U+C758) in font [lmroman10-regular]:+tlig;!
Missing character: There is no 경 (U+ACBD) in font [lmroman10-regular]:+tlig;!
Missing character: There is no 우 (U+C6B0) in font [lmroman10-regular]:+tlig;!
Missing character: There is no 버 (U+BC84) in font [lmroman10-regular]:+tlig;!
Missing character: There is no 전 (U+C804) in font [lmroman10-regular]:+tlig;!
Missing character: There is no 관 (U+AD00) in font [lmroman10-regular]:+tlig;!
Missing character: There is no 리 (U+B9AC) in font [lmroman10-regular]:+tlig;!
Missing character: There is no 앞 (U+C55E) in font [lmroman10-regular]:+tlig;!
Missing character: There is no 으 (U+C73C) in font [lmroman10-regular]:+tlig;!
Missing character: There is no 로 (U+B85C) in font [lmroman10-regular]:+tlig;!
Missing character: There is no 설 (U+C124) in font [lmroman10-regular]:+tlig;!
Missing character: There is no 치 (U+CE58) in font [lmroman10-regular]:+tlig;!
Missing character: There is no 할 (U+D560) in font [lmroman10-regular]:+tlig;!
Missing character: There is no 환 (U+D658) in font [lmroman10-regular]:+tlig;!
Missing character: There is no 경 (U+ACBD) in font [lmroman10-regular]:+tlig;!
Missing character: There is no 변 (U+BCC0) in font [lmroman10-regular]:+tlig;!
Missing character: There is no 수 (U+C218) in font [lmroman10-regular]:+tlig;!
Missing character: There is no 설 (U+C124) in font [lmroman10-regular]:+tlig;!
Missing character: There is no 정 (U+C815) in font [lmroman10-regular]:+tlig;!
Missing character: There is no 등 (U+B4F1) in font [lmroman10-regular]:+tlig;!
Missing character: There is no 이 (U+C774) in font [lmroman10-regular]:+tlig;!
Missing character: There is no 복 (U+BCF5) in font [lmroman10-regular]:+tlig;!
Missing character: There is no 잡 (U+C7A1) in font [lmroman10-regular]:+tlig;!
Missing character: There is no 한 (U+D55C) in font [lmroman10-regular]:+tlig;!
Missing character: There is no 부 (U+BD80) in font [lmroman10-regular]:+tlig;!
Missing character: There is no 분 (U+BD84) in font [lmroman10-regular]:+tlig;!
Missing character: There is no 이 (U+C774) in font [lmroman10-regular]:+tlig;!
Missing character: There is no 있 (U+C788) in font [lmroman10-regular]:+tlig;!
Missing character: There is no 어 (U+C5B4) in font [lmroman10-regular]:+tlig;!
Missing character: There is no 를 (U+B97C) in font [lmroman10-regular]:+tlig;!
Missing character: There is no 설 (U+C124) in font [lmroman10-regular]:+tlig;!
Missing character: There is no 치 (U+CE58) in font [lmroman10-regular]:+tlig;!
Missing character: There is no 하 (U+D558) in font [lmroman10-regular]:+tlig;!
Missing character: There is no 는 (U+B294) in font [lmroman10-regular]:+tlig;!
Missing character: There is no 것 (U+AC83) in font [lmroman10-regular]:+tlig;!
Missing character: There is no 으 (U+C73C) in font [lmroman10-regular]:+tlig;!
Missing character: There is no 로 (U+B85C) in font [lmroman10-regular]:+tlig;!
Missing character: There is no 안 (U+C548) in font [lmroman10-regular]:+tlig;!
Missing character: There is no 내 (U+B0B4) in font [lmroman10-regular]:+tlig;!
Missing character: There is no 드 (U+B4DC) in font [lmroman10-regular]:+tlig;!
Missing character: There is no 립 (U+B9BD) in font [lmroman10-regular]:+tlig;!
Missing character: There is no 니 (U+B2C8) in font [lmroman10-regular]:+tlig;!
Missing character: There is no 다 (U+B2E4) in font [lmroman10-regular]:+tlig;!
Missing character: There is no 는 (U+B294) in font [lmroman10-regular]:+tlig;!
Missing character: There is no 가 (U+AC00) in font [lmroman10-regular]:+tlig;!
Missing character: There is no 상 (U+C0C1) in font [lmroman10-regular]:+tlig;!
Missing character: There is no 환 (U+D658) in font [lmroman10-regular]:+tlig;!
Missing character: There is no 경 (U+ACBD) in font [lmroman10-regular]:+tlig;!
Missing character: There is no 을 (U+C744) in font [lmroman10-regular]:+tlig;!
Missing character: There is no 만 (U+B9CC) in font [lmroman10-regular]:+tlig;!
Missing character: There is no 들 (U+B4E4) in font [lmroman10-regular]:+tlig;!
Missing character: There is no 어 (U+C5B4) in font [lmroman10-regular]:+tlig;!
Missing character: There is no 을 (U+C744) in font [lmroman10-regular]:+tlig;!
Missing character: There is no 이 (U+C774) in font [lmroman10-regular]:+tlig;!
Missing character: There is no 용 (U+C6A9) in font [lmroman10-regular]:+tlig;!
Missing character: There is no 할 (U+D560) in font [lmroman10-regular]:+tlig;!
Missing character: There is no 수 (U+C218) in font [lmroman10-regular]:+tlig;!
Missing character: There is no 있 (U+C788) in font [lmroman10-regular]:+tlig;!
Missing character: There is no 어 (U+C5B4) in font [lmroman10-regular]:+tlig;!
Missing character: There is no 파 (U+D30C) in font [lmroman10-regular]:+tlig;!
Missing character: There is no 이 (U+C774) in font [lmroman10-regular]:+tlig;!
Missing character: There is no 썬 (U+C36C) in font [lmroman10-regular]:+tlig;!
Missing character: There is no 버 (U+BC84) in font [lmroman10-regular]:+tlig;!
Missing character: There is no 전 (U+C804) in font [lmroman10-regular]:+tlig;!
Missing character: There is no 관 (U+AD00) in font [lmroman10-regular]:+tlig;!
Missing character: There is no 리 (U+B9AC) in font [lmroman10-regular]:+tlig;!
Missing character: There is no 관 (U+AD00) in font [lmroman10-regular]:+tlig;!
Missing character: There is no 리 (U+B9AC) in font [lmroman10-regular]:+tlig;!
Missing character: There is no 등 (U+B4F1) in font [lmroman10-regular]:+tlig;!
Missing character: There is no 의 (U+C758) in font [lmroman10-regular]:+tlig;!
Missing character: There is no 문 (U+BB38) in font [lmroman10-regular]:+tlig;!
Missing character: There is no 제 (U+C81C) in font [lmroman10-regular]:+tlig;!
Missing character: There is no 를 (U+B97C) in font [lmroman10-regular]:+tlig;!
Missing character: There is no 덜 (U+B35C) in font [lmroman10-regular]:+tlig;!
Missing character: There is no 겪 (U+ACAA) in font [lmroman10-regular]:+tlig;!
Missing character: There is no 을 (U+C744) in font [lmroman10-regular]:+tlig;!
Missing character: There is no 수 (U+C218) in font [lmroman10-regular]:+tlig;!
Missing character: There is no 있 (U+C788) in font [lmroman10-regular]:+tlig;!
Missing character: There is no 습 (U+C2B5) in font [lmroman10-regular]:+tlig;!
Missing character: There is no 니 (U+B2C8) in font [lmroman10-regular]:+tlig;!
Missing character: There is no 다 (U+B2E4) in font [lmroman10-regular]:+tlig;!
Missing character: There is no 이 (U+C774) in font [lmroman10-regular]:+tlig;!
Missing character: There is no 와 (U+C640) in font [lmroman10-regular]:+tlig;!
Missing character: There is no 별 (U+BCC4) in font [lmroman10-regular]:+tlig;!
Missing character: There is no 개 (U+AC1C) in font [lmroman10-regular]:+tlig;!
Missing character: There is no 로 (U+B85C) in font [lmroman10-regular]:+tlig;!
Missing character: There is no 순 (U+C21C) in font [lmroman10-regular]:+tlig;!
Missing character: There is no 수 (U+C218) in font [lmroman10-regular]:+tlig;!
Missing character: There is no 이 (U+C774) in font [lmroman10-regular]:+tlig;!
Missing character: There is no 이 (U+C774) in font [lmroman10-regular]:+tlig;!
Missing character: There is no 미 (U+BBF8) in font [lmroman10-regular]:+tlig;!
Missing character: There is no 설 (U+C124) in font [lmroman10-regular]:+tlig;!
Missing character: There is no 치 (U+CE58) in font [lmroman10-regular]:+tlig;!
Missing character: There is no 되 (U+B418) in font [lmroman10-regular]:+tlig;!
Missing character: There is no 어 (U+C5B4) in font [lmroman10-regular]:+tlig;!
Missing character: There is no 있 (U+C788) in font [lmroman10-regular]:+tlig;!
Missing character: There is no 고 (U+ACE0) in font [lmroman10-regular]:+tlig;!
Missing character: There is no 가 (U+AC00) in font [lmroman10-regular]:+tlig;!
Missing character: There is no 설 (U+C124) in font [lmroman10-regular]:+tlig;!
Missing character: There is no 정 (U+C815) in font [lmroman10-regular]:+tlig;!
Missing character: There is no 되 (U+B418) in font [lmroman10-regular]:+tlig;!
Missing character: There is no 어 (U+C5B4) in font [lmroman10-regular]:+tlig;!
Missing character: There is no 있 (U+C788) in font [lmroman10-regular]:+tlig;!
Missing character: There is no 다 (U+B2E4) in font [lmroman10-regular]:+tlig;!
Missing character: There is no 면 (U+BA74) in font [lmroman10-regular]:+tlig;!
Missing character: There is no 이 (U+C774) in font [lmroman10-regular]:+tlig;!
Missing character: There is no 를 (U+B97C) in font [lmroman10-regular]:+tlig;!
Missing character: There is no 설 (U+C124) in font [lmroman10-regular]:+tlig;!
Missing character: There is no 치 (U+CE58) in font [lmroman10-regular]:+tlig;!
Missing character: There is no 하 (U+D558) in font [lmroman10-regular]:+tlig;!
Missing character: There is no 지 (U+C9C0) in font [lmroman10-regular]:+tlig;!
Missing character: There is no 않 (U+C54A) in font [lmroman10-regular]:+tlig;!
Missing character: There is no 으 (U+C73C) in font [lmroman10-regular]:+tlig;!
Missing character: There is no 셔 (U+C154) in font [lmroman10-regular]:+tlig;!
Missing character: There is no 도 (U+B3C4) in font [lmroman10-regular]:+tlig;!
Missing character: There is no 됩 (U+B429) in font [lmroman10-regular]:+tlig;!
Missing character: There is no 니 (U+B2C8) in font [lmroman10-regular]:+tlig;!
Missing character: There is no 다 (U+B2E4) in font [lmroman10-regular]:+tlig;!
Missing character: There is no 본 (U+BCF8) in font [lmroman10-regular]:+tlig;!
Missing character: There is no 튜 (U+D29C) in font [lmroman10-regular]:+tlig;!
Missing character: There is no 토 (U+D1A0) in font [lmroman10-regular]:+tlig;!
Missing character: There is no 리 (U+B9AC) in font [lmroman10-regular]:+tlig;!
Missing character: There is no 얼 (U+C5BC) in font [lmroman10-regular]:+tlig;!
Missing character: There is no 에 (U+C5D0) in font [lmroman10-regular]:+tlig;!
Missing character: There is no 서 (U+C11C) in font [lmroman10-regular]:+tlig;!
Missing character: There is no 환 (U+D658) in font [lmroman10-regular]:+tlig;!
Missing character: There is no 경 (U+ACBD) in font [lmroman10-regular]:+tlig;!
Missing character: There is no 을 (U+C744) in font [lmroman10-regular]:+tlig;!
Missing character: There is no 활 (U+D65C) in font [lmroman10-regular]:+tlig;!
Missing character: There is no 성 (U+C131) in font [lmroman10-regular]:+tlig;!
Missing character: There is no 화 (U+D654) in font [lmroman10-regular]:+tlig;!
Missing character: There is no 하 (U+D558) in font [lmroman10-regular]:+tlig;!
Missing character: There is no 는 (U+B294) in font [lmroman10-regular]:+tlig;!
Missing character: There is no 부 (U+BD80) in font [lmroman10-regular]:+tlig;!
Missing character: There is no 분 (U+BD84) in font [lmroman10-regular]:+tlig;!
Missing character: There is no 을 (U+C744) in font [lmroman10-regular]:+tlig;!
Missing character: There is no 빼 (U+BE7C) in font [lmroman10-regular]:+tlig;!
Missing character: There is no 고 (U+ACE0) in font [lmroman10-regular]:+tlig;!
Missing character: There is no 을 (U+C744) in font [lmroman10-regular]:+tlig;!
Missing character: There is no 사 (U+C0AC) in font [lmroman10-regular]:+tlig;!
Missing character: There is no 용 (U+C6A9) in font [lmroman10-regular]:+tlig;!
Missing character: There is no 하 (U+D558) in font [lmroman10-regular]:+tlig;!
Missing character: There is no 는 (U+B294) in font [lmroman10-regular]:+tlig;!
Missing character: There is no 부 (U+BD80) in font [lmroman10-regular]:+tlig;!
Missing character: There is no 분 (U+BD84) in font [lmroman10-regular]:+tlig;!
Missing character: There is no 을 (U+C744) in font [lmroman10-regular]:+tlig;!
Missing character: There is no 따 (U+B530) in font [lmroman10-regular]:+tlig;!
Missing character: There is no 라 (U+B77C) in font [lmroman10-regular]:+tlig;!
Missing character: There is no 하 (U+D558) in font [lmroman10-regular]:+tlig;!
Missing character: There is no 시 (U+C2DC) in font [lmroman10-regular]:+tlig;!
Missing character: There is no 면 (U+BA74) in font [lmroman10-regular]:+tlig;!
Missing character: There is no 되 (U+B418) in font [lmroman10-regular]:+tlig;!
Missing character: There is no 기 (U+AE30) in font [lmroman10-regular]:+tlig;!
Missing character: There is no 때 (U+B54C) in font [lmroman10-regular]:+tlig;!
Missing character: There is no 문 (U+BB38) in font [lmroman10-regular]:+tlig;!
Missing character: There is no 입 (U+C785) in font [lmroman10-regular]:+tlig;!
Missing character: There is no 니 (U+B2C8) in font [lmroman10-regular]:+tlig;!
Missing character: There is no 다 (U+B2E4) in font [lmroman10-regular]:+tlig;!
Missing character: There is no 이 (U+C774) in font [lmroman10-regular]:+tlig;!
Missing character: There is no 와 (U+C640) in font [lmroman10-regular]:+tlig;!
Missing character: There is no 별 (U+BCC4) in font [lmroman10-regular]:+tlig;!
Missing character: There is no 개 (U+AC1C) in font [lmroman10-regular]:+tlig;!
Missing character: There is no 로 (U+B85C) in font [lmroman10-regular]:+tlig;!
Missing character: There is no 순 (U+C21C) in font [lmroman10-regular]:+tlig;!
Missing character: There is no 수 (U+C218) in font [lmroman10-regular]:+tlig;!
Missing character: There is no 이 (U+C774) in font [lmroman10-regular]:+tlig;!
Missing character: There is no 이 (U+C774) in font [lmroman10-regular]:+tlig;!
Missing character: There is no 미 (U+BBF8) in font [lmroman10-regular]:+tlig;!
Missing character: There is no 설 (U+C124) in font [lmroman10-regular]:+tlig;!
Missing character: There is no 치 (U+CE58) in font [lmroman10-regular]:+tlig;!
Missing character: There is no 되 (U+B418) in font [lmroman10-regular]:+tlig;!
Missing character: There is no 어 (U+C5B4) in font [lmroman10-regular]:+tlig;!
Missing character: There is no 있 (U+C788) in font [lmroman10-regular]:+tlig;!
Missing character: There is no 고 (U+ACE0) in font [lmroman10-regular]:+tlig;!
Missing character: There is no 가 (U+AC00) in font [lmroman10-regular]:+tlig;!
Missing character: There is no 설 (U+C124) in font [lmroman10-regular]:+tlig;!
Missing character: There is no 정 (U+C815) in font [lmroman10-regular]:+tlig;!
Missing character: There is no 되 (U+B418) in font [lmroman10-regular]:+tlig;!
Missing character: There is no 어 (U+C5B4) in font [lmroman10-regular]:+tlig;!
Missing character: There is no 있 (U+C788) in font [lmroman10-regular]:+tlig;!
Missing character: There is no 다 (U+B2E4) in font [lmroman10-regular]:+tlig;!
Missing character: There is no 면 (U+BA74) in font [lmroman10-regular]:+tlig;!
Missing character: There is no 이 (U+C774) in font [lmroman10-regular]:+tlig;!
Missing character: There is no 를 (U+B97C) in font [lmroman10-regular]:+tlig;!
Missing character: There is no 설 (U+C124) in font [lmroman10-regular]:+tlig;!
Missing character: There is no 치 (U+CE58) in font [lmroman10-regular]:+tlig;!
Missing character: There is no 하 (U+D558) in font [lmroman10-regular]:+tlig;!
Missing character: There is no 지 (U+C9C0) in font [lmroman10-regular]:+tlig;!
Missing character: There is no 않 (U+C54A) in font [lmroman10-regular]:+tlig;!
Missing character: There is no 으 (U+C73C) in font [lmroman10-regular]:+tlig;!
Missing character: There is no 셔 (U+C154) in font [lmroman10-regular]:+tlig;!
Missing character: There is no 도 (U+B3C4) in font [lmroman10-regular]:+tlig;!
Missing character: There is no 됩 (U+B429) in font [lmroman10-regular]:+tlig;!
Missing character: There is no 니 (U+B2C8) in font [lmroman10-regular]:+tlig;!
Missing character: There is no 다 (U+B2E4) in font [lmroman10-regular]:+tlig;!
Missing character: There is no 본 (U+BCF8) in font [lmroman10-regular]:+tlig;!
Missing character: There is no 튜 (U+D29C) in font [lmroman10-regular]:+tlig;!
Missing character: There is no 토 (U+D1A0) in font [lmroman10-regular]:+tlig;!
Missing character: There is no 리 (U+B9AC) in font [lmroman10-regular]:+tlig;!
Missing character: There is no 얼 (U+C5BC) in font [lmroman10-regular]:+tlig;!
Missing character: There is no 에 (U+C5D0) in font [lmroman10-regular]:+tlig;!
Missing character: There is no 서 (U+C11C) in font [lmroman10-regular]:+tlig;!
Missing character: There is no 환 (U+D658) in font [lmroman10-regular]:+tlig;!
Missing character: There is no 경 (U+ACBD) in font [lmroman10-regular]:+tlig;!
Missing character: There is no 을 (U+C744) in font [lmroman10-regular]:+tlig;!
Missing character: There is no 활 (U+D65C) in font [lmroman10-regular]:+tlig;!
Missing character: There is no 성 (U+C131) in font [lmroman10-regular]:+tlig;!
Missing character: There is no 화 (U+D654) in font [lmroman10-regular]:+tlig;!
Missing character: There is no 하 (U+D558) in font [lmroman10-regular]:+tlig;!
Missing character: There is no 는 (U+B294) in font [lmroman10-regular]:+tlig;!
Missing character: There is no 부 (U+BD80) in font [lmroman10-regular]:+tlig;!
Missing character: There is no 분 (U+BD84) in font [lmroman10-regular]:+tlig;!
Missing character: There is no 을 (U+C744) in font [lmroman10-regular]:+tlig;!
Missing character: There is no 이 (U+C774) in font [lmroman10-regular]:+tlig;!
Missing character: There is no 와 (U+C640) in font [lmroman10-regular]:+tlig;!
Missing character: There is no 별 (U+BCC4) in font [lmroman10-regular]:+tlig;!
Missing character: There is no 개 (U+AC1C) in font [lmroman10-regular]:+tlig;!
Missing character: There is no 로 (U+B85C) in font [lmroman10-regular]:+tlig;!
Missing character: There is no 순 (U+C21C) in font [lmroman10-regular]:+tlig;!
Missing character: There is no 수 (U+C218) in font [lmroman10-regular]:+tlig;!
Missing character: There is no 이 (U+C774) in font [lmroman10-regular]:+tlig;!
Missing character: There is no 이 (U+C774) in font [lmroman10-regular]:+tlig;!
Missing character: There is no 미 (U+BBF8) in font [lmroman10-regular]:+tlig;!
Missing character: There is no 설 (U+C124) in font [lmroman10-regular]:+tlig;!
Missing character: There is no 치 (U+CE58) in font [lmroman10-regular]:+tlig;!
Missing character: There is no 되 (U+B418) in font [lmroman10-regular]:+tlig;!
Missing character: There is no 어 (U+C5B4) in font [lmroman10-regular]:+tlig;!
Missing character: There is no 있 (U+C788) in font [lmroman10-regular]:+tlig;!
Missing character: There is no 고 (U+ACE0) in font [lmroman10-regular]:+tlig;!
Missing character: There is no 가 (U+AC00) in font [lmroman10-regular]:+tlig;!
Missing character: There is no 설 (U+C124) in font [lmroman10-regular]:+tlig;!
Missing character: There is no 정 (U+C815) in font [lmroman10-regular]:+tlig;!
Missing character: There is no 되 (U+B418) in font [lmroman10-regular]:+tlig;!
Missing character: There is no 어 (U+C5B4) in font [lmroman10-regular]:+tlig;!
Missing character: There is no 있 (U+C788) in font [lmroman10-regular]:+tlig;!
Missing character: There is no 다 (U+B2E4) in font [lmroman10-regular]:+tlig;!
Missing character: There is no 면 (U+BA74) in font [lmroman10-regular]:+tlig;!
Missing character: There is no 이 (U+C774) in font [lmroman10-regular]:+tlig;!
Missing character: There is no 를 (U+B97C) in font [lmroman10-regular]:+tlig;!
Missing character: There is no 설 (U+C124) in font [lmroman10-regular]:+tlig;!
Missing character: There is no 치 (U+CE58) in font [lmroman10-regular]:+tlig;!
Missing character: There is no 하 (U+D558) in font [lmroman10-regular]:+tlig;!
Missing character: There is no 지 (U+C9C0) in font [lmroman10-regular]:+tlig;!
Missing character: There is no 않 (U+C54A) in font [lmroman10-regular]:+tlig;!
Missing character: There is no 으 (U+C73C) in font [lmroman10-regular]:+tlig;!
Missing character: There is no 셔 (U+C154) in font [lmroman10-regular]:+tlig;!
Missing character: There is no 도 (U+B3C4) in font [lmroman10-regular]:+tlig;!
Missing character: There is no 됩 (U+B429) in font [lmroman10-regular]:+tlig;!
Missing character: There is no 니 (U+B2C8) in font [lmroman10-regular]:+tlig;!
Missing character: There is no 다 (U+B2E4) in font [lmroman10-regular]:+tlig;!
Missing character: There is no 본 (U+BCF8) in font [lmroman10-regular]:+tlig;!
Missing character: There is no 튜 (U+D29C) in font [lmroman10-regular]:+tlig;!
Missing character: There is no 토 (U+D1A0) in font [lmroman10-regular]:+tlig;!
Missing character: There is no 리 (U+B9AC) in font [lmroman10-regular]:+tlig;!
Missing character: There is no 얼 (U+C5BC) in font [lmroman10-regular]:+tlig;!
Missing character: There is no 에 (U+C5D0) in font [lmroman10-regular]:+tlig;!
Missing character: There is no 서 (U+C11C) in font [lmroman10-regular]:+tlig;!
Missing character: There is no 환 (U+D658) in font [lmroman10-regular]:+tlig;!
Missing character: There is no 경 (U+ACBD) in font [lmroman10-regular]:+tlig;!
Missing character: There is no 을 (U+C744) in font [lmroman10-regular]:+tlig;!
Missing character: There is no 활 (U+D65C) in font [lmroman10-regular]:+tlig;!
Missing character: There is no 성 (U+C131) in font [lmroman10-regular]:+tlig;!
Missing character: There is no 화 (U+D654) in font [lmroman10-regular]:+tlig;!
Missing character: There is no 하 (U+D558) in font [lmroman10-regular]:+tlig;!
Missing character: There is no 는 (U+B294) in font [lmroman10-regular]:+tlig;!
Missing character: There is no 부 (U+BD80) in font [lmroman10-regular]:+tlig;!
Missing character: There is no 분 (U+BD84) in font [lmroman10-regular]:+tlig;!
Missing character: There is no 을 (U+C744) in font [lmroman10-regular]:+tlig;!
Missing character: There is no 빼 (U+BE7C) in font [lmroman10-regular]:+tlig;!
Missing character: There is no 고 (U+ACE0) in font [lmroman10-regular]:+tlig;!
Missing character: There is no 을 (U+C744) in font [lmroman10-regular]:+tlig;!
Missing character: There is no 사 (U+C0AC) in font [lmroman10-regular]:+tlig;!
Missing character: There is no 용 (U+C6A9) in font [lmroman10-regular]:+tlig;!
Missing character: There is no 하 (U+D558) in font [lmroman10-regular]:+tlig;!
Missing character: There is no 는 (U+B294) in font [lmroman10-regular]:+tlig;!
Missing character: There is no 부 (U+BD80) in font [lmroman10-regular]:+tlig;!
Missing character: There is no 분 (U+BD84) in font [lmroman10-regular]:+tlig;!
Missing character: There is no 을 (U+C744) in font [lmroman10-regular]:+tlig;!
Missing character: There is no 따 (U+B530) in font [lmroman10-regular]:+tlig;!
Missing character: There is no 라 (U+B77C) in font [lmroman10-regular]:+tlig;!
Missing character: There is no 하 (U+D558) in font [lmroman10-regular]:+tlig;!
Missing character: There is no 시 (U+C2DC) in font [lmroman10-regular]:+tlig;!
Missing character: There is no 면 (U+BA74) in font [lmroman10-regular]:+tlig;!
Missing character: There is no 되 (U+B418) in font [lmroman10-regular]:+tlig;!
Missing character: There is no 기 (U+AE30) in font [lmroman10-regular]:+tlig;!
Missing character: There is no 때 (U+B54C) in font [lmroman10-regular]:+tlig;!
Missing character: There is no 문 (U+BB38) in font [lmroman10-regular]:+tlig;!
Missing character: There is no 입 (U+C785) in font [lmroman10-regular]:+tlig;!
Missing character: There is no 니 (U+B2C8) in font [lmroman10-regular]:+tlig;!
Missing character: There is no 다 (U+B2E4) in font [lmroman10-regular]:+tlig;!


[6
Missing character: There is no 본 (U+BCF8) in font [lmroman10-regular]:+tlig;!
Missing character: There is no 장 (U+C7A5) in font [lmroman10-regular]:+tlig;!
Missing character: There is no 에 (U+C5D0) in font [lmroman10-regular]:+tlig;!
Missing character: There is no 서 (U+C11C) in font [lmroman10-regular]:+tlig;!
Missing character: There is no 환 (U+D658) in font [lmroman10-regular]:+tlig;!
Missing character: There is no 경 (U+ACBD) in font [lmroman10-regular]:+tlig;!
Missing character: There is no 을 (U+C744) in font [lmroman10-regular]:+tlig;!
Missing character: There is no 구 (U+AD6C) in font [lmroman10-regular]:+tlig;!
Missing character: There is no 성 (U+C131) in font [lmroman10-regular]:+tlig;!
Missing character: There is no 하 (U+D558) in font [lmroman10-regular]:+tlig;!
Missing character: There is no 는 (U+B294) in font [lmroman10-regular]:+tlig;!
Missing character: There is no 법 (U+BC95) in font [lmroman10-regular]:+tlig;!
Missing character: There is no 을 (U+C744) in font [lmroman10-regular]:+tlig;!
Missing character: There is no 아 (U+C544) in font [lmroman10-regular]:+tlig;!
Missing character: There is no 래 (U+B798) in font [lmroman10-regular]:+tlig;!
Missing character: There is no 와 (U+C640) in font [lmroman10-regular]:+tlig;!
Missing character: There is no 같 (U+AC19) in font [lmroman10-regular]:+tlig;!
Missing character: There is no 이 (U+C774) in font [lmroman10-regular]:+tlig;!
Missing character: There is no 설 (U+C124) in font [lmroman10-regular]:+tlig;!
Missing character: There is no 명 (U+BA85) in font [lmroman10-regular]:+tlig;!
Missing character: There is no 하 (U+D558) in font [lmroman10-regular]:+tlig;!
Missing character: There is no 였 (U+C600) in font [lmroman10-regular]:+tlig;!
Missing character: There is no 습 (U+C2B5) in font [lmroman10-regular]:+tlig;!
Missing character: There is no 니 (U+B2C8) in font [lmroman10-regular]:+tlig;!
Missing character: There is no 다 (U+B2E4) in font [lmroman10-regular]:+tlig;!
Missing character: There is no 설 (U+C124) in font [lmroman10-regular]:+tlig;!
Missing character: There is no 치 (U+CE58) in font [lmroman10-regular]:+tlig;!
Missing character: There is no 설 (U+C124) in font [lmroman10-regular]:+tlig;!
Missing character: There is no 치 (U+CE58) in font [lmroman10-regular]:+tlig;!
Missing character: There is no 와 (U+C640) in font [lmroman10-regular]:+tlig;!
Missing character: There is no 환 (U+D658) in font [lmroman10-regular]:+tlig;!
Missing character: There is no 경 (U+ACBD) in font [lmroman10-regular]:+tlig;!
Missing character: There is no 설 (U+C124) in font [lmroman10-regular]:+tlig;!
Missing character: There is no 정 (U+C815) in font [lmroman10-regular]:+tlig;!
Missing character: There is no 설 (U+C124) in font [lmroman10-regular]:+tlig;!
Missing character: There is no 치 (U+CE58) in font [lmroman10-regular]:+tlig;!
Missing character: There is no 본 (U+BCF8) in font [lmroman10-regular]:+tlig;!
Missing character: There is no 래 (U+B798) in font [lmroman10-regular]:+tlig;!
Missing character: There is no 만 (U+B9CC) in font [lmroman10-regular]:+tlig;!
Missing character: There is no 설 (U+C124) in font [lmroman10-regular]:+tlig;!
Missing character: There is no 치 (U+CE58) in font [lmroman10-regular]:+tlig;!
Missing character: There is no 하 (U+D558) in font [lmroman10-regular]:+tlig;!
Missing character: There is no 여 (U+C5EC) in font [lmroman10-regular]:+tlig;!
Missing character: There is no 도 (U+B3C4) in font [lmroman10-regular]:+tlig;!
Missing character: There is no 시 (U+C2DC) in font [lmroman10-regular]:+tlig;!
Missing character: There is no 뮬 (U+BBAC) in font [lmroman10-regular]:+tlig;!
Missing character: There is no 레 (U+B808) in font [lmroman10-regular]:+tlig;!
Missing character: There is no 이 (U+C774) in font [lmroman10-regular]:+tlig;!
Missing character: There is no 션 (U+C158) in font [lmroman10-regular]:+tlig;!
Missing character: There is no 을 (U+C744) in font [lmroman10-regular]:+tlig;!
Missing character: There is no 할 (U+D560) in font [lmroman10-regular]:+tlig;!
Missing character: There is no 수 (U+C218) in font [lmroman10-regular]:+tlig;!
Missing character: There is no 있 (U+C788) in font [lmroman10-regular]:+tlig;!
Missing character: There is no 습 (U+C2B5) in font [lmroman10-regular]:+tlig;!
Missing character: There is no 니 (U+B2C8) in font [lmroman10-regular]:+tlig;!
Missing character: There is no 다 (U+B2E4) in font [lmroman10-regular]:+tlig;!
Missing character: There is no 다 (U+B2E4) in font [lmroman10-regular]:+tlig;!
Missing character: There is no 만 (U+B9CC) in font [lmroman10-regular]:+tlig;!
Missing character: There is no 프 (U+D504) in font [lmroman10-regular]:+tlig;!
Missing character: There is no 로 (U+B85C) in font [lmroman10-regular]:+tlig;!
Missing character: There is no 그 (U+ADF8) in font [lmroman10-regular]:+tlig;!
Missing character: There is no 램 (U+B7A8) in font [lmroman10-regular]:+tlig;!
Missing character: There is no 은 (U+C740) in font [lmroman10-regular]:+tlig;!
Missing character: There is no 을 (U+C744) in font [lmroman10-regular]:+tlig;!
Missing character: There is no 제 (U+C81C) in font [lmroman10-regular]:+tlig;!
Missing character: There is no 공 (U+ACF5) in font [lmroman10-regular]:+tlig;!
Missing character: There is no 하 (U+D558) in font [lmroman10-regular]:+tlig;!
Missing character: There is no 고 (U+ACE0) in font [lmroman10-regular]:+tlig;!
Missing character: There is no 있 (U+C788) in font [lmroman10-regular]:+tlig;!
Missing character: There is no 어 (U+C5B4) in font [lmroman10-regular]:+tlig;!
Missing character: There is no 이 (U+C774) in font [lmroman10-regular]:+tlig;!
Missing character: There is no 를 (U+B97C) in font [lmroman10-regular]:+tlig;!
Missing character: There is no 이 (U+C774) in font [lmroman10-regular]:+tlig;!
Missing character: There is no 용 (U+C6A9) in font [lmroman10-regular]:+tlig;!
Missing character: There is no 하 (U+D558) in font [lmroman10-regular]:+tlig;!
Missing character: There is no 기 (U+AE30) in font [lmroman10-regular]:+tlig;!
Missing character: There is no 위 (U+C704) in font [lmroman10-regular]:+tlig;!
Missing character: There is no 해 (U+D574) in font [lmroman10-regular]:+tlig;!
Missing character: There is no 서 (U+C11C) in font [lmroman10-regular]:+tlig;!
Missing character: There is no 는 (U+B294) in font [lmroman10-regular]:+tlig;!
Missing character: There is no 이 (U+C774) in font [lmroman10-regular]:+tlig;!
Missing character: There is no 필 (U+D544) in font [lmroman10-regular]:+tlig;!
Missing character: There is no 요 (U+C694) in font [lmroman10-regular]:+tlig;!
Missing character: There is no 합 (U+D569) in font [lmroman10-regular]:+tlig;!
Missing character: There is no 니 (U+B2C8) in font [lmroman10-regular]:+tlig;!
Missing character: There is no 다 (U+B2E4) in font [lmroman10-regular]:+tlig;!
Missing character: There is no 또 (U+B610) in font [lmroman10-regular]:+tlig;!
Missing character: There is no 한 (U+D55C) in font [lmroman10-regular]:+tlig;!
Missing character: There is no 의 (U+C758) in font [lmroman10-regular]:+tlig;!
Missing character: There is no 입 (U+C785) in font [lmroman10-regular]:+tlig;!
Missing character: There is no 력 (U+B825) in font [lmroman10-regular]:+tlig;!
Missing character: There is no 과 (U+ACFC) in font [lmroman10-regular]:+tlig;!
Missing character: There is no 출 (U+CD9C) in font [lmroman10-regular]:+tlig;!
Missing character: There is no 력 (U+B825) in font [lmroman10-regular]:+tlig;!
Missing character: There is no 파 (U+D30C) in font [lmroman10-regular]:+tlig;!
Missing character: There is no 일 (U+C77C) in font [lmroman10-regular]:+tlig;!
Missing character: There is no 은 (U+C740) in font [lmroman10-regular]:+tlig;!
Missing character: There is no 기 (U+AE30) in font [lmroman10-regular]:+tlig;!
Missing character: There is no 본 (U+BCF8) in font [lmroman10-regular]:+tlig;!
Missing character: There is no 적 (U+C801) in font [lmroman10-regular]:+tlig;!
Missing character: There is no 으 (U+C73C) in font [lmroman10-regular]:+tlig;!
Missing character: There is no 로 (U+B85C) in font [lmroman10-regular]:+tlig;!
Missing character: There is no 형 (U+D615) in font [lmroman10-regular]:+tlig;!
Missing character: There is no 식 (U+C2DD) in font [lmroman10-regular]:+tlig;!
Missing character: There is no 으 (U+C73C) in font [lmroman10-regular]:+tlig;!
Missing character: There is no 로 (U+B85C) in font [lmroman10-regular]:+tlig;!
Missing character: There is no 이 (U+C774) in font [lmroman10-regular]:+tlig;!
Missing character: There is no 루 (U+B8E8) in font [lmroman10-regular]:+tlig;!
Missing character: There is no 어 (U+C5B4) in font [lmroman10-regular]:+tlig;!
Missing character: There is no 져 (U+C838) in font [lmroman10-regular]:+tlig;!
Missing character: There is no 있 (U+C788) in font [lmroman10-regular]:+tlig;!
Missing character: There is no 습 (U+C2B5) in font [lmroman10-regular]:+tlig;!
Missing character: There is no 니 (U+B2C8) in font [lmroman10-regular]:+tlig;!
Missing character: There is no 다 (U+B2E4) in font [lmroman10-regular]:+tlig;!
Missing character: There is no 이 (U+C774) in font [lmroman10-regular]:+tlig;!
Missing character: There is no 파 (U+D30C) in font [lmroman10-regular]:+tlig;!
Missing character: There is no 일 (U+C77C) in font [lmroman10-regular]:+tlig;!
Missing character: There is no 을 (U+C744) in font [lmroman10-regular]:+tlig;!
Missing character: There is no 메 (U+BA54) in font [lmroman10-regular]:+tlig;!
Missing character: There is no 모 (U+BAA8) in font [lmroman10-regular]:+tlig;!
Missing character: There is no 장 (U+C7A5) in font [lmroman10-regular]:+tlig;!
Missing character: There is no 으 (U+C73C) in font [lmroman10-regular]:+tlig;!
Missing character: There is no 로 (U+B85C) in font [lmroman10-regular]:+tlig;!
Missing character: There is no 편 (U+D3B8) in font [lmroman10-regular]:+tlig;!
Missing character: There is no 집 (U+C9D1) in font [lmroman10-regular]:+tlig;!
Missing character: There is no 할 (U+D560) in font [lmroman10-regular]:+tlig;!
Missing character: There is no 수 (U+C218) in font [lmroman10-regular]:+tlig;!
Missing character: There is no 있 (U+C788) in font [lmroman10-regular]:+tlig;!
Missing character: There is no 지 (U+C9C0) in font [lmroman10-regular]:+tlig;!
Missing character: There is no 만 (U+B9CC) in font [lmroman10-regular]:+tlig;!
Missing character: There is no 와 (U+C640) in font [lmroman10-regular]:+tlig;!
Missing character: There is no 같 (U+AC19) in font [lmroman10-regular]:+tlig;!
Missing character: There is no 은 (U+C740) in font [lmroman10-regular]:+tlig;!
Missing character: There is no 편 (U+D3B8) in font [lmroman10-regular]:+tlig;!
Missing character: There is no 집 (U+C9D1) in font [lmroman10-regular]:+tlig;!
Missing character: There is no 기 (U+AE30) in font [lmroman10-regular]:+tlig;!
Missing character: There is no 를 (U+B97C) in font [lmroman10-regular]:+tlig;!
Missing character: There is no 사 (U+C0AC) in font [lmroman10-regular]:+tlig;!
Missing character: There is no 용 (U+C6A9) in font [lmroman10-regular]:+tlig;!
Missing character: There is no 하 (U+D558) in font [lmroman10-regular]:+tlig;!
Missing character: There is no 면 (U+BA74) in font [lmroman10-regular]:+tlig;!
Missing character: There is no 보 (U+BCF4) in font [lmroman10-regular]:+tlig;!
Missing character: There is no 다 (U+B2E4) in font [lmroman10-regular]:+tlig;!
Missing character: There is no 쉽 (U+C27D) in font [lmroman10-regular]:+tlig;!
Missing character: There is no 게 (U+AC8C) in font [lmroman10-regular]:+tlig;!
Missing character: There is no 편 (U+D3B8) in font [lmroman10-regular]:+tlig;!
Missing character: There is no 집 (U+C9D1) in font [lmroman10-regular]:+tlig;!
Missing character: There is no 하 (U+D558) in font [lmroman10-regular]:+tlig;!
Missing character: There is no 고 (U+ACE0) in font [lmroman10-regular]:+tlig;!
Missing character: There is no 볼 (U+BCFC) in font [lmroman10-regular]:+tlig;!
Missing character: There is no 수 (U+C218) in font [lmroman10-regular]:+tlig;!
Missing character: There is no 있 (U+C788) in font [lmroman10-regular]:+tlig;!
Missing character: There is no 습 (U+C2B5) in font [lmroman10-regular]:+tlig;!
Missing character: There is no 니 (U+B2C8) in font [lmroman10-regular]:+tlig;!
Missing character: There is no 다 (U+B2E4) in font [lmroman10-regular]:+tlig;!
Missing character: There is no 미 (U+BBF8) in font [lmroman10-regular]:+tlig;!
Missing character: There is no 래 (U+B798) in font [lmroman10-regular]:+tlig;!
Missing character: There is no 에 (U+C5D0) in font [lmroman10-regular]:+tlig;!
Missing character: There is no 를 (U+B97C) in font [lmroman10-regular]:+tlig;!
Missing character: There is no 응 (U+C751) in font [lmroman10-regular]:+tlig;!
Missing character: There is no 용 (U+C6A9) in font [lmroman10-regular]:+tlig;!
Missing character: There is no 하 (U+D558) in font [lmroman10-regular]:+tlig;!
Missing character: There is no 여 (U+C5EC) in font [lmroman10-regular]:+tlig;!
Missing character: There is no 쓰 (U+C4F0) in font [lmroman10-regular]:+tlig;!
Missing character: There is no 게 (U+AC8C) in font [lmroman10-regular]:+tlig;!
Missing character: There is no 될 (U+B420) in font [lmroman10-regular]:+tlig;!
Missing character: There is no 때 (U+B54C) in font [lmroman10-regular]:+tlig;!
Missing character: There is no 작 (U+C791) in font [lmroman10-regular]:+tlig;!
Missing character: There is no 성 (U+C131) in font [lmroman10-regular]:+tlig;!
Missing character: There is no 하 (U+D558) in font [lmroman10-regular]:+tlig;!
Missing character: There is no 거 (U+AC70) in font [lmroman10-regular]:+tlig;!
Missing character: There is no 나 (U+B098) in font [lmroman10-regular]:+tlig;!
Missing character: There is no 프 (U+D504) in font [lmroman10-regular]:+tlig;!
Missing character: There is no 로 (U+B85C) in font [lmroman10-regular]:+tlig;!
Missing character: There is no 그 (U+ADF8) in font [lmroman10-regular]:+tlig;!
Missing character: There is no 램 (U+B7A8) in font [lmroman10-regular]:+tlig;!
Missing character: There is no 사 (U+C0AC) in font [lmroman10-regular]:+tlig;!
Missing character: There is no 용 (U+C6A9) in font [lmroman10-regular]:+tlig;!
Missing character: There is no 할 (U+D560) in font [lmroman10-regular]:+tlig;!
Missing character: There is no 때 (U+B54C) in font [lmroman10-regular]:+tlig;!
Missing character: There is no 가 (U+AC00) in font [lmroman10-regular]:+tlig;!
Missing character: There is no 도 (U+B3C4) in font [lmroman10-regular]:+tlig;!
Missing character: There is no 움 (U+C6C0) in font [lmroman10-regular]:+tlig;!
Missing character: There is no 이 (U+C774) in font [lmroman10-regular]:+tlig;!
Missing character: There is no 될 (U+B420) in font [lmroman10-regular]:+tlig;!
Missing character: There is no 수 (U+C218) in font [lmroman10-regular]:+tlig;!
Missing character: There is no 있 (U+C788) in font [lmroman10-regular]:+tlig;!
Missing character: There is no 습 (U+C2B5) in font [lmroman10-regular]:+tlig;!
Missing character: There is no 니 (U+B2C8) in font [lmroman10-regular]:+tlig;!
Missing character: There is no 다 (U+B2E4) in font [lmroman10-regular]:+tlig;!
Missing character: There is no 이 (U+C774) in font [lmroman10-regular]:+tlig;!
Missing character: There is no 에 (U+C5D0) in font [lmroman10-regular]:+tlig;!
Missing character: There is no 설 (U+C124) in font [lmroman10-regular]:+tlig;!
Missing character: There is no 치 (U+CE58) in font [lmroman10-regular]:+tlig;!
Missing character: There is no 방 (U+BC29) in font [lmroman10-regular]:+tlig;!
Missing character: There is no 법 (U+BC95) in font [lmroman10-regular]:+tlig;!
Missing character: There is no 설 (U+C124) in font [lmroman10-regular]:+tlig;!
Missing character: There is no 치 (U+CE58) in font [lmroman10-regular]:+tlig;!
Missing character: There is no 방 (U+BC29) in font [lmroman10-regular]:+tlig;!
Missing character: There is no 법 (U+BC95) in font [lmroman10-regular]:+tlig;!
Missing character: There is no 을 (U+C744) in font [lmroman10-regular]:+tlig;!
Missing character: There is no 함 (U+D568) in font [lmroman10-regular]:+tlig;!
Missing character: There is no 께 (U+AED8) in font [lmroman10-regular]:+tlig;!
Missing character: There is no 서 (U+C11C) in font [lmroman10-regular]:+tlig;!
Missing character: There is no 술 (U+C220) in font [lmroman10-regular]:+tlig;!
Missing character: There is no 하 (U+D558) in font [lmroman10-regular]:+tlig;!
Missing character: There is no 였 (U+C600) in font [lmroman10-regular]:+tlig;!
Missing character: There is no 습 (U+C2B5) in font [lmroman10-regular]:+tlig;!
Missing character: There is no 니 (U+B2C8) in font [lmroman10-regular]:+tlig;!
Missing character: There is no 다 (U+B2E4) in font [lmroman10-regular]:+tlig;!
Missing character: There is no 만 (U+B9CC) in font [lmroman10-regular]:+tlig;!
Missing character: There is no 필 (U+D544) in font [lmroman10-regular]:+tlig;!
Missing character: There is no 요 (U+C694) in font [lmroman10-regular]:+tlig;!
Missing character: There is no 한 (U+D55C) in font [lmroman10-regular]:+tlig;!
Missing character: There is no 경 (U+ACBD) in font [lmroman10-regular]:+tlig;!
Missing character: There is no 우 (U+C6B0) in font [lmroman10-regular]:+tlig;!
Missing character: There is no 설 (U+C124) in font [lmroman10-regular]:+tlig;!
Missing character: There is no 치 (U+CE58) in font [lmroman10-regular]:+tlig;!
Missing character: There is no 만 (U+B9CC) in font [lmroman10-regular]:+tlig;!
Missing character: There is no 따 (U+B530) in font [lmroman10-regular]:+tlig;!
Missing character: There is no 라 (U+B77C) in font [lmroman10-regular]:+tlig;!
Missing character: There is no 하 (U+D558) in font [lmroman10-regular]:+tlig;!
Missing character: There is no 셔 (U+C154) in font [lmroman10-regular]:+tlig;!
Missing character: There is no 도 (U+B3C4) in font [lmroman10-regular]:+tlig;!
Missing character: There is no 괜 (U+AD1C) in font [lmroman10-regular]:+tlig;!
Missing character: There is no 찮 (U+CC2E) in font [lmroman10-regular]:+tlig;!
Missing character: There is no 습 (U+C2B5) in font [lmroman10-regular]:+tlig;!
Missing character: There is no 니 (U+B2C8) in font [lmroman10-regular]:+tlig;!
Missing character: There is no 다 (U+B2E4) in font [lmroman10-regular]:+tlig;!
Missing character: There is no 그 (U+ADF8) in font [lmroman10-regular]:+tlig;!
Missing character: There is no 리 (U+B9AC) in font [lmroman10-regular]:+tlig;!
Missing character: There is no 고 (U+ACE0) in font [lmroman10-regular]:+tlig;!
Missing character: There is no 기 (U+AE30) in font [lmroman10-regular]:+tlig;!
Missing character: There is no 존 (U+C874) in font [lmroman10-regular]:+tlig;!
Missing character: There is no 에 (U+C5D0) in font [lmroman10-regular]:+tlig;!
Missing character: There is no 사 (U+C0AC) in font [lmroman10-regular]:+tlig;!
Missing character: There is no 용 (U+C6A9) in font [lmroman10-regular]:+tlig;!
Missing character: There is no 하 (U+D558) in font [lmroman10-regular]:+tlig;!
Missing character: There is no 시 (U+C2DC) in font [lmroman10-regular]:+tlig;!
Missing character: There is no 는 (U+B294) in font [lmroman10-regular]:+tlig;!
Missing character: There is no 코 (U+CF54) in font [lmroman10-regular]:+tlig;!
Missing character: There is no 드 (U+B4DC) in font [lmroman10-regular]:+tlig;!
Missing character: There is no 편 (U+D3B8) in font [lmroman10-regular]:+tlig;!
Missing character: There is no 집 (U+C9D1) in font [lmroman10-regular]:+tlig;!
Missing character: There is no 기 (U+AE30) in font [lmroman10-regular]:+tlig;!
Missing character: There is no 가 (U+AC00) in font [lmroman10-regular]:+tlig;!
Missing character: There is no 이 (U+C774) in font [lmroman10-regular]:+tlig;!
Missing character: There is no 미 (U+BBF8) in font [lmroman10-regular]:+tlig;!
Missing character: There is no 존 (U+C874) in font [lmroman10-regular]:+tlig;!
Missing character: There is no 재 (U+C7AC) in font [lmroman10-regular]:+tlig;!
Missing character: There is no 하 (U+D558) in font [lmroman10-regular]:+tlig;!
Missing character: There is no 고 (U+ACE0) in font [lmroman10-regular]:+tlig;!
Missing character: There is no 도 (U+B3C4) in font [lmroman10-regular]:+tlig;!
Missing character: There is no 설 (U+C124) in font [lmroman10-regular]:+tlig;!
Missing character: There is no 치 (U+CE58) in font [lmroman10-regular]:+tlig;!
Missing character: There is no 되 (U+B418) in font [lmroman10-regular]:+tlig;!
Missing character: There is no 어 (U+C5B4) in font [lmroman10-regular]:+tlig;!
Missing character: There is no 있 (U+C788) in font [lmroman10-regular]:+tlig;!
Missing character: There is no 다 (U+B2E4) in font [lmroman10-regular]:+tlig;!
Missing character: There is no 면 (U+BA74) in font [lmroman10-regular]:+tlig;!
Missing character: There is no 해 (U+D574) in font [lmroman10-regular]:+tlig;!
Missing character: There is no 당 (U+B2F9) in font [lmroman10-regular]:+tlig;!
Missing character: There is no 장 (U+C7A5) in font [lmroman10-regular]:+tlig;!
Missing character: There is no 을 (U+C744) in font [lmroman10-regular]:+tlig;!
Missing character: There is no 생 (U+C0DD) in font [lmroman10-regular]:+tlig;!
Missing character: There is no 략 (U+B7B5) in font [lmroman10-regular]:+tlig;!
Missing character: There is no 하 (U+D558) in font [lmroman10-regular]:+tlig;!
Missing character: There is no 셔 (U+C154) in font [lmroman10-regular]:+tlig;!
Missing character: There is no 도 (U+B3C4) in font [lmroman10-regular]:+tlig;!
Missing character: There is no 괜 (U+AD1C) in font [lmroman10-regular]:+tlig;!
Missing character: There is no 찮 (U+CC2E) in font [lmroman10-regular]:+tlig;!
Missing character: There is no 습 (U+C2B5) in font [lmroman10-regular]:+tlig;!
Missing character: There is no 니 (U+B2C8) in font [lmroman10-regular]:+tlig;!
Missing character: There is no 다 (U+B2E4) in font [lmroman10-regular]:+tlig;!
Missing character: There is no 설 (U+C124) in font [lmroman10-regular]:+tlig;!
Missing character: There is no 치 (U+CE58) in font [lmroman10-regular]:+tlig;!
Missing character: There is no 방 (U+BC29) in font [lmroman10-regular]:+tlig;!
Missing character: There is no 법 (U+BC95) in font [lmroman10-regular]:+tlig;!
Missing character: There is no 을 (U+C744) in font [lmroman10-regular]:+tlig;!
Missing character: There is no 간 (U+AC04) in font [lmroman10-regular]:+tlig;!
Missing character: There is no 략 (U+B7B5) in font [lmroman10-regular]:+tlig;!
Missing character: There is no 하 (U+D558) in font [lmroman10-regular]:+tlig;!
Missing character: There is no 게 (U+AC8C) in font [lmroman10-regular]:+tlig;!
Missing character: There is no 작 (U+C791) in font [lmroman10-regular]:+tlig;!
Missing character: There is no 성 (U+C131) in font [lmroman10-regular]:+tlig;!
Missing character: There is no 하 (U+D558) in font [lmroman10-regular]:+tlig;!
Missing character: There is no 였 (U+C600) in font [lmroman10-regular]:+tlig;!
Missing character: There is no 는 (U+B294) in font [lmroman10-regular]:+tlig;!
Missing character: There is no 데 (U+B370) in font [lmroman10-regular]:+tlig;!
Missing character: There is no 보 (U+BCF4) in font [lmroman10-regular]:+tlig;!
Missing character: There is no 다 (U+B2E4) in font [lmroman10-regular]:+tlig;!
Missing character: There is no 상 (U+C0C1) in font [lmroman10-regular]:+tlig;!
Missing character: There is no 세 (U+C138) in font [lmroman10-regular]:+tlig;!
Missing character: There is no 한 (U+D55C) in font [lmroman10-regular]:+tlig;!
Missing character: There is no 가 (U+AC00) in font [lmroman10-regular]:+tlig;!
Missing character: There is no 이 (U+C774) in font [lmroman10-regular]:+tlig;!
Missing character: There is no 드 (U+B4DC) in font [lmroman10-regular]:+tlig;!
Missing character: There is no 라 (U+B77C) in font [lmroman10-regular]:+tlig;!
Missing character: There is no 인 (U+C778) in font [lmroman10-regular]:+tlig;!
Missing character: There is no 이 (U+C774) in font [lmroman10-regular]:+tlig;!
Missing character: There is no 필 (U+D544) in font [lmroman10-regular]:+tlig;!
Missing character: There is no 요 (U+C694) in font [lmroman10-regular]:+tlig;!
Missing character: There is no 한 (U+D55C) in font [lmroman10-regular]:+tlig;!
Missing character: There is no 경 (U+ACBD) in font [lmroman10-regular]:+tlig;!
Missing character: There is no 우 (U+C6B0) in font [lmroman10-regular]:+tlig;!
Missing character: There is no 구 (U+AD6C) in font [lmroman10-regular]:+tlig;!
Missing character: There is no 글 (U+AE00) in font [lmroman10-regular]:+tlig;!
Missing character: There is no 검 (U+AC80) in font [lmroman10-regular]:+tlig;!
Missing character: There is no 색 (U+C0C9) in font [lmroman10-regular]:+tlig;!
Missing character: There is no 창 (U+CC3D) in font [lmroman10-regular]:+tlig;!
Missing character: There is no 에 (U+C5D0) in font [lmroman10-regular]:+tlig;!
Missing character: There is no 윈 (U+C708) in font [lmmono10-regular]:!
Missing character: There is no 도 (U+B3C4) in font [lmmono10-regular]:!
Missing character: There is no 우 (U+C6B0) in font [lmmono10-regular]:!
Missing character: There is no 설 (U+C124) in font [lmmono10-regular]:!
Missing character: There is no 치 (U+CE58) in font [lmmono10-regular]:!
Missing character: There is no 와 (U+C640) in font [lmroman10-regular]:+tlig;!
Missing character: There is no 같 (U+AC19) in font [lmroman10-regular]:+tlig;!
Missing character: There is no 이 (U+C774) in font [lmroman10-regular]:+tlig;!
Missing character: There is no 입 (U+C785) in font [lmroman10-regular]:+tlig;!
Missing character: There is no 력 (U+B825) in font [lmroman10-regular]:+tlig;!
Missing character: There is no 하 (U+D558) in font [lmroman10-regular]:+tlig;!
Missing character: There is no 시 (U+C2DC) in font [lmroman10-regular]:+tlig;!
Missing character: There is no 면 (U+BA74) in font [lmroman10-regular]:+tlig;!
Missing character: There is no 상 (U+C0C1) in font [lmroman10-regular]:+tlig;!
Missing character: There is no 세 (U+C138) in font [lmroman10-regular]:+tlig;!
Missing character: There is no 한 (U+D55C) in font [lmroman10-regular]:+tlig;!
Missing character: There is no 자 (U+C790) in font [lmroman10-regular]:+tlig;!
Missing character: There is no 료 (U+B8CC) in font [lmroman10-regular]:+tlig;!
Missing character: There is no 를 (U+B97C) in font [lmroman10-regular]:+tlig;!
Missing character: There is no 찾 (U+CC3E) in font [lmroman10-regular]:+tlig;!
Missing character: There is no 을 (U+C744) in font [lmroman10-regular]:+tlig;!
Missing character: There is no 수 (U+C218) in font [lmroman10-regular]:+tlig;!
Missing character: There is no 있 (U+C788) in font [lmroman10-regular]:+tlig;!
Missing character: There is no 습 (U+C2B5) in font [lmroman10-regular]:+tlig;!
Missing character: There is no 니 (U+B2C8) in font [lmroman10-regular]:+tlig;!
Missing character: There is no 다 (U+B2E4) in font [lmroman10-regular]:+tlig;!
Missing character: There is no 순 (U+C21C) in font [lmroman10-regular]:+tlig;!
Missing character: There is no 수 (U+C218) in font [lmroman10-regular]:+tlig;!
Missing character: There is no 의 (U+C758) in font [lmroman10-regular]:+tlig;!
Missing character: There is no 경 (U+ACBD) in font [lmroman10-regular]:+tlig;!
Missing character: There is no 우 (U+C6B0) in font [lmroman10-regular]:+tlig;!
Missing character: There is no 버 (U+BC84) in font [lmroman10-regular]:+tlig;!
Missing character: There is no 전 (U+C804) in font [lmroman10-regular]:+tlig;!
Missing character: There is no 관 (U+AD00) in font [lmroman10-regular]:+tlig;!
Missing character: There is no 리 (U+B9AC) in font [lmroman10-regular]:+tlig;!
Missing character: There is no 앞 (U+C55E) in font [lmroman10-regular]:+tlig;!
Missing character: There is no 으 (U+C73C) in font [lmroman10-regular]:+tlig;!
Missing character: There is no 로 (U+B85C) in font [lmroman10-regular]:+tlig;!
Missing character: There is no 설 (U+C124) in font [lmroman10-regular]:+tlig;!
Missing character: There is no 치 (U+CE58) in font [lmroman10-regular]:+tlig;!
Missing character: There is no 할 (U+D560) in font [lmroman10-regular]:+tlig;!
Missing character: There is no 환 (U+D658) in font [lmroman10-regular]:+tlig;!
Missing character: There is no 경 (U+ACBD) in font [lmroman10-regular]:+tlig;!
Missing character: There is no 변 (U+BCC0) in font [lmroman10-regular]:+tlig;!
Missing character: There is no 수 (U+C218) in font [lmroman10-regular]:+tlig;!
Missing character: There is no 설 (U+C124) in font [lmroman10-regular]:+tlig;!
Missing character: There is no 정 (U+C815) in font [lmroman10-regular]:+tlig;!
Missing character: There is no 등 (U+B4F1) in font [lmroman10-regular]:+tlig;!
Missing character: There is no 이 (U+C774) in font [lmroman10-regular]:+tlig;!
Missing character: There is no 복 (U+BCF5) in font [lmroman10-regular]:+tlig;!
Missing character: There is no 잡 (U+C7A1) in font [lmroman10-regular]:+tlig;!
Missing character: There is no 한 (U+D55C) in font [lmroman10-regular]:+tlig;!
Missing character: There is no 부 (U+BD80) in font [lmroman10-regular]:+tlig;!
Missing character: There is no 분 (U+BD84) in font [lmroman10-regular]:+tlig;!
Missing character: There is no 이 (U+C774) in font [lmroman10-regular]:+tlig;!
Missing character: There is no 있 (U+C788) in font [lmroman10-regular]:+tlig;!
Missing character: There is no 어 (U+C5B4) in font [lmroman10-regular]:+tlig;!
Missing character: There is no 를 (U+B97C) in font [lmroman10-regular]:+tlig;!
Missing character: There is no 설 (U+C124) in font [lmroman10-regular]:+tlig;!
Missing character: There is no 치 (U+CE58) in font [lmroman10-regular]:+tlig;!
Missing character: There is no 하 (U+D558) in font [lmroman10-regular]:+tlig;!
Missing character: There is no 는 (U+B294) in font [lmroman10-regular]:+tlig;!
Missing character: There is no 것 (U+AC83) in font [lmroman10-regular]:+tlig;!
Missing character: There is no 으 (U+C73C) in font [lmroman10-regular]:+tlig;!
Missing character: There is no 로 (U+B85C) in font [lmroman10-regular]:+tlig;!
Missing character: There is no 안 (U+C548) in font [lmroman10-regular]:+tlig;!
Missing character: There is no 내 (U+B0B4) in font [lmroman10-regular]:+tlig;!
Missing character: There is no 드 (U+B4DC) in font [lmroman10-regular]:+tlig;!
Missing character: There is no 립 (U+B9BD) in font [lmroman10-regular]:+tlig;!
Missing character: There is no 니 (U+B2C8) in font [lmroman10-regular]:+tlig;!
Missing character: There is no 다 (U+B2E4) in font [lmroman10-regular]:+tlig;!
Missing character: There is no 는 (U+B294) in font [lmroman10-regular]:+tlig;!
Missing character: There is no 가 (U+AC00) in font [lmroman10-regular]:+tlig;!
Missing character: There is no 상 (U+C0C1) in font [lmroman10-regular]:+tlig;!
Missing character: There is no 환 (U+D658) in font [lmroman10-regular]:+tlig;!
Missing character: There is no 경 (U+ACBD) in font [lmroman10-regular]:+tlig;!
Missing character: There is no 을 (U+C744) in font [lmroman10-regular]:+tlig;!
Missing character: There is no 만 (U+B9CC) in font [lmroman10-regular]:+tlig;!
Missing character: There is no 들 (U+B4E4) in font [lmroman10-regular]:+tlig;!
Missing character: There is no 어 (U+C5B4) in font [lmroman10-regular]:+tlig;!
Missing character: There is no 을 (U+C744) in font [lmroman10-regular]:+tlig;!
Missing character: There is no 이 (U+C774) in font [lmroman10-regular]:+tlig;!
Missing character: There is no 용 (U+C6A9) in font [lmroman10-regular]:+tlig;!
Missing character: There is no 할 (U+D560) in font [lmroman10-regular]:+tlig;!
Missing character: There is no 수 (U+C218) in font [lmroman10-regular]:+tlig;!
Missing character: There is no 있 (U+C788) in font [lmroman10-regular]:+tlig;!
Missing character: There is no 어 (U+C5B4) in font [lmroman10-regular]:+tlig;!
Missing character: There is no 파 (U+D30C) in font [lmroman10-regular]:+tlig;!
Missing character: There is no 이 (U+C774) in font [lmroman10-regular]:+tlig;!
Missing character: There is no 썬 (U+C36C) in font [lmroman10-regular]:+tlig;!
Missing character: There is no 버 (U+BC84) in font [lmroman10-regular]:+tlig;!
Missing character: There is no 전 (U+C804) in font [lmroman10-regular]:+tlig;!
Missing character: There is no 관 (U+AD00) in font [lmroman10-regular]:+tlig;!
Missing character: There is no 리 (U+B9AC) in font [lmroman10-regular]:+tlig;!
Missing character: There is no 관 (U+AD00) in font [lmroman10-regular]:+tlig;!
Missing character: There is no 리 (U+B9AC) in font [lmroman10-regular]:+tlig;!
Missing character: There is no 등 (U+B4F1) in font [lmroman10-regular]:+tlig;!
Missing character: There is no 의 (U+C758) in font [lmroman10-regular]:+tlig;!
Missing character: There is no 문 (U+BB38) in font [lmroman10-regular]:+tlig;!
Missing character: There is no 제 (U+C81C) in font [lmroman10-regular]:+tlig;!
Missing character: There is no 를 (U+B97C) in font [lmroman10-regular]:+tlig;!
Missing character: There is no 덜 (U+B35C) in font [lmroman10-regular]:+tlig;!
Missing character: There is no 겪 (U+ACAA) in font [lmroman10-regular]:+tlig;!
Missing character: There is no 을 (U+C744) in font [lmroman10-regular]:+tlig;!
Missing character: There is no 수 (U+C218) in font [lmroman10-regular]:+tlig;!
Missing character: There is no 있 (U+C788) in font [lmroman10-regular]:+tlig;!
Missing character: There is no 습 (U+C2B5) in font [lmroman10-regular]:+tlig;!
Missing character: There is no 니 (U+B2C8) in font [lmroman10-regular]:+tlig;!
Missing character: There is no 다 (U+B2E4) in font [lmroman10-regular]:+tlig;!
Missing character: There is no 이 (U+C774) in font [lmroman10-regular]:+tlig;!
Missing character: There is no 와 (U+C640) in font [lmroman10-regular]:+tlig;!
Missing character: There is no 별 (U+BCC4) in font [lmroman10-regular]:+tlig;!
Missing character: There is no 개 (U+AC1C) in font [lmroman10-regular]:+tlig;!
Missing character: There is no 로 (U+B85C) in font [lmroman10-regular]:+tlig;!
Missing character: There is no 순 (U+C21C) in font [lmroman10-regular]:+tlig;!
Missing character: There is no 수 (U+C218) in font [lmroman10-regular]:+tlig;!
Missing character: There is no 이 (U+C774) in font [lmroman10-regular]:+tlig;!
Missing character: There is no 이 (U+C774) in font [lmroman10-regular]:+tlig;!
Missing character: There is no 미 (U+BBF8) in font [lmroman10-regular]:+tlig;!
Missing character: There is no 설 (U+C124) in font [lmroman10-regular]:+tlig;!
Missing character: There is no 치 (U+CE58) in font [lmroman10-regular]:+tlig;!
Missing character: There is no 되 (U+B418) in font [lmroman10-regular]:+tlig;!
Missing character: There is no 어 (U+C5B4) in font [lmroman10-regular]:+tlig;!
Missing character: There is no 있 (U+C788) in font [lmroman10-regular]:+tlig;!
Missing character: There is no 고 (U+ACE0) in font [lmroman10-regular]:+tlig;!
Missing character: There is no 가 (U+AC00) in font [lmroman10-regular]:+tlig;!
Missing character: There is no 설 (U+C124) in font [lmroman10-regular]:+tlig;!
Missing character: There is no 정 (U+C815) in font [lmroman10-regular]:+tlig;!
Missing character: There is no 되 (U+B418) in font [lmroman10-regular]:+tlig;!
Missing character: There is no 어 (U+C5B4) in font [lmroman10-regular]:+tlig;!
Missing character: There is no 있 (U+C788) in font [lmroman10-regular]:+tlig;!
Missing character: There is no 다 (U+B2E4) in font [lmroman10-regular]:+tlig;!
Missing character: There is no 면 (U+BA74) in font [lmroman10-regular]:+tlig;!
Missing character: There is no 이 (U+C774) in font [lmroman10-regular]:+tlig;!
Missing character: There is no 를 (U+B97C) in font [lmroman10-regular]:+tlig;!
Missing character: There is no 설 (U+C124) in font [lmroman10-regular]:+tlig;!
Missing character: There is no 치 (U+CE58) in font [lmroman10-regular]:+tlig;!
Missing character: There is no 하 (U+D558) in font [lmroman10-regular]:+tlig;!
Missing character: There is no 지 (U+C9C0) in font [lmroman10-regular]:+tlig;!
Missing character: There is no 않 (U+C54A) in font [lmroman10-regular]:+tlig;!
Missing character: There is no 으 (U+C73C) in font [lmroman10-regular]:+tlig;!
Missing character: There is no 셔 (U+C154) in font [lmroman10-regular]:+tlig;!
Missing character: There is no 도 (U+B3C4) in font [lmroman10-regular]:+tlig;!
Missing character: There is no 됩 (U+B429) in font [lmroman10-regular]:+tlig;!
Missing character: There is no 니 (U+B2C8) in font [lmroman10-regular]:+tlig;!
Missing character: There is no 다 (U+B2E4) in font [lmroman10-regular]:+tlig;!
Missing character: There is no 본 (U+BCF8) in font [lmroman10-regular]:+tlig;!
Missing character: There is no 튜 (U+D29C) in font [lmroman10-regular]:+tlig;!
Missing character: There is no 토 (U+D1A0) in font [lmroman10-regular]:+tlig;!
Missing character: There is no 리 (U+B9AC) in font [lmroman10-regular]:+tlig;!
Missing character: There is no 얼 (U+C5BC) in font [lmroman10-regular]:+tlig;!
Missing character: There is no 에 (U+C5D0) in font [lmroman10-regular]:+tlig;!
Missing character: There is no 서 (U+C11C) in font [lmroman10-regular]:+tlig;!
Missing character: There is no 환 (U+D658) in font [lmroman10-regular]:+tlig;!
Missing character: There is no 경 (U+ACBD) in font [lmroman10-regular]:+tlig;!
Missing character: There is no 을 (U+C744) in font [lmroman10-regular]:+tlig;!
Missing character: There is no 활 (U+D65C) in font [lmroman10-regular]:+tlig;!
Missing character: There is no 성 (U+C131) in font [lmroman10-regular]:+tlig;!
Missing character: There is no 화 (U+D654) in font [lmroman10-regular]:+tlig;!
Missing character: There is no 하 (U+D558) in font [lmroman10-regular]:+tlig;!
Missing character: There is no 는 (U+B294) in font [lmroman10-regular]:+tlig;!
Missing character: There is no 부 (U+BD80) in font [lmroman10-regular]:+tlig;!
Missing character: There is no 분 (U+BD84) in font [lmroman10-regular]:+tlig;!
Missing character: There is no 을 (U+C744) in font [lmroman10-regular]:+tlig;!
Missing character: There is no 빼 (U+BE7C) in font [lmroman10-regular]:+tlig;!
Missing character: There is no 고 (U+ACE0) in font [lmroman10-regular]:+tlig;!
Missing character: There is no 을 (U+C744) in font [lmroman10-regular]:+tlig;!
Missing character: There is no 사 (U+C0AC) in font [lmroman10-regular]:+tlig;!
Missing character: There is no 용 (U+C6A9) in font [lmroman10-regular]:+tlig;!
Missing character: There is no 하 (U+D558) in font [lmroman10-regular]:+tlig;!
Missing character: There is no 는 (U+B294) in font [lmroman10-regular]:+tlig;!
Missing character: There is no 부 (U+BD80) in font [lmroman10-regular]:+tlig;!
Missing character: There is no 분 (U+BD84) in font [lmroman10-regular]:+tlig;!
Missing character: There is no 을 (U+C744) in font [lmroman10-regular]:+tlig;!
Missing character: There is no 따 (U+B530) in font [lmroman10-regular]:+tlig;!
Missing character: There is no 라 (U+B77C) in font [lmroman10-regular]:+tlig;!
Missing character: There is no 하 (U+D558) in font [lmroman10-regular]:+tlig;!
Missing character: There is no 시 (U+C2DC) in font [lmroman10-regular]:+tlig;!
Missing character: There is no 면 (U+BA74) in font [lmroman10-regular]:+tlig;!
Missing character: There is no 되 (U+B418) in font [lmroman10-regular]:+tlig;!
Missing character: There is no 기 (U+AE30) in font [lmroman10-regular]:+tlig;!
Missing character: There is no 때 (U+B54C) in font [lmroman10-regular]:+tlig;!
Missing character: There is no 문 (U+BB38) in font [lmroman10-regular]:+tlig;!
Missing character: There is no 입 (U+C785) in font [lmroman10-regular]:+tlig;!
Missing character: There is no 니 (U+B2C8) in font [lmroman10-regular]:+tlig;!
Missing character: There is no 다 (U+B2E4) in font [lmroman10-regular]:+tlig;!
]
chapter 2.
Missing character: There is no 설 (U+C124) in font [lmsans10-bold]:+tlig;!
Missing character: There is no 치 (U+CE58) in font [lmsans10-bold]:+tlig;!
Missing character: There is no 윈 (U+C708) in font [lmsans10-bold]:+tlig;!
Missing character: There is no 도 (U+B3C4) in font [lmsans10-bold]:+tlig;!
Missing character: There is no 우 (U+C6B0) in font [lmsans10-bold]:+tlig;!
Missing character: There is no 설 (U+C124) in font [lmsans10-bold]:+tlig;!
Missing character: There is no 치 (U+CE58) in font [lmsans10-bold]:+tlig;!
Missing character: There is no 윈 (U+C708) in font [lmsans10-bold]:+tlig;!
Missing character: There is no 도 (U+B3C4) in font [lmsans10-bold]:+tlig;!
Missing character: There is no 우 (U+C6B0) in font [lmsans10-bold]:+tlig;!
<image/install_window_visual_code_1.jpeg, id=50, 462.528pt x 260.172pt>
File: image/install_window_visual_code_1.jpeg Graphic file (type jpg)
<use image/install_window_visual_code_1.jpeg>
Package luatex.def Info: image/install_window_visual_code_1.jpeg  used on input
 line 368.
(luatex.def)             Requested size: 462.52686pt x 260.17134pt.
Missing character: There is no 접 (U+C811) in font [lmroman10-regular]:+tlig;!
Missing character: There is no 속 (U+C18D) in font [lmroman10-regular]:+tlig;!
Missing character: There is no 클 (U+D074) in font [lmroman10-regular]:+tlig;!
Missing character: There is no 릭 (U+B9AD) in font [lmroman10-regular]:+tlig;!
Missing character: There is no 해 (U+D574) in font [lmroman10-regular]:+tlig;!
Missing character: There is no 서 (U+C11C) in font [lmroman10-regular]:+tlig;!
Missing character: There is no 설 (U+C124) in font [lmroman10-regular]:+tlig;!
Missing character: There is no 치 (U+CE58) in font [lmroman10-regular]:+tlig;!
Missing character: There is no 파 (U+D30C) in font [lmroman10-regular]:+tlig;!
Missing character: There is no 일 (U+C77C) in font [lmroman10-regular]:+tlig;!
Missing character: There is no 다 (U+B2E4) in font [lmroman10-regular]:+tlig;!
Missing character: There is no 운 (U+C6B4) in font [lmroman10-regular]:+tlig;!
Missing character: There is no 로 (U+B85C) in font [lmroman10-regular]:+tlig;!
Missing character: There is no 드 (U+B4DC) in font [lmroman10-regular]:+tlig;!
Missing character: There is no 접 (U+C811) in font [lmroman10-regular]:+tlig;!
Missing character: There is no 속 (U+C18D) in font [lmroman10-regular]:+tlig;!
Missing character: There is no 클 (U+D074) in font [lmroman10-regular]:+tlig;!
Missing character: There is no 릭 (U+B9AD) in font [lmroman10-regular]:+tlig;!
Missing character: There is no 해 (U+D574) in font [lmroman10-regular]:+tlig;!
Missing character: There is no 서 (U+C11C) in font [lmroman10-regular]:+tlig;!
Missing character: There is no 설 (U+C124) in font [lmroman10-regular]:+tlig;!
Missing character: There is no 치 (U+CE58) in font [lmroman10-regular]:+tlig;!
Missing character: There is no 파 (U+D30C) in font [lmroman10-regular]:+tlig;!
Missing character: There is no 일 (U+C77C) in font [lmroman10-regular]:+tlig;!
Missing character: There is no 다 (U+B2E4) in font [lmroman10-regular]:+tlig;!
Missing character: There is no 운 (U+C6B4) in font [lmroman10-regular]:+tlig;!
Missing character: There is no 로 (U+B85C) in font [lmroman10-regular]:+tlig;!
Missing character: There is no 드 (U+B4DC) in font [lmroman10-regular]:+tlig;!
Missing character: There is no 접 (U+C811) in font [lmroman10-regular]:+tlig;!
Missing character: There is no 속 (U+C18D) in font [lmroman10-regular]:+tlig;!
Missing character: There is no 클 (U+D074) in font [lmroman10-regular]:+tlig;!
Missing character: There is no 릭 (U+B9AD) in font [lmroman10-regular]:+tlig;!
Missing character: There is no 해 (U+D574) in font [lmroman10-regular]:+tlig;!
Missing character: There is no 서 (U+C11C) in font [lmroman10-regular]:+tlig;!
Missing character: There is no 설 (U+C124) in font [lmroman10-regular]:+tlig;!
Missing character: There is no 치 (U+CE58) in font [lmroman10-regular]:+tlig;!
Missing character: There is no 파 (U+D30C) in font [lmroman10-regular]:+tlig;!
Missing character: There is no 일 (U+C77C) in font [lmroman10-regular]:+tlig;!
Missing character: There is no 다 (U+B2E4) in font [lmroman10-regular]:+tlig;!
Missing character: There is no 운 (U+C6B4) in font [lmroman10-regular]:+tlig;!
Missing character: There is no 로 (U+B85C) in font [lmroman10-regular]:+tlig;!
Missing character: There is no 드 (U+B4DC) in font [lmroman10-regular]:+tlig;!
Missing character: There is no 접 (U+C811) in font [lmroman10-regular]:+tlig;!
Missing character: There is no 속 (U+C18D) in font [lmroman10-regular]:+tlig;!
Missing character: There is no 클 (U+D074) in font [lmroman10-regular]:+tlig;!
Missing character: There is no 릭 (U+B9AD) in font [lmroman10-regular]:+tlig;!
Missing character: There is no 해 (U+D574) in font [lmroman10-regular]:+tlig;!
Missing character: There is no 서 (U+C11C) in font [lmroman10-regular]:+tlig;!
Missing character: There is no 설 (U+C124) in font [lmroman10-regular]:+tlig;!
Missing character: There is no 치 (U+CE58) in font [lmroman10-regular]:+tlig;!
Missing character: There is no 파 (U+D30C) in font [lmroman10-regular]:+tlig;!
Missing character: There is no 일 (U+C77C) in font [lmroman10-regular]:+tlig;!
Missing character: There is no 다 (U+B2E4) in font [lmroman10-regular]:+tlig;!
Missing character: There is no 운 (U+C6B4) in font [lmroman10-regular]:+tlig;!
Missing character: There is no 로 (U+B85C) in font [lmroman10-regular]:+tlig;!
Missing character: There is no 드 (U+B4DC) in font [lmroman10-regular]:+tlig;!
Missing character: There is no 접 (U+C811) in font [lmroman10-regular]:+tlig;!
Missing character: There is no 속 (U+C18D) in font [lmroman10-regular]:+tlig;!
Missing character: There is no 클 (U+D074) in font [lmroman10-regular]:+tlig;!
Missing character: There is no 릭 (U+B9AD) in font [lmroman10-regular]:+tlig;!
Missing character: There is no 해 (U+D574) in font [lmroman10-regular]:+tlig;!
Missing character: There is no 서 (U+C11C) in font [lmroman10-regular]:+tlig;!
Missing character: There is no 설 (U+C124) in font [lmroman10-regular]:+tlig;!
Missing character: There is no 치 (U+CE58) in font [lmroman10-regular]:+tlig;!
Missing character: There is no 파 (U+D30C) in font [lmroman10-regular]:+tlig;!
Missing character: There is no 일 (U+C77C) in font [lmroman10-regular]:+tlig;!
Missing character: There is no 다 (U+B2E4) in font [lmroman10-regular]:+tlig;!
Missing character: There is no 운 (U+C6B4) in font [lmroman10-regular]:+tlig;!
Missing character: There is no 로 (U+B85C) in font [lmroman10-regular]:+tlig;!
Missing character: There is no 드 (U+B4DC) in font [lmroman10-regular]:+tlig;!

Overfull \hbox (231.55832pt too wide) in paragraph at lines 366--370
[][][]\TU/lmr/m/n/10.95 VS CODE[][] 접󰀀속󰀀, \TU/lmr/bx/n/10.95 Down-load
 for Win-dows \TU/lmr/m/n/10.95 클󰀀릭󰀀해󰀀서󰀀 설󰀀치󰀀파
󰀀일󰀀 다󰀀운󰀀로󰀀드󰀀 [] 
 []

Missing character: There is no 설 (U+C124) in font [lmroman10-regular]:+tlig;!
Missing character: There is no 치 (U+CE58) in font [lmroman10-regular]:+tlig;!
Missing character: There is no 설 (U+C124) in font [lmroman10-regular]:+tlig;!
Missing character: There is no 치 (U+CE58) in font [lmroman10-regular]:+tlig;!
Missing character: There is no 설 (U+C124) in font [lmroman10-regular]:+tlig;!
Missing character: There is no 치 (U+CE58) in font [lmroman10-regular]:+tlig;!
Missing character: There is no 설 (U+C124) in font [lmroman10-regular]:+tlig;!
Missing character: There is no 치 (U+CE58) in font [lmroman10-regular]:+tlig;!
Missing character: There is no 설 (U+C124) in font [lmroman10-regular]:+tlig;!
Missing character: There is no 치 (U+CE58) in font [lmroman10-regular]:+tlig;!
Missing character: There is no 설 (U+C124) in font [lmroman10-regular]:+tlig;!
Missing character: There is no 치 (U+CE58) in font [lmroman10-regular]:+tlig;!
Missing character: There is no 설 (U+C124) in font [lmroman10-regular]:+tlig;!
Missing character: There is no 치 (U+CE58) in font [lmroman10-regular]:+tlig;!
Missing character: There is no 설 (U+C124) in font [lmroman10-regular]:+tlig;!
Missing character: There is no 치 (U+CE58) in font [lmroman10-regular]:+tlig;!
Missing character: There is no 파 (U+D30C) in font [lmroman10-regular]:+tlig;!
Missing character: There is no 일 (U+C77C) in font [lmroman10-regular]:+tlig;!
Missing character: There is no 클 (U+D074) in font [lmroman10-regular]:+tlig;!
Missing character: There is no 릭 (U+B9AD) in font [lmroman10-regular]:+tlig;!
Missing character: There is no 설 (U+C124) in font [lmroman10-regular]:+tlig;!
Missing character: There is no 치 (U+CE58) in font [lmroman10-regular]:+tlig;!
Missing character: There is no 파 (U+D30C) in font [lmroman10-regular]:+tlig;!
Missing character: There is no 일 (U+C77C) in font [lmroman10-regular]:+tlig;!
Missing character: There is no 클 (U+D074) in font [lmroman10-regular]:+tlig;!
Missing character: There is no 릭 (U+B9AD) in font [lmroman10-regular]:+tlig;!
Missing character: There is no 라 (U+B77C) in font [lmroman10-regular]:+tlig;!
Missing character: There is no 이 (U+C774) in font [lmroman10-regular]:+tlig;!
Missing character: There is no 라 (U+B77C) in font [lmroman10-regular]:+tlig;!
Missing character: There is no 이 (U+C774) in font [lmroman10-regular]:+tlig;!
Missing character: There is no 라 (U+B77C) in font [lmroman10-regular]:+tlig;!
Missing character: There is no 이 (U+C774) in font [lmroman10-regular]:+tlig;!
Missing character: There is no 라 (U+B77C) in font [lmroman10-regular]:+tlig;!
Missing character: There is no 이 (U+C774) in font [lmroman10-regular]:+tlig;!
Missing character: There is no 라 (U+B77C) in font [lmroman10-regular]:+tlig;!
Missing character: There is no 이 (U+C774) in font [lmroman10-regular]:+tlig;!
Missing character: There is no 라 (U+B77C) in font [lmroman10-regular]:+tlig;!
Missing character: There is no 이 (U+C774) in font [lmroman10-regular]:+tlig;!
Missing character: There is no 라 (U+B77C) in font [lmroman10-regular]:+tlig;!
Missing character: There is no 이 (U+C774) in font [lmroman10-regular]:+tlig;!
<image/install_window_visual_code_2.jpeg, id=51, 594.22pt x 459.7175pt>
File: image/install_window_visual_code_2.jpeg Graphic file (type jpg)
<use image/install_window_visual_code_2.jpeg>
Package luatex.def Info: image/install_window_visual_code_2.jpeg  used on input
 line 373.
(luatex.def)             Requested size: 594.21855pt x 459.71637pt.
Missing character: There is no 라 (U+B77C) in font [lmroman10-regular]:+tlig;!
Missing character: There is no 이 (U+C774) in font [lmroman10-regular]:+tlig;!
Missing character: There is no 센 (U+C13C) in font [lmroman10-regular]:+tlig;!
Missing character: There is no 스 (U+C2A4) in font [lmroman10-regular]:+tlig;!
Missing character: There is no 동 (U+B3D9) in font [lmroman10-regular]:+tlig;!
Missing character: There is no 의 (U+C758) in font [lmroman10-regular]:+tlig;!
Missing character: There is no 하 (U+D558) in font [lmroman10-regular]:+tlig;!
Missing character: There is no 기 (U+AE30) in font [lmroman10-regular]:+tlig;!
Missing character: There is no 버 (U+BC84) in font [lmroman10-regular]:+tlig;!
Missing character: There is no 튼 (U+D2BC) in font [lmroman10-regular]:+tlig;!
Missing character: There is no 눌 (U+B20C) in font [lmroman10-regular]:+tlig;!
Missing character: There is no 러 (U+B7EC) in font [lmroman10-regular]:+tlig;!
Missing character: There is no 서 (U+C11C) in font [lmroman10-regular]:+tlig;!
Missing character: There is no 진 (U+C9C4) in font [lmroman10-regular]:+tlig;!
Missing character: There is no 행 (U+D589) in font [lmroman10-regular]:+tlig;!
Missing character: There is no 세 (U+C138) in font [lmroman10-regular]:+tlig;!
Missing character: There is no 팅 (U+D305) in font [lmroman10-regular]:+tlig;!
Missing character: There is no 유 (U+C720) in font [lmroman10-regular]:+tlig;!
Missing character: There is no 지 (U+C9C0) in font [lmroman10-regular]:+tlig;!
Missing character: There is no 라 (U+B77C) in font [lmroman10-regular]:+tlig;!
Missing character: There is no 이 (U+C774) in font [lmroman10-regular]:+tlig;!
Missing character: There is no 센 (U+C13C) in font [lmroman10-regular]:+tlig;!
Missing character: There is no 스 (U+C2A4) in font [lmroman10-regular]:+tlig;!
Missing character: There is no 동 (U+B3D9) in font [lmroman10-regular]:+tlig;!
Missing character: There is no 의 (U+C758) in font [lmroman10-regular]:+tlig;!
Missing character: There is no 하 (U+D558) in font [lmroman10-regular]:+tlig;!
Missing character: There is no 기 (U+AE30) in font [lmroman10-regular]:+tlig;!
Missing character: There is no 버 (U+BC84) in font [lmroman10-regular]:+tlig;!
Missing character: There is no 튼 (U+D2BC) in font [lmroman10-regular]:+tlig;!
Missing character: There is no 눌 (U+B20C) in font [lmroman10-regular]:+tlig;!
Missing character: There is no 러 (U+B7EC) in font [lmroman10-regular]:+tlig;!
Missing character: There is no 서 (U+C11C) in font [lmroman10-regular]:+tlig;!
Missing character: There is no 진 (U+C9C4) in font [lmroman10-regular]:+tlig;!
Missing character: There is no 행 (U+D589) in font [lmroman10-regular]:+tlig;!
Missing character: There is no 세 (U+C138) in font [lmroman10-regular]:+tlig;!
Missing character: There is no 팅 (U+D305) in font [lmroman10-regular]:+tlig;!
Missing character: There is no 유 (U+C720) in font [lmroman10-regular]:+tlig;!
Missing character: There is no 지 (U+C9C0) in font [lmroman10-regular]:+tlig;!
Missing character: There is no 라 (U+B77C) in font [lmroman10-regular]:+tlig;!
Missing character: There is no 이 (U+C774) in font [lmroman10-regular]:+tlig;!
Missing character: There is no 센 (U+C13C) in font [lmroman10-regular]:+tlig;!
Missing character: There is no 스 (U+C2A4) in font [lmroman10-regular]:+tlig;!
Missing character: There is no 동 (U+B3D9) in font [lmroman10-regular]:+tlig;!
Missing character: There is no 의 (U+C758) in font [lmroman10-regular]:+tlig;!
Missing character: There is no 하 (U+D558) in font [lmroman10-regular]:+tlig;!
Missing character: There is no 기 (U+AE30) in font [lmroman10-regular]:+tlig;!
Missing character: There is no 버 (U+BC84) in font [lmroman10-regular]:+tlig;!
Missing character: There is no 튼 (U+D2BC) in font [lmroman10-regular]:+tlig;!
Missing character: There is no 눌 (U+B20C) in font [lmroman10-regular]:+tlig;!
Missing character: There is no 러 (U+B7EC) in font [lmroman10-regular]:+tlig;!
Missing character: There is no 서 (U+C11C) in font [lmroman10-regular]:+tlig;!
Missing character: There is no 진 (U+C9C4) in font [lmroman10-regular]:+tlig;!
Missing character: There is no 행 (U+D589) in font [lmroman10-regular]:+tlig;!
Missing character: There is no 세 (U+C138) in font [lmroman10-regular]:+tlig;!
Missing character: There is no 팅 (U+D305) in font [lmroman10-regular]:+tlig;!
Missing character: There is no 유 (U+C720) in font [lmroman10-regular]:+tlig;!
Missing character: There is no 지 (U+C9C0) in font [lmroman10-regular]:+tlig;!
Missing character: There is no 라 (U+B77C) in font [lmroman10-regular]:+tlig;!
Missing character: There is no 이 (U+C774) in font [lmroman10-regular]:+tlig;!
Missing character: There is no 센 (U+C13C) in font [lmroman10-regular]:+tlig;!
Missing character: There is no 스 (U+C2A4) in font [lmroman10-regular]:+tlig;!
Missing character: There is no 동 (U+B3D9) in font [lmroman10-regular]:+tlig;!
Missing character: There is no 의 (U+C758) in font [lmroman10-regular]:+tlig;!
Missing character: There is no 하 (U+D558) in font [lmroman10-regular]:+tlig;!
Missing character: There is no 기 (U+AE30) in font [lmroman10-regular]:+tlig;!
Missing character: There is no 버 (U+BC84) in font [lmroman10-regular]:+tlig;!
Missing character: There is no 튼 (U+D2BC) in font [lmroman10-regular]:+tlig;!
Missing character: There is no 눌 (U+B20C) in font [lmroman10-regular]:+tlig;!
Missing character: There is no 러 (U+B7EC) in font [lmroman10-regular]:+tlig;!
Missing character: There is no 서 (U+C11C) in font [lmroman10-regular]:+tlig;!
Missing character: There is no 진 (U+C9C4) in font [lmroman10-regular]:+tlig;!
Missing character: There is no 행 (U+D589) in font [lmroman10-regular]:+tlig;!
Missing character: There is no 세 (U+C138) in font [lmroman10-regular]:+tlig;!
Missing character: There is no 팅 (U+D305) in font [lmroman10-regular]:+tlig;!
Missing character: There is no 유 (U+C720) in font [lmroman10-regular]:+tlig;!
Missing character: There is no 지 (U+C9C0) in font [lmroman10-regular]:+tlig;!
Missing character: There is no 라 (U+B77C) in font [lmroman10-regular]:+tlig;!
Missing character: There is no 이 (U+C774) in font [lmroman10-regular]:+tlig;!
Missing character: There is no 센 (U+C13C) in font [lmroman10-regular]:+tlig;!
Missing character: There is no 스 (U+C2A4) in font [lmroman10-regular]:+tlig;!
Missing character: There is no 동 (U+B3D9) in font [lmroman10-regular]:+tlig;!
Missing character: There is no 의 (U+C758) in font [lmroman10-regular]:+tlig;!
Missing character: There is no 하 (U+D558) in font [lmroman10-regular]:+tlig;!
Missing character: There is no 기 (U+AE30) in font [lmroman10-regular]:+tlig;!
Missing character: There is no 버 (U+BC84) in font [lmroman10-regular]:+tlig;!
Missing character: There is no 튼 (U+D2BC) in font [lmroman10-regular]:+tlig;!
Missing character: There is no 눌 (U+B20C) in font [lmroman10-regular]:+tlig;!
Missing character: There is no 러 (U+B7EC) in font [lmroman10-regular]:+tlig;!
Missing character: There is no 서 (U+C11C) in font [lmroman10-regular]:+tlig;!
Missing character: There is no 진 (U+C9C4) in font [lmroman10-regular]:+tlig;!
Missing character: There is no 행 (U+D589) in font [lmroman10-regular]:+tlig;!
Missing character: There is no 세 (U+C138) in font [lmroman10-regular]:+tlig;!
Missing character: There is no 팅 (U+D305) in font [lmroman10-regular]:+tlig;!
Missing character: There is no 유 (U+C720) in font [lmroman10-regular]:+tlig;!
Missing character: There is no 지 (U+C9C0) in font [lmroman10-regular]:+tlig;!

Overfull \hbox (142.82945pt too wide) in paragraph at lines 372--375
[]\TU/lmr/m/n/10.95 라󰀀이󰀀센󰀀스󰀀 동󰀀의󰀀하󰀀기󰀀, 
Next 버󰀀튼󰀀 눌󰀀러󰀀서󰀀 진󰀀행󰀀, De-fault 세󰀀팅
󰀀 유󰀀지󰀀 [] 
 []



[7

Missing character: There is no 설 (U+C124) in font [lmsans10-bold]:+tlig;!
Missing character: There is no 치 (U+CE58) in font [lmsans10-bold]:+tlig;!
Missing character: There is no 윈 (U+C708) in font [lmsans10-bold]:+tlig;!
Missing character: There is no 도 (U+B3C4) in font [lmsans10-bold]:+tlig;!
Missing character: There is no 우 (U+C6B0) in font [lmsans10-bold]:+tlig;!
Missing character: There is no 접 (U+C811) in font [lmroman10-regular]:+tlig;!
Missing character: There is no 속 (U+C18D) in font [lmroman10-regular]:+tlig;!
Missing character: There is no 클 (U+D074) in font [lmroman10-regular]:+tlig;!
Missing character: There is no 릭 (U+B9AD) in font [lmroman10-regular]:+tlig;!
Missing character: There is no 해 (U+D574) in font [lmroman10-regular]:+tlig;!
Missing character: There is no 서 (U+C11C) in font [lmroman10-regular]:+tlig;!
Missing character: There is no 설 (U+C124) in font [lmroman10-regular]:+tlig;!
Missing character: There is no 치 (U+CE58) in font [lmroman10-regular]:+tlig;!
Missing character: There is no 파 (U+D30C) in font [lmroman10-regular]:+tlig;!
Missing character: There is no 일 (U+C77C) in font [lmroman10-regular]:+tlig;!
Missing character: There is no 다 (U+B2E4) in font [lmroman10-regular]:+tlig;!
Missing character: There is no 운 (U+C6B4) in font [lmroman10-regular]:+tlig;!
Missing character: There is no 로 (U+B85C) in font [lmroman10-regular]:+tlig;!
Missing character: There is no 드 (U+B4DC) in font [lmroman10-regular]:+tlig;!
Missing character: There is no 설 (U+C124) in font [lmroman10-regular]:+tlig;!
Missing character: There is no 치 (U+CE58) in font [lmroman10-regular]:+tlig;!
Missing character: There is no 파 (U+D30C) in font [lmroman10-regular]:+tlig;!
Missing character: There is no 일 (U+C77C) in font [lmroman10-regular]:+tlig;!
Missing character: There is no 클 (U+D074) in font [lmroman10-regular]:+tlig;!
Missing character: There is no 릭 (U+B9AD) in font [lmroman10-regular]:+tlig;!
<./image/install_window_visual_code_1.jpeg>]
Missing character: There is no 설 (U+C124) in font [lmroman10-regular]:+tlig;!
Missing character: There is no 치 (U+CE58) in font [lmroman10-regular]:+tlig;!
Missing character: There is no 설 (U+C124) in font [lmroman10-regular]:+tlig;!
Missing character: There is no 치 (U+CE58) in font [lmroman10-regular]:+tlig;!
Missing character: There is no 설 (U+C124) in font [lmroman10-regular]:+tlig;!
Missing character: There is no 치 (U+CE58) in font [lmroman10-regular]:+tlig;!
Missing character: There is no 설 (U+C124) in font [lmroman10-regular]:+tlig;!
Missing character: There is no 치 (U+CE58) in font [lmroman10-regular]:+tlig;!
Missing character: There is no 설 (U+C124) in font [lmroman10-regular]:+tlig;!
Missing character: There is no 치 (U+CE58) in font [lmroman10-regular]:+tlig;!
Missing character: There is no 설 (U+C124) in font [lmroman10-regular]:+tlig;!
Missing character: There is no 치 (U+CE58) in font [lmroman10-regular]:+tlig;!
Missing character: There is no 설 (U+C124) in font [lmroman10-regular]:+tlig;!
Missing character: There is no 치 (U+CE58) in font [lmroman10-regular]:+tlig;!
<image/install_window_visual_code_3.png, id=61, 1219.55624pt x 797.98125pt>
File: image/install_window_visual_code_3.png Graphic file (type png)
<use image/install_window_visual_code_3.png>
Package luatex.def Info: image/install_window_visual_code_3.png  used on input 
line 376.
(luatex.def)             Requested size: 1219.55327pt x 797.9793pt.
Missing character: There is no 설 (U+C124) in font [lmroman10-regular]:+tlig;!
Missing character: There is no 치 (U+CE58) in font [lmroman10-regular]:+tlig;!
Missing character: There is no 완 (U+C644) in font [lmroman10-regular]:+tlig;!
Missing character: There is no 료 (U+B8CC) in font [lmroman10-regular]:+tlig;!
Missing character: There is no 설 (U+C124) in font [lmroman10-regular]:+tlig;!
Missing character: There is no 치 (U+CE58) in font [lmroman10-regular]:+tlig;!
Missing character: There is no 완 (U+C644) in font [lmroman10-regular]:+tlig;!
Missing character: There is no 료 (U+B8CC) in font [lmroman10-regular]:+tlig;!
Missing character: There is no 설 (U+C124) in font [lmroman10-regular]:+tlig;!
Missing character: There is no 치 (U+CE58) in font [lmroman10-regular]:+tlig;!
Missing character: There is no 완 (U+C644) in font [lmroman10-regular]:+tlig;!
Missing character: There is no 료 (U+B8CC) in font [lmroman10-regular]:+tlig;!
Missing character: There is no 설 (U+C124) in font [lmroman10-regular]:+tlig;!
Missing character: There is no 치 (U+CE58) in font [lmroman10-regular]:+tlig;!
Missing character: There is no 완 (U+C644) in font [lmroman10-regular]:+tlig;!
Missing character: There is no 료 (U+B8CC) in font [lmroman10-regular]:+tlig;!
Missing character: There is no 설 (U+C124) in font [lmroman10-regular]:+tlig;!
Missing character: There is no 치 (U+CE58) in font [lmroman10-regular]:+tlig;!
Missing character: There is no 완 (U+C644) in font [lmroman10-regular]:+tlig;!
Missing character: There is no 료 (U+B8CC) in font [lmroman10-regular]:+tlig;!

Overfull \hbox (14.45343pt too wide) in paragraph at lines 375--377
[]\TU/lmr/m/n/10.95 설󰀀치󰀀완󰀀료󰀀 [] 
 []



[8
Missing character: There is no 라 (U+B77C) in font [lmroman10-regular]:+tlig;!
Missing character: There is no 이 (U+C774) in font [lmroman10-regular]:+tlig;!
Missing character: There is no 센 (U+C13C) in font [lmroman10-regular]:+tlig;!
Missing character: There is no 스 (U+C2A4) in font [lmroman10-regular]:+tlig;!
Missing character: There is no 동 (U+B3D9) in font [lmroman10-regular]:+tlig;!
Missing character: There is no 의 (U+C758) in font [lmroman10-regular]:+tlig;!
Missing character: There is no 하 (U+D558) in font [lmroman10-regular]:+tlig;!
Missing character: There is no 기 (U+AE30) in font [lmroman10-regular]:+tlig;!
Missing character: There is no 버 (U+BC84) in font [lmroman10-regular]:+tlig;!
Missing character: There is no 튼 (U+D2BC) in font [lmroman10-regular]:+tlig;!
Missing character: There is no 눌 (U+B20C) in font [lmroman10-regular]:+tlig;!
Missing character: There is no 러 (U+B7EC) in font [lmroman10-regular]:+tlig;!
Missing character: There is no 서 (U+C11C) in font [lmroman10-regular]:+tlig;!
Missing character: There is no 진 (U+C9C4) in font [lmroman10-regular]:+tlig;!
Missing character: There is no 행 (U+D589) in font [lmroman10-regular]:+tlig;!
Missing character: There is no 세 (U+C138) in font [lmroman10-regular]:+tlig;!
Missing character: There is no 팅 (U+D305) in font [lmroman10-regular]:+tlig;!
Missing character: There is no 유 (U+C720) in font [lmroman10-regular]:+tlig;!
Missing character: There is no 지 (U+C9C0) in font [lmroman10-regular]:+tlig;!
<./image/install_window_visual_code_2.jpeg>]

[9
Missing character: There is no 설 (U+C124) in font [lmroman10-regular]:+tlig;!
Missing character: There is no 치 (U+CE58) in font [lmroman10-regular]:+tlig;!
Missing character: There is no 완 (U+C644) in font [lmroman10-regular]:+tlig;!
Missing character: There is no 료 (U+B8CC) in font [lmroman10-regular]:+tlig;!
<./image/install_window_visual_code_3.png>]
chapter 3.
Missing character: There is no 설 (U+C124) in font [lmsans10-bold]:+tlig;!
Missing character: There is no 치 (U+CE58) in font [lmsans10-bold]:+tlig;!
Missing character: There is no 윈 (U+C708) in font [lmsans10-bold]:+tlig;!
Missing character: There is no 도 (U+B3C4) in font [lmsans10-bold]:+tlig;!
Missing character: There is no 우 (U+C6B0) in font [lmsans10-bold]:+tlig;!
Missing character: There is no 설 (U+C124) in font [lmsans10-bold]:+tlig;!
Missing character: There is no 치 (U+CE58) in font [lmsans10-bold]:+tlig;!
Missing character: There is no 윈 (U+C708) in font [lmsans10-bold]:+tlig;!
Missing character: There is no 도 (U+B3C4) in font [lmsans10-bold]:+tlig;!
Missing character: There is no 우 (U+C6B0) in font [lmsans10-bold]:+tlig;!
Missing character: There is no 설 (U+C124) in font [lmsans10-bold]:+tlig;!
Missing character: There is no 치 (U+CE58) in font [lmsans10-bold]:+tlig;!
Missing character: There is no 설 (U+C124) in font [lmsans10-bold]:+tlig;!
Missing character: There is no 치 (U+CE58) in font [lmsans10-bold]:+tlig;!
<image/install_miniconda_1.jpeg, id=74, 462.528pt x 260.172pt>
File: image/install_miniconda_1.jpeg Graphic file (type jpg)
<use image/install_miniconda_1.jpeg>
Package luatex.def Info: image/install_miniconda_1.jpeg  used on input line 389
.
(luatex.def)             Requested size: 462.52686pt x 260.17134pt.
Missing character: There is no 접 (U+C811) in font [lmroman10-regular]:+tlig;!
Missing character: There is no 속 (U+C18D) in font [lmroman10-regular]:+tlig;!
Missing character: There is no 후 (U+D6C4) in font [lmroman10-regular]:+tlig;!
Missing character: There is no 다 (U+B2E4) in font [lmroman10-regular]:+tlig;!
Missing character: There is no 운 (U+C6B4) in font [lmroman10-regular]:+tlig;!
Missing character: There is no 로 (U+B85C) in font [lmroman10-regular]:+tlig;!
Missing character: There is no 드 (U+B4DC) in font [lmroman10-regular]:+tlig;!
Missing character: There is no 접 (U+C811) in font [lmroman10-regular]:+tlig;!
Missing character: There is no 속 (U+C18D) in font [lmroman10-regular]:+tlig;!
Missing character: There is no 후 (U+D6C4) in font [lmroman10-regular]:+tlig;!
Missing character: There is no 다 (U+B2E4) in font [lmroman10-regular]:+tlig;!
Missing character: There is no 운 (U+C6B4) in font [lmroman10-regular]:+tlig;!
Missing character: There is no 로 (U+B85C) in font [lmroman10-regular]:+tlig;!
Missing character: There is no 드 (U+B4DC) in font [lmroman10-regular]:+tlig;!
Missing character: There is no 접 (U+C811) in font [lmroman10-regular]:+tlig;!
Missing character: There is no 속 (U+C18D) in font [lmroman10-regular]:+tlig;!
Missing character: There is no 후 (U+D6C4) in font [lmroman10-regular]:+tlig;!
Missing character: There is no 다 (U+B2E4) in font [lmroman10-regular]:+tlig;!
Missing character: There is no 운 (U+C6B4) in font [lmroman10-regular]:+tlig;!
Missing character: There is no 로 (U+B85C) in font [lmroman10-regular]:+tlig;!
Missing character: There is no 드 (U+B4DC) in font [lmroman10-regular]:+tlig;!
Missing character: There is no 접 (U+C811) in font [lmroman10-regular]:+tlig;!
Missing character: There is no 속 (U+C18D) in font [lmroman10-regular]:+tlig;!
Missing character: There is no 후 (U+D6C4) in font [lmroman10-regular]:+tlig;!
Missing character: There is no 다 (U+B2E4) in font [lmroman10-regular]:+tlig;!
Missing character: There is no 운 (U+C6B4) in font [lmroman10-regular]:+tlig;!
Missing character: There is no 로 (U+B85C) in font [lmroman10-regular]:+tlig;!
Missing character: There is no 드 (U+B4DC) in font [lmroman10-regular]:+tlig;!
Missing character: There is no 접 (U+C811) in font [lmroman10-regular]:+tlig;!
Missing character: There is no 속 (U+C18D) in font [lmroman10-regular]:+tlig;!
Missing character: There is no 후 (U+D6C4) in font [lmroman10-regular]:+tlig;!
Missing character: There is no 다 (U+B2E4) in font [lmroman10-regular]:+tlig;!
Missing character: There is no 운 (U+C6B4) in font [lmroman10-regular]:+tlig;!
Missing character: There is no 로 (U+B85C) in font [lmroman10-regular]:+tlig;!
Missing character: There is no 드 (U+B4DC) in font [lmroman10-regular]:+tlig;!

Overfull \hbox (238.89075pt too wide) in paragraph at lines 388--391
[][][]\TU/lmr/m/n/10.95 Mini-conda In-staller page[][] 접󰀀속󰀀 후󰀀, 
mini-conda in-staller 다󰀀운󰀀로󰀀드󰀀 [] 
 []

Missing character: There is no 설 (U+C124) in font [lmroman10-regular]:+tlig;!
Missing character: There is no 치 (U+CE58) in font [lmroman10-regular]:+tlig;!
Missing character: There is no 파 (U+D30C) in font [lmroman10-regular]:+tlig;!
Missing character: There is no 일 (U+C77C) in font [lmroman10-regular]:+tlig;!
Missing character: There is no 을 (U+C744) in font [lmroman10-regular]:+tlig;!
Missing character: There is no 열 (U+C5F4) in font [lmroman10-regular]:+tlig;!
Missing character: There is no 기 (U+AE30) in font [lmroman10-regular]:+tlig;!
Missing character: There is no 아 (U+C544) in font [lmroman10-regular]:+tlig;!
Missing character: There is no 래 (U+B798) in font [lmroman10-regular]:+tlig;!
Missing character: There is no 의 (U+C758) in font [lmroman10-regular]:+tlig;!
Missing character: There is no 그 (U+ADF8) in font [lmroman10-regular]:+tlig;!
Missing character: There is no 림 (U+B9BC) in font [lmroman10-regular]:+tlig;!
Missing character: There is no 과 (U+ACFC) in font [lmroman10-regular]:+tlig;!
Missing character: There is no 지 (U+C9C0) in font [lmroman10-regular]:+tlig;!
Missing character: There is no 시 (U+C2DC) in font [lmroman10-regular]:+tlig;!
Missing character: There is no 사 (U+C0AC) in font [lmroman10-regular]:+tlig;!
Missing character: There is no 항 (U+D56D) in font [lmroman10-regular]:+tlig;!
Missing character: There is no 에 (U+C5D0) in font [lmroman10-regular]:+tlig;!
Missing character: There is no 따 (U+B530) in font [lmroman10-regular]:+tlig;!
Missing character: There is no 라 (U+B77C) in font [lmroman10-regular]:+tlig;!
Missing character: There is no 진 (U+C9C4) in font [lmroman10-regular]:+tlig;!
Missing character: There is no 행 (U+D589) in font [lmroman10-regular]:+tlig;!
Missing character: There is no 설 (U+C124) in font [lmroman10-regular]:+tlig;!
Missing character: There is no 치 (U+CE58) in font [lmroman10-regular]:+tlig;!
Missing character: There is no 파 (U+D30C) in font [lmroman10-regular]:+tlig;!
Missing character: There is no 일 (U+C77C) in font [lmroman10-regular]:+tlig;!
Missing character: There is no 을 (U+C744) in font [lmroman10-regular]:+tlig;!
Missing character: There is no 열 (U+C5F4) in font [lmroman10-regular]:+tlig;!
Missing character: There is no 기 (U+AE30) in font [lmroman10-regular]:+tlig;!
Missing character: There is no 아 (U+C544) in font [lmroman10-regular]:+tlig;!
Missing character: There is no 래 (U+B798) in font [lmroman10-regular]:+tlig;!
Missing character: There is no 의 (U+C758) in font [lmroman10-regular]:+tlig;!
Missing character: There is no 그 (U+ADF8) in font [lmroman10-regular]:+tlig;!
Missing character: There is no 림 (U+B9BC) in font [lmroman10-regular]:+tlig;!
Missing character: There is no 과 (U+ACFC) in font [lmroman10-regular]:+tlig;!
Missing character: There is no 지 (U+C9C0) in font [lmroman10-regular]:+tlig;!
Missing character: There is no 시 (U+C2DC) in font [lmroman10-regular]:+tlig;!
Missing character: There is no 사 (U+C0AC) in font [lmroman10-regular]:+tlig;!
Missing character: There is no 항 (U+D56D) in font [lmroman10-regular]:+tlig;!
Missing character: There is no 에 (U+C5D0) in font [lmroman10-regular]:+tlig;!
Missing character: There is no 따 (U+B530) in font [lmroman10-regular]:+tlig;!
Missing character: There is no 라 (U+B77C) in font [lmroman10-regular]:+tlig;!
Missing character: There is no 진 (U+C9C4) in font [lmroman10-regular]:+tlig;!
Missing character: There is no 행 (U+D589) in font [lmroman10-regular]:+tlig;!
Missing character: There is no 화 (U+D654) in font [lmroman10-regular]:+tlig;!
Missing character: There is no 면 (U+BA74) in font [lmroman10-regular]:+tlig;!
Missing character: There is no 에 (U+C5D0) in font [lmroman10-regular]:+tlig;!
Missing character: There is no 서 (U+C11C) in font [lmroman10-regular]:+tlig;!
Missing character: There is no 선 (U+C120) in font [lmroman10-regular]:+tlig;!
Missing character: There is no 택 (U+D0DD) in font [lmroman10-regular]:+tlig;!
Missing character: There is no 화 (U+D654) in font [lmroman10-regular]:+tlig;!
Missing character: There is no 면 (U+BA74) in font [lmroman10-regular]:+tlig;!
Missing character: There is no 에 (U+C5D0) in font [lmroman10-regular]:+tlig;!
Missing character: There is no 서 (U+C11C) in font [lmroman10-regular]:+tlig;!
Missing character: There is no 선 (U+C120) in font [lmroman10-regular]:+tlig;!
Missing character: There is no 택 (U+D0DD) in font [lmroman10-regular]:+tlig;!
Missing character: There is no 설 (U+C124) in font [lmroman10-regular]:+tlig;!
Missing character: There is no 치 (U+CE58) in font [lmroman10-regular]:+tlig;!
Missing character: There is no 폴 (U+D3F4) in font [lmroman10-regular]:+tlig;!
Missing character: There is no 더 (U+B354) in font [lmroman10-regular]:+tlig;!
Missing character: There is no 정 (U+C815) in font [lmroman10-regular]:+tlig;!
Missing character: There is no 하 (U+D558) in font [lmroman10-regular]:+tlig;!
Missing character: There is no 기 (U+AE30) in font [lmroman10-regular]:+tlig;!
Missing character: There is no 설 (U+C124) in font [lmroman10-regular]:+tlig;!
Missing character: There is no 치 (U+CE58) in font [lmroman10-regular]:+tlig;!
Missing character: There is no 폴 (U+D3F4) in font [lmroman10-regular]:+tlig;!
Missing character: There is no 더 (U+B354) in font [lmroman10-regular]:+tlig;!
Missing character: There is no 정 (U+C815) in font [lmroman10-regular]:+tlig;!
Missing character: There is no 하 (U+D558) in font [lmroman10-regular]:+tlig;!
Missing character: There is no 기 (U+AE30) in font [lmroman10-regular]:+tlig;!
Missing character: There is no 옆 (U+C606) in font [lmroman10-regular]:+tlig;!
Missing character: There is no 설 (U+C124) in font [lmroman10-regular]:+tlig;!
Missing character: There is no 치 (U+CE58) in font [lmroman10-regular]:+tlig;!
Missing character: There is no 폴 (U+D3F4) in font [lmroman10-regular]:+tlig;!
Missing character: There is no 더 (U+B354) in font [lmroman10-regular]:+tlig;!
Missing character: There is no 정 (U+C815) in font [lmroman10-regular]:+tlig;!
Missing character: There is no 하 (U+D558) in font [lmroman10-regular]:+tlig;!
Missing character: There is no 기 (U+AE30) in font [lmroman10-regular]:+tlig;!
Missing character: There is no 버 (U+BC84) in font [lmroman10-regular]:+tlig;!
Missing character: There is no 튼 (U+D2BC) in font [lmroman10-regular]:+tlig;!
Missing character: There is no 클 (U+D074) in font [lmroman10-regular]:+tlig;!
Missing character: There is no 릭 (U+B9AD) in font [lmroman10-regular]:+tlig;!
Missing character: There is no 옆 (U+C606) in font [lmroman10-regular]:+tlig;!
Missing character: There is no 설 (U+C124) in font [lmroman10-regular]:+tlig;!
Missing character: There is no 치 (U+CE58) in font [lmroman10-regular]:+tlig;!
Missing character: There is no 폴 (U+D3F4) in font [lmroman10-regular]:+tlig;!
Missing character: There is no 더 (U+B354) in font [lmroman10-regular]:+tlig;!
Missing character: There is no 정 (U+C815) in font [lmroman10-regular]:+tlig;!
Missing character: There is no 하 (U+D558) in font [lmroman10-regular]:+tlig;!
Missing character: There is no 기 (U+AE30) in font [lmroman10-regular]:+tlig;!
Missing character: There is no 버 (U+BC84) in font [lmroman10-regular]:+tlig;!
Missing character: There is no 튼 (U+D2BC) in font [lmroman10-regular]:+tlig;!
Missing character: There is no 클 (U+D074) in font [lmroman10-regular]:+tlig;!
Missing character: There is no 릭 (U+B9AD) in font [lmroman10-regular]:+tlig;!
Missing character: There is no 로 (U+B85C) in font [lmroman10-regular]:+tlig;!
Missing character: There is no 컬 (U+CEEC) in font [lmroman10-regular]:+tlig;!
Missing character: There is no 로 (U+B85C) in font [lmroman10-regular]:+tlig;!
Missing character: There is no 컬 (U+CEEC) in font [lmroman10-regular]:+tlig;!
Missing character: There is no 로 (U+B85C) in font [lmroman10-regular]:+tlig;!
Missing character: There is no 컬 (U+CEEC) in font [lmroman10-regular]:+tlig;!
Missing character: There is no 로 (U+B85C) in font [lmroman10-regular]:+tlig;!
Missing character: There is no 컬 (U+CEEC) in font [lmroman10-regular]:+tlig;!
Missing character: There is no 로 (U+B85C) in font [lmroman10-regular]:+tlig;!
Missing character: There is no 컬 (U+CEEC) in font [lmroman10-regular]:+tlig;!
Missing character: There is no 로 (U+B85C) in font [lmroman10-regular]:+tlig;!
Missing character: There is no 컬 (U+CEEC) in font [lmroman10-regular]:+tlig;!
Missing character: There is no 로 (U+B85C) in font [lmroman10-regular]:+tlig;!
Missing character: There is no 컬 (U+CEEC) in font [lmroman10-regular]:+tlig;!
Missing character: There is no 로 (U+B85C) in font [lmroman10-regular]:+tlig;!
Missing character: There is no 컬 (U+CEEC) in font [lmroman10-regular]:+tlig;!
Missing character: There is no 디 (U+B514) in font [lmroman10-regular]:+tlig;!
Missing character: There is no 스 (U+C2A4) in font [lmroman10-regular]:+tlig;!
Missing character: There is no 크 (U+D06C) in font [lmroman10-regular]:+tlig;!
Missing character: There is no 선 (U+C120) in font [lmroman10-regular]:+tlig;!
Missing character: There is no 택 (U+D0DD) in font [lmroman10-regular]:+tlig;!
Missing character: There is no 로 (U+B85C) in font [lmroman10-regular]:+tlig;!
Missing character: There is no 컬 (U+CEEC) in font [lmroman10-regular]:+tlig;!
Missing character: There is no 디 (U+B514) in font [lmroman10-regular]:+tlig;!
Missing character: There is no 스 (U+C2A4) in font [lmroman10-regular]:+tlig;!
Missing character: There is no 크 (U+D06C) in font [lmroman10-regular]:+tlig;!
Missing character: There is no 선 (U+C120) in font [lmroman10-regular]:+tlig;!
Missing character: There is no 택 (U+D0DD) in font [lmroman10-regular]:+tlig;!
Missing character: There is no 새 (U+C0C8) in font [lmroman10-regular]:+tlig;!
Missing character: There is no 폴 (U+D3F4) in font [lmroman10-regular]:+tlig;!
Missing character: There is no 새 (U+C0C8) in font [lmroman10-regular]:+tlig;!
Missing character: There is no 폴 (U+D3F4) in font [lmroman10-regular]:+tlig;!
Missing character: There is no 새 (U+C0C8) in font [lmroman10-regular]:+tlig;!
Missing character: There is no 폴 (U+D3F4) in font [lmroman10-regular]:+tlig;!
Missing character: There is no 새 (U+C0C8) in font [lmroman10-regular]:+tlig;!
Missing character: There is no 폴 (U+D3F4) in font [lmroman10-regular]:+tlig;!
Missing character: There is no 새 (U+C0C8) in font [lmroman10-regular]:+tlig;!
Missing character: There is no 폴 (U+D3F4) in font [lmroman10-regular]:+tlig;!
Missing character: There is no 새 (U+C0C8) in font [lmroman10-regular]:+tlig;!
Missing character: There is no 폴 (U+D3F4) in font [lmroman10-regular]:+tlig;!
Missing character: There is no 새 (U+C0C8) in font [lmroman10-regular]:+tlig;!
Missing character: There is no 폴 (U+D3F4) in font [lmroman10-regular]:+tlig;!
Missing character: There is no 새 (U+C0C8) in font [lmroman10-regular]:+tlig;!
Missing character: There is no 폴 (U+D3F4) in font [lmroman10-regular]:+tlig;!
Missing character: There is no 더 (U+B354) in font [lmroman10-regular]:+tlig;!
Missing character: There is no 만 (U+B9CC) in font [lmroman10-regular]:+tlig;!
Missing character: There is no 들 (U+B4E4) in font [lmroman10-regular]:+tlig;!
Missing character: There is no 기 (U+AE30) in font [lmroman10-regular]:+tlig;!
Missing character: There is no 선 (U+C120) in font [lmroman10-regular]:+tlig;!
Missing character: There is no 택 (U+D0DD) in font [lmroman10-regular]:+tlig;!
Missing character: There is no 새 (U+C0C8) in font [lmroman10-regular]:+tlig;!
Missing character: There is no 폴 (U+D3F4) in font [lmroman10-regular]:+tlig;!
Missing character: There is no 더 (U+B354) in font [lmroman10-regular]:+tlig;!
Missing character: There is no 만 (U+B9CC) in font [lmroman10-regular]:+tlig;!
Missing character: There is no 들 (U+B4E4) in font [lmroman10-regular]:+tlig;!
Missing character: There is no 기 (U+AE30) in font [lmroman10-regular]:+tlig;!
Missing character: There is no 선 (U+C120) in font [lmroman10-regular]:+tlig;!
Missing character: There is no 택 (U+D0DD) in font [lmroman10-regular]:+tlig;!
Missing character: There is no 새 (U+C0C8) in font [lmroman10-regular]:+tlig;!
Missing character: There is no 폴 (U+D3F4) in font [lmroman10-regular]:+tlig;!
Missing character: There is no 새 (U+C0C8) in font [lmroman10-regular]:+tlig;!
Missing character: There is no 폴 (U+D3F4) in font [lmroman10-regular]:+tlig;!
Missing character: There is no 새 (U+C0C8) in font [lmroman10-regular]:+tlig;!
Missing character: There is no 폴 (U+D3F4) in font [lmroman10-regular]:+tlig;!
Missing character: There is no 새 (U+C0C8) in font [lmroman10-regular]:+tlig;!
Missing character: There is no 폴 (U+D3F4) in font [lmroman10-regular]:+tlig;!
Missing character: There is no 새 (U+C0C8) in font [lmroman10-regular]:+tlig;!
Missing character: There is no 폴 (U+D3F4) in font [lmroman10-regular]:+tlig;!
Missing character: There is no 새 (U+C0C8) in font [lmroman10-regular]:+tlig;!
Missing character: There is no 폴 (U+D3F4) in font [lmroman10-regular]:+tlig;!
Missing character: There is no 새 (U+C0C8) in font [lmroman10-regular]:+tlig;!
Missing character: There is no 폴 (U+D3F4) in font [lmroman10-regular]:+tlig;!
Missing character: There is no 새 (U+C0C8) in font [lmroman10-regular]:+tlig;!
Missing character: There is no 폴 (U+D3F4) in font [lmroman10-regular]:+tlig;!
Missing character: There is no 더 (U+B354) in font [lmroman10-regular]:+tlig;!
Missing character: There is no 이 (U+C774) in font [lmroman10-regular]:+tlig;!
Missing character: There is no 름 (U+B984) in font [lmroman10-regular]:+tlig;!
Missing character: There is no 을 (U+C744) in font [lmroman10-regular]:+tlig;!
Missing character: There is no 로 (U+B85C) in font [lmroman10-regular]:+tlig;!
Missing character: There is no 입 (U+C785) in font [lmroman10-regular]:+tlig;!
Missing character: There is no 력 (U+B825) in font [lmroman10-regular]:+tlig;!
Missing character: There is no 새 (U+C0C8) in font [lmroman10-regular]:+tlig;!
Missing character: There is no 폴 (U+D3F4) in font [lmroman10-regular]:+tlig;!
Missing character: There is no 더 (U+B354) in font [lmroman10-regular]:+tlig;!
Missing character: There is no 이 (U+C774) in font [lmroman10-regular]:+tlig;!
Missing character: There is no 름 (U+B984) in font [lmroman10-regular]:+tlig;!
Missing character: There is no 을 (U+C744) in font [lmroman10-regular]:+tlig;!
Missing character: There is no 로 (U+B85C) in font [lmroman10-regular]:+tlig;!
Missing character: There is no 입 (U+C785) in font [lmroman10-regular]:+tlig;!
Missing character: There is no 력 (U+B825) in font [lmroman10-regular]:+tlig;!
Missing character: There is no 확 (U+D655) in font [lmroman10-regular]:+tlig;!
Missing character: There is no 인 (U+C778) in font [lmroman10-regular]:+tlig;!
Missing character: There is no 확 (U+D655) in font [lmroman10-regular]:+tlig;!
Missing character: There is no 인 (U+C778) in font [lmroman10-regular]:+tlig;!
Missing character: There is no 확 (U+D655) in font [lmroman10-regular]:+tlig;!
Missing character: There is no 인 (U+C778) in font [lmroman10-regular]:+tlig;!
Missing character: There is no 확 (U+D655) in font [lmroman10-regular]:+tlig;!
Missing character: There is no 인 (U+C778) in font [lmroman10-regular]:+tlig;!
Missing character: There is no 확 (U+D655) in font [lmroman10-regular]:+tlig;!
Missing character: There is no 인 (U+C778) in font [lmroman10-regular]:+tlig;!
Missing character: There is no 확 (U+D655) in font [lmroman10-regular]:+tlig;!
Missing character: There is no 인 (U+C778) in font [lmroman10-regular]:+tlig;!
Missing character: There is no 확 (U+D655) in font [lmroman10-regular]:+tlig;!
Missing character: There is no 인 (U+C778) in font [lmroman10-regular]:+tlig;!
Missing character: There is no 확 (U+D655) in font [lmroman10-regular]:+tlig;!
Missing character: There is no 인 (U+C778) in font [lmroman10-regular]:+tlig;!
Missing character: There is no 버 (U+BC84) in font [lmroman10-regular]:+tlig;!
Missing character: There is no 튼 (U+D2BC) in font [lmroman10-regular]:+tlig;!
Missing character: There is no 클 (U+D074) in font [lmroman10-regular]:+tlig;!
Missing character: There is no 릭 (U+B9AD) in font [lmroman10-regular]:+tlig;!
Missing character: There is no 확 (U+D655) in font [lmroman10-regular]:+tlig;!
Missing character: There is no 인 (U+C778) in font [lmroman10-regular]:+tlig;!
Missing character: There is no 버 (U+BC84) in font [lmroman10-regular]:+tlig;!
Missing character: There is no 튼 (U+D2BC) in font [lmroman10-regular]:+tlig;!
Missing character: There is no 클 (U+D074) in font [lmroman10-regular]:+tlig;!
Missing character: There is no 릭 (U+B9AD) in font [lmroman10-regular]:+tlig;!
Missing character: There is no 에 (U+C5D0) in font [lmroman10-regular]:+tlig;!
Missing character: There is no 서 (U+C11C) in font [lmroman10-regular]:+tlig;!
Missing character: There is no 체 (U+CCB4) in font [lmroman10-regular]:+tlig;!
Missing character: There is no 크 (U+D06C) in font [lmroman10-regular]:+tlig;!
Missing character: There is no 박 (U+BC15) in font [lmroman10-regular]:+tlig;!
Missing character: There is no 스 (U+C2A4) in font [lmroman10-regular]:+tlig;!
Missing character: There is no 선 (U+C120) in font [lmroman10-regular]:+tlig;!
Missing character: There is no 택 (U+D0DD) in font [lmroman10-regular]:+tlig;!
Missing character: There is no 에 (U+C5D0) in font [lmroman10-regular]:+tlig;!
Missing character: There is no 서 (U+C11C) in font [lmroman10-regular]:+tlig;!
Missing character: There is no 에 (U+C5D0) in font [lmroman10-regular]:+tlig;!
Missing character: There is no 서 (U+C11C) in font [lmroman10-regular]:+tlig;!
Missing character: There is no 체 (U+CCB4) in font [lmroman10-regular]:+tlig;!
Missing character: There is no 크 (U+D06C) in font [lmroman10-regular]:+tlig;!
Missing character: There is no 박 (U+BC15) in font [lmroman10-regular]:+tlig;!
Missing character: There is no 스 (U+C2A4) in font [lmroman10-regular]:+tlig;!
Missing character: There is no 선 (U+C120) in font [lmroman10-regular]:+tlig;!
Missing character: There is no 택 (U+D0DD) in font [lmroman10-regular]:+tlig;!
Missing character: There is no 설 (U+C124) in font [lmroman10-regular]:+tlig;!
Missing character: There is no 치 (U+CE58) in font [lmroman10-regular]:+tlig;!
Missing character: There is no 설 (U+C124) in font [lmroman10-regular]:+tlig;!
Missing character: There is no 치 (U+CE58) in font [lmroman10-regular]:+tlig;!
Missing character: There is no 설 (U+C124) in font [lmroman10-regular]:+tlig;!
Missing character: There is no 치 (U+CE58) in font [lmroman10-regular]:+tlig;!
Missing character: There is no 설 (U+C124) in font [lmroman10-regular]:+tlig;!
Missing character: There is no 치 (U+CE58) in font [lmroman10-regular]:+tlig;!
Missing character: There is no 설 (U+C124) in font [lmroman10-regular]:+tlig;!
Missing character: There is no 치 (U+CE58) in font [lmroman10-regular]:+tlig;!
Missing character: There is no 설 (U+C124) in font [lmroman10-regular]:+tlig;!
Missing character: There is no 치 (U+CE58) in font [lmroman10-regular]:+tlig;!
Missing character: There is no 설 (U+C124) in font [lmroman10-regular]:+tlig;!
Missing character: There is no 치 (U+CE58) in font [lmroman10-regular]:+tlig;!
Missing character: There is no 설 (U+C124) in font [lmroman10-regular]:+tlig;!
Missing character: There is no 치 (U+CE58) in font [lmroman10-regular]:+tlig;!
Missing character: There is no 완 (U+C644) in font [lmroman10-regular]:+tlig;!
Missing character: There is no 료 (U+B8CC) in font [lmroman10-regular]:+tlig;!
Missing character: There is no 후 (U+D6C4) in font [lmroman10-regular]:+tlig;!
Missing character: There is no 윈 (U+C708) in font [lmroman10-regular]:+tlig;!
Missing character: There is no 도 (U+B3C4) in font [lmroman10-regular]:+tlig;!
Missing character: There is no 우 (U+C6B0) in font [lmroman10-regular]:+tlig;!
Missing character: There is no 프 (U+D504) in font [lmroman10-regular]:+tlig;!
Missing character: There is no 로 (U+B85C) in font [lmroman10-regular]:+tlig;!
Missing character: There is no 그 (U+ADF8) in font [lmroman10-regular]:+tlig;!
Missing character: There is no 램 (U+B7A8) in font [lmroman10-regular]:+tlig;!
Missing character: There is no 창 (U+CC3D) in font [lmroman10-regular]:+tlig;!
Missing character: There is no 에 (U+C5D0) in font [lmroman10-regular]:+tlig;!
Missing character: There is no 서 (U+C11C) in font [lmroman10-regular]:+tlig;!
Missing character: There is no 찾 (U+CC3E) in font [lmroman10-regular]:+tlig;!
Missing character: There is no 아 (U+C544) in font [lmroman10-regular]:+tlig;!
Missing character: There is no 서 (U+C11C) in font [lmroman10-regular]:+tlig;!
Missing character: There is no 연 (U+C5F0) in font [lmroman10-regular]:+tlig;!
Missing character: There is no 후 (U+D6C4) in font [lmroman10-regular]:+tlig;!
Missing character: There is no 아 (U+C544) in font [lmroman10-regular]:+tlig;!
Missing character: There is no 래 (U+B798) in font [lmroman10-regular]:+tlig;!
Missing character: There is no 의 (U+C758) in font [lmroman10-regular]:+tlig;!
Missing character: There is no 명 (U+BA85) in font [lmroman10-regular]:+tlig;!
Missing character: There is no 령 (U+B839) in font [lmroman10-regular]:+tlig;!
Missing character: There is no 어 (U+C5B4) in font [lmroman10-regular]:+tlig;!
Missing character: There is no 입 (U+C785) in font [lmroman10-regular]:+tlig;!
Missing character: There is no 력 (U+B825) in font [lmroman10-regular]:+tlig;!
Missing character: There is no 설 (U+C124) in font [lmroman10-regular]:+tlig;!
Missing character: There is no 치 (U+CE58) in font [lmroman10-regular]:+tlig;!
Missing character: There is no 완 (U+C644) in font [lmroman10-regular]:+tlig;!
Missing character: There is no 료 (U+B8CC) in font [lmroman10-regular]:+tlig;!
Missing character: There is no 후 (U+D6C4) in font [lmroman10-regular]:+tlig;!
Missing character: There is no 윈 (U+C708) in font [lmroman10-regular]:+tlig;!
Missing character: There is no 도 (U+B3C4) in font [lmroman10-regular]:+tlig;!
Missing character: There is no 우 (U+C6B0) in font [lmroman10-regular]:+tlig;!
Missing character: There is no 프 (U+D504) in font [lmroman10-regular]:+tlig;!
Missing character: There is no 로 (U+B85C) in font [lmroman10-regular]:+tlig;!
Missing character: There is no 그 (U+ADF8) in font [lmroman10-regular]:+tlig;!
Missing character: There is no 램 (U+B7A8) in font [lmroman10-regular]:+tlig;!
Missing character: There is no 창 (U+CC3D) in font [lmroman10-regular]:+tlig;!
Missing character: There is no 에 (U+C5D0) in font [lmroman10-regular]:+tlig;!
Missing character: There is no 서 (U+C11C) in font [lmroman10-regular]:+tlig;!
Missing character: There is no 찾 (U+CC3E) in font [lmroman10-regular]:+tlig;!
Missing character: There is no 아 (U+C544) in font [lmroman10-regular]:+tlig;!
Missing character: There is no 서 (U+C11C) in font [lmroman10-regular]:+tlig;!
Missing character: There is no 연 (U+C5F0) in font [lmroman10-regular]:+tlig;!
Missing character: There is no 후 (U+D6C4) in font [lmroman10-regular]:+tlig;!
Missing character: There is no 아 (U+C544) in font [lmroman10-regular]:+tlig;!
Missing character: There is no 래 (U+B798) in font [lmroman10-regular]:+tlig;!
Missing character: There is no 의 (U+C758) in font [lmroman10-regular]:+tlig;!
Missing character: There is no 명 (U+BA85) in font [lmroman10-regular]:+tlig;!
Missing character: There is no 령 (U+B839) in font [lmroman10-regular]:+tlig;!
Missing character: There is no 어 (U+C5B4) in font [lmroman10-regular]:+tlig;!
Missing character: There is no 입 (U+C785) in font [lmroman10-regular]:+tlig;!
Missing character: There is no 력 (U+B825) in font [lmroman10-regular]:+tlig;!
Missing character: There is no 이 (U+C774) in font [lmroman10-regular]:+tlig;!
Missing character: There is no 이 (U+C774) in font [lmroman10-regular]:+tlig;!
Missing character: There is no 이 (U+C774) in font [lmroman10-regular]:+tlig;!
Missing character: There is no 이 (U+C774) in font [lmroman10-regular]:+tlig;!
Missing character: There is no 이 (U+C774) in font [lmroman10-regular]:+tlig;!
Missing character: There is no 이 (U+C774) in font [lmroman10-regular]:+tlig;!
Missing character: There is no 작 (U+C791) in font [lmroman10-regular]:+tlig;!
Missing character: There is no 업 (U+C5C5) in font [lmroman10-regular]:+tlig;!
Missing character: There is no 을 (U+C744) in font [lmroman10-regular]:+tlig;!
Missing character: There is no 하 (U+D558) in font [lmroman10-regular]:+tlig;!
Missing character: There is no 는 (U+B294) in font [lmroman10-regular]:+tlig;!
Missing character: There is no 이 (U+C774) in font [lmroman10-regular]:+tlig;!
Missing character: There is no 유 (U+C720) in font [lmroman10-regular]:+tlig;!
Missing character: There is no 는 (U+B294) in font [lmroman10-regular]:+tlig;!
Missing character: There is no 창 (U+CC3D) in font [lmroman10-regular]:+tlig;!
Missing character: There is no 에 (U+C5D0) in font [lmroman10-regular]:+tlig;!
Missing character: There is no 서 (U+C11C) in font [lmroman10-regular]:+tlig;!
Missing character: There is no 명 (U+BA85) in font [lmroman10-regular]:+tlig;!
Missing character: There is no 령 (U+B839) in font [lmroman10-regular]:+tlig;!
Missing character: There is no 어 (U+C5B4) in font [lmroman10-regular]:+tlig;!
Missing character: There is no 를 (U+B97C) in font [lmroman10-regular]:+tlig;!
Missing character: There is no 사 (U+C0AC) in font [lmroman10-regular]:+tlig;!
Missing character: There is no 용 (U+C6A9) in font [lmroman10-regular]:+tlig;!
Missing character: There is no 할 (U+D560) in font [lmroman10-regular]:+tlig;!
Missing character: There is no 수 (U+C218) in font [lmroman10-regular]:+tlig;!
Missing character: There is no 있 (U+C788) in font [lmroman10-regular]:+tlig;!
Missing character: There is no 게 (U+AC8C) in font [lmroman10-regular]:+tlig;!
Missing character: There is no 하 (U+D558) in font [lmroman10-regular]:+tlig;!
Missing character: There is no 기 (U+AE30) in font [lmroman10-regular]:+tlig;!
Missing character: There is no 위 (U+C704) in font [lmroman10-regular]:+tlig;!
Missing character: There is no 해 (U+D574) in font [lmroman10-regular]:+tlig;!
Missing character: There is no 서 (U+C11C) in font [lmroman10-regular]:+tlig;!
Missing character: There is no 입 (U+C785) in font [lmroman10-regular]:+tlig;!
Missing character: There is no 니 (U+B2C8) in font [lmroman10-regular]:+tlig;!
Missing character: There is no 다 (U+B2E4) in font [lmroman10-regular]:+tlig;!
Missing character: There is no 이 (U+C774) in font [lmroman10-regular]:+tlig;!
Missing character: There is no 작 (U+C791) in font [lmroman10-regular]:+tlig;!
Missing character: There is no 업 (U+C5C5) in font [lmroman10-regular]:+tlig;!
Missing character: There is no 을 (U+C744) in font [lmroman10-regular]:+tlig;!
Missing character: There is no 하 (U+D558) in font [lmroman10-regular]:+tlig;!
Missing character: There is no 는 (U+B294) in font [lmroman10-regular]:+tlig;!
Missing character: There is no 이 (U+C774) in font [lmroman10-regular]:+tlig;!
Missing character: There is no 유 (U+C720) in font [lmroman10-regular]:+tlig;!
Missing character: There is no 는 (U+B294) in font [lmroman10-regular]:+tlig;!
Missing character: There is no 창 (U+CC3D) in font [lmroman10-regular]:+tlig;!
Missing character: There is no 에 (U+C5D0) in font [lmroman10-regular]:+tlig;!
Missing character: There is no 서 (U+C11C) in font [lmroman10-regular]:+tlig;!
Missing character: There is no 명 (U+BA85) in font [lmroman10-regular]:+tlig;!
Missing character: There is no 령 (U+B839) in font [lmroman10-regular]:+tlig;!
Missing character: There is no 어 (U+C5B4) in font [lmroman10-regular]:+tlig;!
Missing character: There is no 를 (U+B97C) in font [lmroman10-regular]:+tlig;!
Missing character: There is no 사 (U+C0AC) in font [lmroman10-regular]:+tlig;!
Missing character: There is no 용 (U+C6A9) in font [lmroman10-regular]:+tlig;!
Missing character: There is no 할 (U+D560) in font [lmroman10-regular]:+tlig;!
Missing character: There is no 수 (U+C218) in font [lmroman10-regular]:+tlig;!
Missing character: There is no 있 (U+C788) in font [lmroman10-regular]:+tlig;!
Missing character: There is no 게 (U+AC8C) in font [lmroman10-regular]:+tlig;!
Missing character: There is no 하 (U+D558) in font [lmroman10-regular]:+tlig;!
Missing character: There is no 기 (U+AE30) in font [lmroman10-regular]:+tlig;!
Missing character: There is no 위 (U+C704) in font [lmroman10-regular]:+tlig;!
Missing character: There is no 해 (U+D574) in font [lmroman10-regular]:+tlig;!
Missing character: There is no 서 (U+C11C) in font [lmroman10-regular]:+tlig;!
Missing character: There is no 입 (U+C785) in font [lmroman10-regular]:+tlig;!
Missing character: There is no 니 (U+B2C8) in font [lmroman10-regular]:+tlig;!
Missing character: There is no 다 (U+B2E4) in font [lmroman10-regular]:+tlig;!


[10

Missing character: There is no 설 (U+C124) in font [lmsans10-bold]:+tlig;!
Missing character: There is no 치 (U+CE58) in font [lmsans10-bold]:+tlig;!
Missing character: There is no 윈 (U+C708) in font [lmsans10-bold]:+tlig;!
Missing character: There is no 도 (U+B3C4) in font [lmsans10-bold]:+tlig;!
Missing character: There is no 우 (U+C6B0) in font [lmsans10-bold]:+tlig;!
Missing character: There is no 설 (U+C124) in font [lmsans10-bold]:+tlig;!
Missing character: There is no 치 (U+CE58) in font [lmsans10-bold]:+tlig;!
Missing character: There is no 접 (U+C811) in font [lmroman10-regular]:+tlig;!
Missing character: There is no 속 (U+C18D) in font [lmroman10-regular]:+tlig;!
Missing character: There is no 후 (U+D6C4) in font [lmroman10-regular]:+tlig;!
Missing character: There is no 다 (U+B2E4) in font [lmroman10-regular]:+tlig;!
Missing character: There is no 운 (U+C6B4) in font [lmroman10-regular]:+tlig;!
Missing character: There is no 로 (U+B85C) in font [lmroman10-regular]:+tlig;!
Missing character: There is no 드 (U+B4DC) in font [lmroman10-regular]:+tlig;!
Missing character: There is no 설 (U+C124) in font [lmroman10-regular]:+tlig;!
Missing character: There is no 치 (U+CE58) in font [lmroman10-regular]:+tlig;!
Missing character: There is no 파 (U+D30C) in font [lmroman10-regular]:+tlig;!
Missing character: There is no 일 (U+C77C) in font [lmroman10-regular]:+tlig;!
Missing character: There is no 을 (U+C744) in font [lmroman10-regular]:+tlig;!
Missing character: There is no 열 (U+C5F4) in font [lmroman10-regular]:+tlig;!
Missing character: There is no 기 (U+AE30) in font [lmroman10-regular]:+tlig;!
Missing character: There is no 아 (U+C544) in font [lmroman10-regular]:+tlig;!
Missing character: There is no 래 (U+B798) in font [lmroman10-regular]:+tlig;!
Missing character: There is no 의 (U+C758) in font [lmroman10-regular]:+tlig;!
Missing character: There is no 그 (U+ADF8) in font [lmroman10-regular]:+tlig;!
Missing character: There is no 림 (U+B9BC) in font [lmroman10-regular]:+tlig;!
Missing character: There is no 과 (U+ACFC) in font [lmroman10-regular]:+tlig;!
Missing character: There is no 지 (U+C9C0) in font [lmroman10-regular]:+tlig;!
Missing character: There is no 시 (U+C2DC) in font [lmroman10-regular]:+tlig;!
Missing character: There is no 사 (U+C0AC) in font [lmroman10-regular]:+tlig;!
Missing character: There is no 항 (U+D56D) in font [lmroman10-regular]:+tlig;!
Missing character: There is no 에 (U+C5D0) in font [lmroman10-regular]:+tlig;!
Missing character: There is no 따 (U+B530) in font [lmroman10-regular]:+tlig;!
Missing character: There is no 라 (U+B77C) in font [lmroman10-regular]:+tlig;!
Missing character: There is no 진 (U+C9C4) in font [lmroman10-regular]:+tlig;!
Missing character: There is no 행 (U+D589) in font [lmroman10-regular]:+tlig;!
Missing character: There is no 화 (U+D654) in font [lmroman10-regular]:+tlig;!
Missing character: There is no 면 (U+BA74) in font [lmroman10-regular]:+tlig;!
Missing character: There is no 에 (U+C5D0) in font [lmroman10-regular]:+tlig;!
Missing character: There is no 서 (U+C11C) in font [lmroman10-regular]:+tlig;!
Missing character: There is no 선 (U+C120) in font [lmroman10-regular]:+tlig;!
Missing character: There is no 택 (U+D0DD) in font [lmroman10-regular]:+tlig;!
Missing character: There is no 설 (U+C124) in font [lmroman10-regular]:+tlig;!
Missing character: There is no 치 (U+CE58) in font [lmroman10-regular]:+tlig;!
Missing character: There is no 폴 (U+D3F4) in font [lmroman10-regular]:+tlig;!
Missing character: There is no 더 (U+B354) in font [lmroman10-regular]:+tlig;!
Missing character: There is no 정 (U+C815) in font [lmroman10-regular]:+tlig;!
Missing character: There is no 하 (U+D558) in font [lmroman10-regular]:+tlig;!
Missing character: There is no 기 (U+AE30) in font [lmroman10-regular]:+tlig;!
Missing character: There is no 옆 (U+C606) in font [lmroman10-regular]:+tlig;!
Missing character: There is no 설 (U+C124) in font [lmroman10-regular]:+tlig;!
Missing character: There is no 치 (U+CE58) in font [lmroman10-regular]:+tlig;!
Missing character: There is no 폴 (U+D3F4) in font [lmroman10-regular]:+tlig;!
Missing character: There is no 더 (U+B354) in font [lmroman10-regular]:+tlig;!
Missing character: There is no 정 (U+C815) in font [lmroman10-regular]:+tlig;!
Missing character: There is no 하 (U+D558) in font [lmroman10-regular]:+tlig;!
Missing character: There is no 기 (U+AE30) in font [lmroman10-regular]:+tlig;!
Missing character: There is no 버 (U+BC84) in font [lmroman10-regular]:+tlig;!
Missing character: There is no 튼 (U+D2BC) in font [lmroman10-regular]:+tlig;!
Missing character: There is no 클 (U+D074) in font [lmroman10-regular]:+tlig;!
Missing character: There is no 릭 (U+B9AD) in font [lmroman10-regular]:+tlig;!
Missing character: There is no 로 (U+B85C) in font [lmroman10-regular]:+tlig;!
Missing character: There is no 컬 (U+CEEC) in font [lmroman10-regular]:+tlig;!
Missing character: There is no 디 (U+B514) in font [lmroman10-regular]:+tlig;!
Missing character: There is no 스 (U+C2A4) in font [lmroman10-regular]:+tlig;!
Missing character: There is no 크 (U+D06C) in font [lmroman10-regular]:+tlig;!
Missing character: There is no 선 (U+C120) in font [lmroman10-regular]:+tlig;!
Missing character: There is no 택 (U+D0DD) in font [lmroman10-regular]:+tlig;!
Missing character: There is no 새 (U+C0C8) in font [lmroman10-regular]:+tlig;!
Missing character: There is no 폴 (U+D3F4) in font [lmroman10-regular]:+tlig;!
Missing character: There is no 더 (U+B354) in font [lmroman10-regular]:+tlig;!
Missing character: There is no 만 (U+B9CC) in font [lmroman10-regular]:+tlig;!
Missing character: There is no 들 (U+B4E4) in font [lmroman10-regular]:+tlig;!
Missing character: There is no 기 (U+AE30) in font [lmroman10-regular]:+tlig;!
Missing character: There is no 선 (U+C120) in font [lmroman10-regular]:+tlig;!
Missing character: There is no 택 (U+D0DD) in font [lmroman10-regular]:+tlig;!
Missing character: There is no 새 (U+C0C8) in font [lmroman10-regular]:+tlig;!
Missing character: There is no 폴 (U+D3F4) in font [lmroman10-regular]:+tlig;!
Missing character: There is no 더 (U+B354) in font [lmroman10-regular]:+tlig;!
Missing character: There is no 이 (U+C774) in font [lmroman10-regular]:+tlig;!
Missing character: There is no 름 (U+B984) in font [lmroman10-regular]:+tlig;!
Missing character: There is no 을 (U+C744) in font [lmroman10-regular]:+tlig;!
Missing character: There is no 로 (U+B85C) in font [lmroman10-regular]:+tlig;!
Missing character: There is no 입 (U+C785) in font [lmroman10-regular]:+tlig;!
Missing character: There is no 력 (U+B825) in font [lmroman10-regular]:+tlig;!
Missing character: There is no 확 (U+D655) in font [lmroman10-regular]:+tlig;!
Missing character: There is no 인 (U+C778) in font [lmroman10-regular]:+tlig;!
Missing character: There is no 버 (U+BC84) in font [lmroman10-regular]:+tlig;!
Missing character: There is no 튼 (U+D2BC) in font [lmroman10-regular]:+tlig;!
Missing character: There is no 클 (U+D074) in font [lmroman10-regular]:+tlig;!
Missing character: There is no 릭 (U+B9AD) in font [lmroman10-regular]:+tlig;!
Missing character: There is no 에 (U+C5D0) in font [lmroman10-regular]:+tlig;!
Missing character: There is no 서 (U+C11C) in font [lmroman10-regular]:+tlig;!
Missing character: There is no 체 (U+CCB4) in font [lmroman10-regular]:+tlig;!
Missing character: There is no 크 (U+D06C) in font [lmroman10-regular]:+tlig;!
Missing character: There is no 박 (U+BC15) in font [lmroman10-regular]:+tlig;!
Missing character: There is no 스 (U+C2A4) in font [lmroman10-regular]:+tlig;!
Missing character: There is no 선 (U+C120) in font [lmroman10-regular]:+tlig;!
Missing character: There is no 택 (U+D0DD) in font [lmroman10-regular]:+tlig;!
Missing character: There is no 설 (U+C124) in font [lmroman10-regular]:+tlig;!
Missing character: There is no 치 (U+CE58) in font [lmroman10-regular]:+tlig;!
Missing character: There is no 완 (U+C644) in font [lmroman10-regular]:+tlig;!
Missing character: There is no 료 (U+B8CC) in font [lmroman10-regular]:+tlig;!
Missing character: There is no 후 (U+D6C4) in font [lmroman10-regular]:+tlig;!
Missing character: There is no 윈 (U+C708) in font [lmroman10-regular]:+tlig;!
Missing character: There is no 도 (U+B3C4) in font [lmroman10-regular]:+tlig;!
Missing character: There is no 우 (U+C6B0) in font [lmroman10-regular]:+tlig;!
Missing character: There is no 프 (U+D504) in font [lmroman10-regular]:+tlig;!
Missing character: There is no 로 (U+B85C) in font [lmroman10-regular]:+tlig;!
Missing character: There is no 그 (U+ADF8) in font [lmroman10-regular]:+tlig;!
Missing character: There is no 램 (U+B7A8) in font [lmroman10-regular]:+tlig;!
Missing character: There is no 창 (U+CC3D) in font [lmroman10-regular]:+tlig;!
Missing character: There is no 에 (U+C5D0) in font [lmroman10-regular]:+tlig;!
Missing character: There is no 서 (U+C11C) in font [lmroman10-regular]:+tlig;!
Missing character: There is no 찾 (U+CC3E) in font [lmroman10-regular]:+tlig;!
Missing character: There is no 아 (U+C544) in font [lmroman10-regular]:+tlig;!
Missing character: There is no 서 (U+C11C) in font [lmroman10-regular]:+tlig;!
Missing character: There is no 연 (U+C5F0) in font [lmroman10-regular]:+tlig;!
Missing character: There is no 후 (U+D6C4) in font [lmroman10-regular]:+tlig;!
Missing character: There is no 아 (U+C544) in font [lmroman10-regular]:+tlig;!
Missing character: There is no 래 (U+B798) in font [lmroman10-regular]:+tlig;!
Missing character: There is no 의 (U+C758) in font [lmroman10-regular]:+tlig;!
Missing character: There is no 명 (U+BA85) in font [lmroman10-regular]:+tlig;!
Missing character: There is no 령 (U+B839) in font [lmroman10-regular]:+tlig;!
Missing character: There is no 어 (U+C5B4) in font [lmroman10-regular]:+tlig;!
Missing character: There is no 입 (U+C785) in font [lmroman10-regular]:+tlig;!
Missing character: There is no 력 (U+B825) in font [lmroman10-regular]:+tlig;!
<./image/install_miniconda_1.jpeg>]
<image/install_miniconda_2.jpeg, id=88, 462.528pt x 260.172pt>
File: image/install_miniconda_2.jpeg Graphic file (type jpg)
<use image/install_miniconda_2.jpeg>
Package luatex.def Info: image/install_miniconda_2.jpeg  used on input line 430
.
(luatex.def)             Requested size: 462.52686pt x 260.17134pt.
Missing character: There is no 윈 (U+C708) in font [lmroman10-regular]:+tlig;!
Missing character: There is no 도 (U+B3C4) in font [lmroman10-regular]:+tlig;!
Missing character: There is no 윈 (U+C708) in font [lmroman10-regular]:+tlig;!
Missing character: There is no 도 (U+B3C4) in font [lmroman10-regular]:+tlig;!
Missing character: There is no 윈 (U+C708) in font [lmroman10-regular]:+tlig;!
Missing character: There is no 도 (U+B3C4) in font [lmroman10-regular]:+tlig;!
Missing character: There is no 윈 (U+C708) in font [lmroman10-regular]:+tlig;!
Missing character: There is no 도 (U+B3C4) in font [lmroman10-regular]:+tlig;!
Missing character: There is no 윈 (U+C708) in font [lmroman10-regular]:+tlig;!
Missing character: There is no 도 (U+B3C4) in font [lmroman10-regular]:+tlig;!
Missing character: There is no 윈 (U+C708) in font [lmroman10-regular]:+tlig;!
Missing character: There is no 도 (U+B3C4) in font [lmroman10-regular]:+tlig;!
Missing character: There is no 윈 (U+C708) in font [lmroman10-regular]:+tlig;!
Missing character: There is no 도 (U+B3C4) in font [lmroman10-regular]:+tlig;!
Missing character: There is no 윈 (U+C708) in font [lmroman10-regular]:+tlig;!
Missing character: There is no 도 (U+B3C4) in font [lmroman10-regular]:+tlig;!
Missing character: There is no 우 (U+C6B0) in font [lmroman10-regular]:+tlig;!
Missing character: There is no 프 (U+D504) in font [lmroman10-regular]:+tlig;!
Missing character: There is no 로 (U+B85C) in font [lmroman10-regular]:+tlig;!
Missing character: There is no 그 (U+ADF8) in font [lmroman10-regular]:+tlig;!
Missing character: There is no 램 (U+B7A8) in font [lmroman10-regular]:+tlig;!
Missing character: There is no 창 (U+CC3D) in font [lmroman10-regular]:+tlig;!
Missing character: There is no 에 (U+C5D0) in font [lmroman10-regular]:+tlig;!
Missing character: There is no 입 (U+C785) in font [lmroman10-regular]:+tlig;!
Missing character: There is no 력 (U+B825) in font [lmroman10-regular]:+tlig;!
Missing character: There is no 관 (U+AD00) in font [lmroman10-regular]:+tlig;!
Missing character: There is no 리 (U+B9AC) in font [lmroman10-regular]:+tlig;!
Missing character: There is no 자 (U+C790) in font [lmroman10-regular]:+tlig;!
Missing character: There is no 권 (U+AD8C) in font [lmroman10-regular]:+tlig;!
Missing character: There is no 한 (U+D55C) in font [lmroman10-regular]:+tlig;!
Missing character: There is no 으 (U+C73C) in font [lmroman10-regular]:+tlig;!
Missing character: There is no 로 (U+B85C) in font [lmroman10-regular]:+tlig;!
Missing character: There is no 열 (U+C5F4) in font [lmroman10-regular]:+tlig;!
Missing character: There is no 기 (U+AE30) in font [lmroman10-regular]:+tlig;!
Missing character: There is no 클 (U+D074) in font [lmroman10-regular]:+tlig;!
Missing character: There is no 릭 (U+B9AD) in font [lmroman10-regular]:+tlig;!
Missing character: There is no 윈 (U+C708) in font [lmroman10-regular]:+tlig;!
Missing character: There is no 도 (U+B3C4) in font [lmroman10-regular]:+tlig;!
Missing character: There is no 우 (U+C6B0) in font [lmroman10-regular]:+tlig;!
Missing character: There is no 프 (U+D504) in font [lmroman10-regular]:+tlig;!
Missing character: There is no 로 (U+B85C) in font [lmroman10-regular]:+tlig;!
Missing character: There is no 그 (U+ADF8) in font [lmroman10-regular]:+tlig;!
Missing character: There is no 램 (U+B7A8) in font [lmroman10-regular]:+tlig;!
Missing character: There is no 창 (U+CC3D) in font [lmroman10-regular]:+tlig;!
Missing character: There is no 에 (U+C5D0) in font [lmroman10-regular]:+tlig;!
Missing character: There is no 입 (U+C785) in font [lmroman10-regular]:+tlig;!
Missing character: There is no 력 (U+B825) in font [lmroman10-regular]:+tlig;!
Missing character: There is no 관 (U+AD00) in font [lmroman10-regular]:+tlig;!
Missing character: There is no 리 (U+B9AC) in font [lmroman10-regular]:+tlig;!
Missing character: There is no 자 (U+C790) in font [lmroman10-regular]:+tlig;!
Missing character: There is no 권 (U+AD8C) in font [lmroman10-regular]:+tlig;!
Missing character: There is no 한 (U+D55C) in font [lmroman10-regular]:+tlig;!
Missing character: There is no 으 (U+C73C) in font [lmroman10-regular]:+tlig;!
Missing character: There is no 로 (U+B85C) in font [lmroman10-regular]:+tlig;!
Missing character: There is no 열 (U+C5F4) in font [lmroman10-regular]:+tlig;!
Missing character: There is no 기 (U+AE30) in font [lmroman10-regular]:+tlig;!
Missing character: There is no 클 (U+D074) in font [lmroman10-regular]:+tlig;!
Missing character: There is no 릭 (U+B9AD) in font [lmroman10-regular]:+tlig;!
<image/install_miniconda_3.jpeg, id=89, 240.9pt x 192.72pt>
File: image/install_miniconda_3.jpeg Graphic file (type jpg)
<use image/install_miniconda_3.jpeg>
Package luatex.def Info: image/install_miniconda_3.jpeg  used on input line 436
.
(luatex.def)             Requested size: 240.8994pt x 192.71951pt.
Missing character: There is no 창 (U+CC3D) in font [lmroman10-regular]:+tlig;!
Missing character: There is no 에 (U+C5D0) in font [lmroman10-regular]:+tlig;!
Missing character: There is no 아 (U+C544) in font [lmroman10-regular]:+tlig;!
Missing character: There is no 래 (U+B798) in font [lmroman10-regular]:+tlig;!
Missing character: There is no 의 (U+C758) in font [lmroman10-regular]:+tlig;!
Missing character: There is no 명 (U+BA85) in font [lmroman10-regular]:+tlig;!
Missing character: There is no 령 (U+B839) in font [lmroman10-regular]:+tlig;!
Missing character: There is no 어 (U+C5B4) in font [lmroman10-regular]:+tlig;!
Missing character: There is no 입 (U+C785) in font [lmroman10-regular]:+tlig;!
Missing character: There is no 력 (U+B825) in font [lmroman10-regular]:+tlig;!
Missing character: There is no 후 (U+D6C4) in font [lmroman10-regular]:+tlig;!
Missing character: There is no 다 (U+B2E4) in font [lmroman10-regular]:+tlig;!
Missing character: There is no 음 (U+C74C) in font [lmroman10-regular]:+tlig;!
Missing character: There is no 명 (U+BA85) in font [lmroman10-regular]:+tlig;!
Missing character: There is no 령 (U+B839) in font [lmroman10-regular]:+tlig;!
Missing character: There is no 줄 (U+C904) in font [lmroman10-regular]:+tlig;!
Missing character: There is no 앞 (U+C55E) in font [lmroman10-regular]:+tlig;!
Missing character: There is no 에 (U+C5D0) in font [lmroman10-regular]:+tlig;!
Missing character: There is no 가 (U+AC00) in font [lmroman10-regular]:+tlig;!
Missing character: There is no 아 (U+C544) in font [lmroman10-regular]:+tlig;!
Missing character: There is no 래 (U+B798) in font [lmroman10-regular]:+tlig;!
Missing character: There is no 그 (U+ADF8) in font [lmroman10-regular]:+tlig;!
Missing character: There is no 림 (U+B9BC) in font [lmroman10-regular]:+tlig;!
Missing character: There is no 과 (U+ACFC) in font [lmroman10-regular]:+tlig;!
Missing character: There is no 같 (U+AC19) in font [lmroman10-regular]:+tlig;!
Missing character: There is no 이 (U+C774) in font [lmroman10-regular]:+tlig;!
Missing character: There is no 뜨 (U+B728) in font [lmroman10-regular]:+tlig;!
Missing character: There is no 면 (U+BA74) in font [lmroman10-regular]:+tlig;!
Missing character: There is no 설 (U+C124) in font [lmroman10-regular]:+tlig;!
Missing character: There is no 치 (U+CE58) in font [lmroman10-regular]:+tlig;!
Missing character: There is no 성 (U+C131) in font [lmroman10-regular]:+tlig;!
Missing character: There is no 공 (U+ACF5) in font [lmroman10-regular]:+tlig;!
Missing character: There is no 창 (U+CC3D) in font [lmroman10-regular]:+tlig;!
Missing character: There is no 에 (U+C5D0) in font [lmroman10-regular]:+tlig;!
Missing character: There is no 아 (U+C544) in font [lmroman10-regular]:+tlig;!
Missing character: There is no 래 (U+B798) in font [lmroman10-regular]:+tlig;!
Missing character: There is no 의 (U+C758) in font [lmroman10-regular]:+tlig;!
Missing character: There is no 명 (U+BA85) in font [lmroman10-regular]:+tlig;!
Missing character: There is no 령 (U+B839) in font [lmroman10-regular]:+tlig;!
Missing character: There is no 어 (U+C5B4) in font [lmroman10-regular]:+tlig;!
Missing character: There is no 입 (U+C785) in font [lmroman10-regular]:+tlig;!
Missing character: There is no 력 (U+B825) in font [lmroman10-regular]:+tlig;!
Missing character: There is no 후 (U+D6C4) in font [lmroman10-regular]:+tlig;!
Missing character: There is no 다 (U+B2E4) in font [lmroman10-regular]:+tlig;!
Missing character: There is no 음 (U+C74C) in font [lmroman10-regular]:+tlig;!
Missing character: There is no 명 (U+BA85) in font [lmroman10-regular]:+tlig;!
Missing character: There is no 령 (U+B839) in font [lmroman10-regular]:+tlig;!
Missing character: There is no 줄 (U+C904) in font [lmroman10-regular]:+tlig;!
Missing character: There is no 앞 (U+C55E) in font [lmroman10-regular]:+tlig;!
Missing character: There is no 에 (U+C5D0) in font [lmroman10-regular]:+tlig;!
Missing character: There is no 가 (U+AC00) in font [lmroman10-regular]:+tlig;!
Missing character: There is no 아 (U+C544) in font [lmroman10-regular]:+tlig;!
Missing character: There is no 래 (U+B798) in font [lmroman10-regular]:+tlig;!
Missing character: There is no 그 (U+ADF8) in font [lmroman10-regular]:+tlig;!
Missing character: There is no 림 (U+B9BC) in font [lmroman10-regular]:+tlig;!
Missing character: There is no 과 (U+ACFC) in font [lmroman10-regular]:+tlig;!
Missing character: There is no 같 (U+AC19) in font [lmroman10-regular]:+tlig;!
Missing character: There is no 이 (U+C774) in font [lmroman10-regular]:+tlig;!
Missing character: There is no 뜨 (U+B728) in font [lmroman10-regular]:+tlig;!
Missing character: There is no 면 (U+BA74) in font [lmroman10-regular]:+tlig;!
Missing character: There is no 설 (U+C124) in font [lmroman10-regular]:+tlig;!
Missing character: There is no 치 (U+CE58) in font [lmroman10-regular]:+tlig;!
Missing character: There is no 성 (U+C131) in font [lmroman10-regular]:+tlig;!
Missing character: There is no 공 (U+ACF5) in font [lmroman10-regular]:+tlig;!
Missing character: There is no 창 (U+CC3D) in font [lmroman10-regular]:+tlig;!
Missing character: There is no 에 (U+C5D0) in font [lmroman10-regular]:+tlig;!
Missing character: There is no 아 (U+C544) in font [lmroman10-regular]:+tlig;!
Missing character: There is no 래 (U+B798) in font [lmroman10-regular]:+tlig;!
Missing character: There is no 의 (U+C758) in font [lmroman10-regular]:+tlig;!
Missing character: There is no 명 (U+BA85) in font [lmroman10-regular]:+tlig;!
Missing character: There is no 령 (U+B839) in font [lmroman10-regular]:+tlig;!
Missing character: There is no 어 (U+C5B4) in font [lmroman10-regular]:+tlig;!
Missing character: There is no 입 (U+C785) in font [lmroman10-regular]:+tlig;!
Missing character: There is no 력 (U+B825) in font [lmroman10-regular]:+tlig;!
Missing character: There is no 후 (U+D6C4) in font [lmroman10-regular]:+tlig;!
Missing character: There is no 다 (U+B2E4) in font [lmroman10-regular]:+tlig;!
Missing character: There is no 음 (U+C74C) in font [lmroman10-regular]:+tlig;!
Missing character: There is no 명 (U+BA85) in font [lmroman10-regular]:+tlig;!
Missing character: There is no 령 (U+B839) in font [lmroman10-regular]:+tlig;!
Missing character: There is no 줄 (U+C904) in font [lmroman10-regular]:+tlig;!
Missing character: There is no 앞 (U+C55E) in font [lmroman10-regular]:+tlig;!
Missing character: There is no 에 (U+C5D0) in font [lmroman10-regular]:+tlig;!
Missing character: There is no 가 (U+AC00) in font [lmroman10-regular]:+tlig;!
Missing character: There is no 아 (U+C544) in font [lmroman10-regular]:+tlig;!
Missing character: There is no 래 (U+B798) in font [lmroman10-regular]:+tlig;!
Missing character: There is no 그 (U+ADF8) in font [lmroman10-regular]:+tlig;!
Missing character: There is no 림 (U+B9BC) in font [lmroman10-regular]:+tlig;!
Missing character: There is no 과 (U+ACFC) in font [lmroman10-regular]:+tlig;!
Missing character: There is no 같 (U+AC19) in font [lmroman10-regular]:+tlig;!
Missing character: There is no 이 (U+C774) in font [lmroman10-regular]:+tlig;!
Missing character: There is no 뜨 (U+B728) in font [lmroman10-regular]:+tlig;!
Missing character: There is no 면 (U+BA74) in font [lmroman10-regular]:+tlig;!
Missing character: There is no 설 (U+C124) in font [lmroman10-regular]:+tlig;!
Missing character: There is no 치 (U+CE58) in font [lmroman10-regular]:+tlig;!
Missing character: There is no 성 (U+C131) in font [lmroman10-regular]:+tlig;!
Missing character: There is no 공 (U+ACF5) in font [lmroman10-regular]:+tlig;!
Missing character: There is no 창 (U+CC3D) in font [lmroman10-regular]:+tlig;!
Missing character: There is no 에 (U+C5D0) in font [lmroman10-regular]:+tlig;!
Missing character: There is no 아 (U+C544) in font [lmroman10-regular]:+tlig;!
Missing character: There is no 래 (U+B798) in font [lmroman10-regular]:+tlig;!
Missing character: There is no 의 (U+C758) in font [lmroman10-regular]:+tlig;!
Missing character: There is no 명 (U+BA85) in font [lmroman10-regular]:+tlig;!
Missing character: There is no 령 (U+B839) in font [lmroman10-regular]:+tlig;!
Missing character: There is no 어 (U+C5B4) in font [lmroman10-regular]:+tlig;!
Missing character: There is no 입 (U+C785) in font [lmroman10-regular]:+tlig;!
Missing character: There is no 력 (U+B825) in font [lmroman10-regular]:+tlig;!
Missing character: There is no 후 (U+D6C4) in font [lmroman10-regular]:+tlig;!
Missing character: There is no 다 (U+B2E4) in font [lmroman10-regular]:+tlig;!
Missing character: There is no 음 (U+C74C) in font [lmroman10-regular]:+tlig;!
Missing character: There is no 명 (U+BA85) in font [lmroman10-regular]:+tlig;!
Missing character: There is no 령 (U+B839) in font [lmroman10-regular]:+tlig;!
Missing character: There is no 줄 (U+C904) in font [lmroman10-regular]:+tlig;!
Missing character: There is no 앞 (U+C55E) in font [lmroman10-regular]:+tlig;!
Missing character: There is no 에 (U+C5D0) in font [lmroman10-regular]:+tlig;!
Missing character: There is no 가 (U+AC00) in font [lmroman10-regular]:+tlig;!
Missing character: There is no 아 (U+C544) in font [lmroman10-regular]:+tlig;!
Missing character: There is no 래 (U+B798) in font [lmroman10-regular]:+tlig;!
Missing character: There is no 그 (U+ADF8) in font [lmroman10-regular]:+tlig;!
Missing character: There is no 림 (U+B9BC) in font [lmroman10-regular]:+tlig;!
Missing character: There is no 과 (U+ACFC) in font [lmroman10-regular]:+tlig;!
Missing character: There is no 같 (U+AC19) in font [lmroman10-regular]:+tlig;!
Missing character: There is no 이 (U+C774) in font [lmroman10-regular]:+tlig;!
Missing character: There is no 뜨 (U+B728) in font [lmroman10-regular]:+tlig;!
Missing character: There is no 면 (U+BA74) in font [lmroman10-regular]:+tlig;!
Missing character: There is no 설 (U+C124) in font [lmroman10-regular]:+tlig;!
Missing character: There is no 치 (U+CE58) in font [lmroman10-regular]:+tlig;!
Missing character: There is no 성 (U+C131) in font [lmroman10-regular]:+tlig;!
Missing character: There is no 공 (U+ACF5) in font [lmroman10-regular]:+tlig;!
Missing character: There is no 창 (U+CC3D) in font [lmroman10-regular]:+tlig;!
Missing character: There is no 에 (U+C5D0) in font [lmroman10-regular]:+tlig;!
Missing character: There is no 아 (U+C544) in font [lmroman10-regular]:+tlig;!
Missing character: There is no 래 (U+B798) in font [lmroman10-regular]:+tlig;!
Missing character: There is no 의 (U+C758) in font [lmroman10-regular]:+tlig;!
Missing character: There is no 명 (U+BA85) in font [lmroman10-regular]:+tlig;!
Missing character: There is no 령 (U+B839) in font [lmroman10-regular]:+tlig;!
Missing character: There is no 어 (U+C5B4) in font [lmroman10-regular]:+tlig;!
Missing character: There is no 입 (U+C785) in font [lmroman10-regular]:+tlig;!
Missing character: There is no 력 (U+B825) in font [lmroman10-regular]:+tlig;!
Missing character: There is no 후 (U+D6C4) in font [lmroman10-regular]:+tlig;!
Missing character: There is no 다 (U+B2E4) in font [lmroman10-regular]:+tlig;!
Missing character: There is no 음 (U+C74C) in font [lmroman10-regular]:+tlig;!
Missing character: There is no 명 (U+BA85) in font [lmroman10-regular]:+tlig;!
Missing character: There is no 령 (U+B839) in font [lmroman10-regular]:+tlig;!
Missing character: There is no 줄 (U+C904) in font [lmroman10-regular]:+tlig;!
Missing character: There is no 앞 (U+C55E) in font [lmroman10-regular]:+tlig;!
Missing character: There is no 에 (U+C5D0) in font [lmroman10-regular]:+tlig;!
Missing character: There is no 가 (U+AC00) in font [lmroman10-regular]:+tlig;!
Missing character: There is no 아 (U+C544) in font [lmroman10-regular]:+tlig;!
Missing character: There is no 래 (U+B798) in font [lmroman10-regular]:+tlig;!
Missing character: There is no 그 (U+ADF8) in font [lmroman10-regular]:+tlig;!
Missing character: There is no 림 (U+B9BC) in font [lmroman10-regular]:+tlig;!
Missing character: There is no 과 (U+ACFC) in font [lmroman10-regular]:+tlig;!
Missing character: There is no 같 (U+AC19) in font [lmroman10-regular]:+tlig;!
Missing character: There is no 이 (U+C774) in font [lmroman10-regular]:+tlig;!
Missing character: There is no 뜨 (U+B728) in font [lmroman10-regular]:+tlig;!
Missing character: There is no 면 (U+BA74) in font [lmroman10-regular]:+tlig;!
Missing character: There is no 설 (U+C124) in font [lmroman10-regular]:+tlig;!
Missing character: There is no 치 (U+CE58) in font [lmroman10-regular]:+tlig;!
Missing character: There is no 성 (U+C131) in font [lmroman10-regular]:+tlig;!
Missing character: There is no 공 (U+ACF5) in font [lmroman10-regular]:+tlig;!

Overfull \hbox (58.85866pt too wide) in paragraph at lines 434--437
[]\TU/lmr/m/n/10.95 cmd 창󰀀에󰀀 아󰀀래󰀀의󰀀 명󰀀령󰀀어
󰀀 입󰀀력󰀀 후󰀀, 다󰀀음󰀀 명󰀀령󰀀줄󰀀 앞󰀀에
󰀀 (base)가󰀀 아󰀀래󰀀 그󰀀림󰀀과󰀀 같󰀀이󰀀 뜨󰀀
면󰀀 mini-conda 설󰀀치󰀀 성󰀀공󰀀 [] 
 []

Missing character: There is no 콘 (U+CF58) in font [lmsans10-bold]:+tlig;!
Missing character: There is no 다 (U+B2E4) in font [lmsans10-bold]:+tlig;!
Missing character: There is no 파 (U+D30C) in font [lmsans10-bold]:+tlig;!
Missing character: There is no 이 (U+C774) in font [lmsans10-bold]:+tlig;!
Missing character: There is no 썬 (U+C36C) in font [lmsans10-bold]:+tlig;!
Missing character: There is no 환 (U+D658) in font [lmsans10-bold]:+tlig;!
Missing character: There is no 경 (U+ACBD) in font [lmsans10-bold]:+tlig;!
Missing character: There is no 만 (U+B9CC) in font [lmsans10-bold]:+tlig;!
Missing character: There is no 들 (U+B4E4) in font [lmsans10-bold]:+tlig;!
Missing character: There is no 기 (U+AE30) in font [lmsans10-bold]:+tlig;!
Missing character: There is no 콘 (U+CF58) in font [lmsans10-bold]:+tlig;!
Missing character: There is no 다 (U+B2E4) in font [lmsans10-bold]:+tlig;!
Missing character: There is no 파 (U+D30C) in font [lmsans10-bold]:+tlig;!
Missing character: There is no 이 (U+C774) in font [lmsans10-bold]:+tlig;!
Missing character: There is no 썬 (U+C36C) in font [lmsans10-bold]:+tlig;!
Missing character: There is no 환 (U+D658) in font [lmsans10-bold]:+tlig;!
Missing character: There is no 경 (U+ACBD) in font [lmsans10-bold]:+tlig;!
Missing character: There is no 만 (U+B9CC) in font [lmsans10-bold]:+tlig;!
Missing character: There is no 들 (U+B4E4) in font [lmsans10-bold]:+tlig;!
Missing character: There is no 기 (U+AE30) in font [lmsans10-bold]:+tlig;!
Missing character: There is no 창 (U+CC3D) in font [lmroman10-regular]:+tlig;!
Missing character: There is no 열 (U+C5F4) in font [lmroman10-regular]:+tlig;!
Missing character: There is no 기 (U+AE30) in font [lmroman10-regular]:+tlig;!
Missing character: There is no 창 (U+CC3D) in font [lmroman10-regular]:+tlig;!
Missing character: There is no 열 (U+C5F4) in font [lmroman10-regular]:+tlig;!
Missing character: There is no 기 (U+AE30) in font [lmroman10-regular]:+tlig;!


[11
Missing character: There is no 이 (U+C774) in font [lmroman10-regular]:+tlig;!
Missing character: There is no 작 (U+C791) in font [lmroman10-regular]:+tlig;!
Missing character: There is no 업 (U+C5C5) in font [lmroman10-regular]:+tlig;!
Missing character: There is no 을 (U+C744) in font [lmroman10-regular]:+tlig;!
Missing character: There is no 하 (U+D558) in font [lmroman10-regular]:+tlig;!
Missing character: There is no 는 (U+B294) in font [lmroman10-regular]:+tlig;!
Missing character: There is no 이 (U+C774) in font [lmroman10-regular]:+tlig;!
Missing character: There is no 유 (U+C720) in font [lmroman10-regular]:+tlig;!
Missing character: There is no 는 (U+B294) in font [lmroman10-regular]:+tlig;!
Missing character: There is no 창 (U+CC3D) in font [lmroman10-regular]:+tlig;!
Missing character: There is no 에 (U+C5D0) in font [lmroman10-regular]:+tlig;!
Missing character: There is no 서 (U+C11C) in font [lmroman10-regular]:+tlig;!
Missing character: There is no 명 (U+BA85) in font [lmroman10-regular]:+tlig;!
Missing character: There is no 령 (U+B839) in font [lmroman10-regular]:+tlig;!
Missing character: There is no 어 (U+C5B4) in font [lmroman10-regular]:+tlig;!
Missing character: There is no 를 (U+B97C) in font [lmroman10-regular]:+tlig;!
Missing character: There is no 사 (U+C0AC) in font [lmroman10-regular]:+tlig;!
Missing character: There is no 용 (U+C6A9) in font [lmroman10-regular]:+tlig;!
Missing character: There is no 할 (U+D560) in font [lmroman10-regular]:+tlig;!
Missing character: There is no 수 (U+C218) in font [lmroman10-regular]:+tlig;!
Missing character: There is no 있 (U+C788) in font [lmroman10-regular]:+tlig;!
Missing character: There is no 게 (U+AC8C) in font [lmroman10-regular]:+tlig;!
Missing character: There is no 하 (U+D558) in font [lmroman10-regular]:+tlig;!
Missing character: There is no 기 (U+AE30) in font [lmroman10-regular]:+tlig;!
Missing character: There is no 위 (U+C704) in font [lmroman10-regular]:+tlig;!
Missing character: There is no 해 (U+D574) in font [lmroman10-regular]:+tlig;!
Missing character: There is no 서 (U+C11C) in font [lmroman10-regular]:+tlig;!
Missing character: There is no 입 (U+C785) in font [lmroman10-regular]:+tlig;!
Missing character: There is no 니 (U+B2C8) in font [lmroman10-regular]:+tlig;!
Missing character: There is no 다 (U+B2E4) in font [lmroman10-regular]:+tlig;!
Missing character: There is no 윈 (U+C708) in font [lmroman10-regular]:+tlig;!
Missing character: There is no 도 (U+B3C4) in font [lmroman10-regular]:+tlig;!
Missing character: There is no 우 (U+C6B0) in font [lmroman10-regular]:+tlig;!
Missing character: There is no 프 (U+D504) in font [lmroman10-regular]:+tlig;!
Missing character: There is no 로 (U+B85C) in font [lmroman10-regular]:+tlig;!
Missing character: There is no 그 (U+ADF8) in font [lmroman10-regular]:+tlig;!
Missing character: There is no 램 (U+B7A8) in font [lmroman10-regular]:+tlig;!
Missing character: There is no 창 (U+CC3D) in font [lmroman10-regular]:+tlig;!
Missing character: There is no 에 (U+C5D0) in font [lmroman10-regular]:+tlig;!
Missing character: There is no 입 (U+C785) in font [lmroman10-regular]:+tlig;!
Missing character: There is no 력 (U+B825) in font [lmroman10-regular]:+tlig;!
Missing character: There is no 관 (U+AD00) in font [lmroman10-regular]:+tlig;!
Missing character: There is no 리 (U+B9AC) in font [lmroman10-regular]:+tlig;!
Missing character: There is no 자 (U+C790) in font [lmroman10-regular]:+tlig;!
Missing character: There is no 권 (U+AD8C) in font [lmroman10-regular]:+tlig;!
Missing character: There is no 한 (U+D55C) in font [lmroman10-regular]:+tlig;!
Missing character: There is no 으 (U+C73C) in font [lmroman10-regular]:+tlig;!
Missing character: There is no 로 (U+B85C) in font [lmroman10-regular]:+tlig;!
Missing character: There is no 열 (U+C5F4) in font [lmroman10-regular]:+tlig;!
Missing character: There is no 기 (U+AE30) in font [lmroman10-regular]:+tlig;!
Missing character: There is no 클 (U+D074) in font [lmroman10-regular]:+tlig;!
Missing character: There is no 릭 (U+B9AD) in font [lmroman10-regular]:+tlig;!
Missing character: There is no 창 (U+CC3D) in font [lmroman10-regular]:+tlig;!
Missing character: There is no 에 (U+C5D0) in font [lmroman10-regular]:+tlig;!
Missing character: There is no 아 (U+C544) in font [lmroman10-regular]:+tlig;!
Missing character: There is no 래 (U+B798) in font [lmroman10-regular]:+tlig;!
Missing character: There is no 의 (U+C758) in font [lmroman10-regular]:+tlig;!
Missing character: There is no 명 (U+BA85) in font [lmroman10-regular]:+tlig;!
Missing character: There is no 령 (U+B839) in font [lmroman10-regular]:+tlig;!
Missing character: There is no 어 (U+C5B4) in font [lmroman10-regular]:+tlig;!
Missing character: There is no 입 (U+C785) in font [lmroman10-regular]:+tlig;!
Missing character: There is no 력 (U+B825) in font [lmroman10-regular]:+tlig;!
Missing character: There is no 후 (U+D6C4) in font [lmroman10-regular]:+tlig;!
Missing character: There is no 다 (U+B2E4) in font [lmroman10-regular]:+tlig;!
Missing character: There is no 음 (U+C74C) in font [lmroman10-regular]:+tlig;!
Missing character: There is no 명 (U+BA85) in font [lmroman10-regular]:+tlig;!
Missing character: There is no 령 (U+B839) in font [lmroman10-regular]:+tlig;!
Missing character: There is no 줄 (U+C904) in font [lmroman10-regular]:+tlig;!
Missing character: There is no 앞 (U+C55E) in font [lmroman10-regular]:+tlig;!
Missing character: There is no 에 (U+C5D0) in font [lmroman10-regular]:+tlig;!
Missing character: There is no 가 (U+AC00) in font [lmroman10-regular]:+tlig;!
Missing character: There is no 아 (U+C544) in font [lmroman10-regular]:+tlig;!
Missing character: There is no 래 (U+B798) in font [lmroman10-regular]:+tlig;!
Missing character: There is no 그 (U+ADF8) in font [lmroman10-regular]:+tlig;!
Missing character: There is no 림 (U+B9BC) in font [lmroman10-regular]:+tlig;!
Missing character: There is no 과 (U+ACFC) in font [lmroman10-regular]:+tlig;!
Missing character: There is no 같 (U+AC19) in font [lmroman10-regular]:+tlig;!
Missing character: There is no 이 (U+C774) in font [lmroman10-regular]:+tlig;!
Missing character: There is no 뜨 (U+B728) in font [lmroman10-regular]:+tlig;!
Missing character: There is no 면 (U+BA74) in font [lmroman10-regular]:+tlig;!
Missing character: There is no 설 (U+C124) in font [lmroman10-regular]:+tlig;!
Missing character: There is no 치 (U+CE58) in font [lmroman10-regular]:+tlig;!
Missing character: There is no 성 (U+C131) in font [lmroman10-regular]:+tlig;!
Missing character: There is no 공 (U+ACF5) in font [lmroman10-regular]:+tlig;!
<./image/install_miniconda_2.jpeg><./image/install_miniconda_3.jpeg>]
Missing character: There is no 전 (U+C804) in font [lmroman10-regular]:+tlig;!
Missing character: There is no 용 (U+C6A9) in font [lmroman10-regular]:+tlig;!
Missing character: There is no 환 (U+D658) in font [lmroman10-regular]:+tlig;!
Missing character: There is no 경 (U+ACBD) in font [lmroman10-regular]:+tlig;!
Missing character: There is no 을 (U+C744) in font [lmroman10-regular]:+tlig;!
Missing character: There is no 만 (U+B9CC) in font [lmroman10-regular]:+tlig;!
Missing character: There is no 들 (U+B4E4) in font [lmroman10-regular]:+tlig;!
Missing character: There is no 기 (U+AE30) in font [lmroman10-regular]:+tlig;!
Missing character: There is no 위 (U+C704) in font [lmroman10-regular]:+tlig;!
Missing character: There is no 해 (U+D574) in font [lmroman10-regular]:+tlig;!
Missing character: There is no 아 (U+C544) in font [lmroman10-regular]:+tlig;!
Missing character: There is no 래 (U+B798) in font [lmroman10-regular]:+tlig;!
Missing character: There is no 명 (U+BA85) in font [lmroman10-regular]:+tlig;!
Missing character: There is no 령 (U+B839) in font [lmroman10-regular]:+tlig;!
Missing character: There is no 어 (U+C5B4) in font [lmroman10-regular]:+tlig;!
Missing character: There is no 입 (U+C785) in font [lmroman10-regular]:+tlig;!
Missing character: There is no 력 (U+B825) in font [lmroman10-regular]:+tlig;!
Missing character: There is no 전 (U+C804) in font [lmroman10-regular]:+tlig;!
Missing character: There is no 용 (U+C6A9) in font [lmroman10-regular]:+tlig;!
Missing character: There is no 환 (U+D658) in font [lmroman10-regular]:+tlig;!
Missing character: There is no 경 (U+ACBD) in font [lmroman10-regular]:+tlig;!
Missing character: There is no 을 (U+C744) in font [lmroman10-regular]:+tlig;!
Missing character: There is no 만 (U+B9CC) in font [lmroman10-regular]:+tlig;!
Missing character: There is no 들 (U+B4E4) in font [lmroman10-regular]:+tlig;!
Missing character: There is no 기 (U+AE30) in font [lmroman10-regular]:+tlig;!
Missing character: There is no 위 (U+C704) in font [lmroman10-regular]:+tlig;!
Missing character: There is no 해 (U+D574) in font [lmroman10-regular]:+tlig;!
Missing character: There is no 아 (U+C544) in font [lmroman10-regular]:+tlig;!
Missing character: There is no 래 (U+B798) in font [lmroman10-regular]:+tlig;!
Missing character: There is no 명 (U+BA85) in font [lmroman10-regular]:+tlig;!
Missing character: There is no 령 (U+B839) in font [lmroman10-regular]:+tlig;!
Missing character: There is no 어 (U+C5B4) in font [lmroman10-regular]:+tlig;!
Missing character: There is no 입 (U+C785) in font [lmroman10-regular]:+tlig;!
Missing character: There is no 력 (U+B825) in font [lmroman10-regular]:+tlig;!
Missing character: There is no 환 (U+D658) in font [lmroman10-regular]:+tlig;!
Missing character: There is no 경 (U+ACBD) in font [lmroman10-regular]:+tlig;!
Missing character: There is no 환 (U+D658) in font [lmroman10-regular]:+tlig;!
Missing character: There is no 경 (U+ACBD) in font [lmroman10-regular]:+tlig;!
Missing character: There is no 환 (U+D658) in font [lmroman10-regular]:+tlig;!
Missing character: There is no 경 (U+ACBD) in font [lmroman10-regular]:+tlig;!
Missing character: There is no 환 (U+D658) in font [lmroman10-regular]:+tlig;!
Missing character: There is no 경 (U+ACBD) in font [lmroman10-regular]:+tlig;!
Missing character: There is no 환 (U+D658) in font [lmroman10-regular]:+tlig;!
Missing character: There is no 경 (U+ACBD) in font [lmroman10-regular]:+tlig;!
Missing character: There is no 환 (U+D658) in font [lmroman10-regular]:+tlig;!
Missing character: There is no 경 (U+ACBD) in font [lmroman10-regular]:+tlig;!
Missing character: There is no 환 (U+D658) in font [lmroman10-regular]:+tlig;!
Missing character: There is no 경 (U+ACBD) in font [lmroman10-regular]:+tlig;!
Missing character: There is no 환 (U+D658) in font [lmroman10-regular]:+tlig;!
Missing character: There is no 경 (U+ACBD) in font [lmroman10-regular]:+tlig;!
Missing character: There is no 명 (U+BA85) in font [lmroman10-regular]:+tlig;!
Missing character: There is no 환 (U+D658) in font [lmroman10-regular]:+tlig;!
Missing character: There is no 경 (U+ACBD) in font [lmroman10-regular]:+tlig;!
Missing character: There is no 명 (U+BA85) in font [lmroman10-regular]:+tlig;!
Missing character: There is no 파 (U+D30C) in font [lmroman10-regular]:+tlig;!
Missing character: There is no 이 (U+C774) in font [lmroman10-regular]:+tlig;!
Missing character: There is no 파 (U+D30C) in font [lmroman10-regular]:+tlig;!
Missing character: There is no 이 (U+C774) in font [lmroman10-regular]:+tlig;!
Missing character: There is no 파 (U+D30C) in font [lmroman10-regular]:+tlig;!
Missing character: There is no 이 (U+C774) in font [lmroman10-regular]:+tlig;!
Missing character: There is no 파 (U+D30C) in font [lmroman10-regular]:+tlig;!
Missing character: There is no 이 (U+C774) in font [lmroman10-regular]:+tlig;!
Missing character: There is no 파 (U+D30C) in font [lmroman10-regular]:+tlig;!
Missing character: There is no 이 (U+C774) in font [lmroman10-regular]:+tlig;!
Missing character: There is no 파 (U+D30C) in font [lmroman10-regular]:+tlig;!
Missing character: There is no 이 (U+C774) in font [lmroman10-regular]:+tlig;!
Missing character: There is no 파 (U+D30C) in font [lmroman10-regular]:+tlig;!
Missing character: There is no 이 (U+C774) in font [lmroman10-regular]:+tlig;!
Missing character: There is no 파 (U+D30C) in font [lmroman10-regular]:+tlig;!
Missing character: There is no 이 (U+C774) in font [lmroman10-regular]:+tlig;!
Missing character: There is no 썬 (U+C36C) in font [lmroman10-regular]:+tlig;!
Missing character: There is no 버 (U+BC84) in font [lmroman10-regular]:+tlig;!
Missing character: There is no 전 (U+C804) in font [lmroman10-regular]:+tlig;!
Missing character: There is no 파 (U+D30C) in font [lmroman10-regular]:+tlig;!
Missing character: There is no 이 (U+C774) in font [lmroman10-regular]:+tlig;!
Missing character: There is no 썬 (U+C36C) in font [lmroman10-regular]:+tlig;!
Missing character: There is no 버 (U+BC84) in font [lmroman10-regular]:+tlig;!
Missing character: There is no 전 (U+C804) in font [lmroman10-regular]:+tlig;!
Missing character: There is no 만 (U+B9CC) in font [lmroman10-regular]:+tlig;!
Missing character: There is no 약 (U+C57D) in font [lmroman10-regular]:+tlig;!
Missing character: There is no 만 (U+B9CC) in font [lmroman10-regular]:+tlig;!
Missing character: There is no 약 (U+C57D) in font [lmroman10-regular]:+tlig;!
Missing character: There is no 만 (U+B9CC) in font [lmroman10-regular]:+tlig;!
Missing character: There is no 약 (U+C57D) in font [lmroman10-regular]:+tlig;!
Missing character: There is no 만 (U+B9CC) in font [lmroman10-regular]:+tlig;!
Missing character: There is no 약 (U+C57D) in font [lmroman10-regular]:+tlig;!
Missing character: There is no 만 (U+B9CC) in font [lmroman10-regular]:+tlig;!
Missing character: There is no 약 (U+C57D) in font [lmroman10-regular]:+tlig;!
Missing character: There is no 만 (U+B9CC) in font [lmroman10-regular]:+tlig;!
Missing character: There is no 약 (U+C57D) in font [lmroman10-regular]:+tlig;!
Missing character: There is no 만 (U+B9CC) in font [lmroman10-regular]:+tlig;!
Missing character: There is no 약 (U+C57D) in font [lmroman10-regular]:+tlig;!
Missing character: There is no 만 (U+B9CC) in font [lmroman10-regular]:+tlig;!
Missing character: There is no 약 (U+C57D) in font [lmroman10-regular]:+tlig;!
Missing character: There is no 파 (U+D30C) in font [lmroman10-regular]:+tlig;!
Missing character: There is no 이 (U+C774) in font [lmroman10-regular]:+tlig;!
Missing character: There is no 썬 (U+C36C) in font [lmroman10-regular]:+tlig;!
Missing character: There is no 버 (U+BC84) in font [lmroman10-regular]:+tlig;!
Missing character: There is no 전 (U+C804) in font [lmroman10-regular]:+tlig;!
Missing character: There is no 에 (U+C5D0) in font [lmroman10-regular]:+tlig;!
Missing character: There is no 서 (U+C11C) in font [lmroman10-regular]:+tlig;!
Missing character: There is no 을 (U+C744) in font [lmroman10-regular]:+tlig;!
Missing character: There is no 쓰 (U+C4F0) in font [lmroman10-regular]:+tlig;!
Missing character: There is no 는 (U+B294) in font [lmroman10-regular]:+tlig;!
Missing character: There is no 데 (U+B370) in font [lmroman10-regular]:+tlig;!
Missing character: There is no 문 (U+BB38) in font [lmroman10-regular]:+tlig;!
Missing character: There is no 제 (U+C81C) in font [lmroman10-regular]:+tlig;!
Missing character: There is no 가 (U+AC00) in font [lmroman10-regular]:+tlig;!
Missing character: There is no 생 (U+C0DD) in font [lmroman10-regular]:+tlig;!
Missing character: There is no 긴 (U+AE34) in font [lmroman10-regular]:+tlig;!
Missing character: There is no 다 (U+B2E4) in font [lmroman10-regular]:+tlig;!
Missing character: There is no 면 (U+BA74) in font [lmroman10-regular]:+tlig;!
Missing character: There is no 버 (U+BC84) in font [lmroman10-regular]:+tlig;!
Missing character: There is no 전 (U+C804) in font [lmroman10-regular]:+tlig;!
Missing character: There is no 의 (U+C758) in font [lmroman10-regular]:+tlig;!
Missing character: There is no 새 (U+C0C8) in font [lmroman10-regular]:+tlig;!
Missing character: There is no 로 (U+B85C) in font [lmroman10-regular]:+tlig;!
Missing character: There is no 운 (U+C6B4) in font [lmroman10-regular]:+tlig;!
Missing character: There is no 환 (U+D658) in font [lmroman10-regular]:+tlig;!
Missing character: There is no 경 (U+ACBD) in font [lmroman10-regular]:+tlig;!
Missing character: There is no 을 (U+C744) in font [lmroman10-regular]:+tlig;!
Missing character: There is no 만 (U+B9CC) in font [lmroman10-regular]:+tlig;!
Missing character: There is no 들 (U+B4E4) in font [lmroman10-regular]:+tlig;!
Missing character: There is no 어 (U+C5B4) in font [lmroman10-regular]:+tlig;!
Missing character: There is no 서 (U+C11C) in font [lmroman10-regular]:+tlig;!
Missing character: There is no 사 (U+C0AC) in font [lmroman10-regular]:+tlig;!
Missing character: There is no 용 (U+C6A9) in font [lmroman10-regular]:+tlig;!
Missing character: There is no 하 (U+D558) in font [lmroman10-regular]:+tlig;!
Missing character: There is no 시 (U+C2DC) in font [lmroman10-regular]:+tlig;!
Missing character: There is no 면 (U+BA74) in font [lmroman10-regular]:+tlig;!
Missing character: There is no 됩 (U+B429) in font [lmroman10-regular]:+tlig;!
Missing character: There is no 니 (U+B2C8) in font [lmroman10-regular]:+tlig;!
Missing character: There is no 다 (U+B2E4) in font [lmroman10-regular]:+tlig;!
Missing character: There is no 만 (U+B9CC) in font [lmroman10-regular]:+tlig;!
Missing character: There is no 약 (U+C57D) in font [lmroman10-regular]:+tlig;!
Missing character: There is no 파 (U+D30C) in font [lmroman10-regular]:+tlig;!
Missing character: There is no 이 (U+C774) in font [lmroman10-regular]:+tlig;!
Missing character: There is no 썬 (U+C36C) in font [lmroman10-regular]:+tlig;!
Missing character: There is no 버 (U+BC84) in font [lmroman10-regular]:+tlig;!
Missing character: There is no 전 (U+C804) in font [lmroman10-regular]:+tlig;!
Missing character: There is no 에 (U+C5D0) in font [lmroman10-regular]:+tlig;!
Missing character: There is no 서 (U+C11C) in font [lmroman10-regular]:+tlig;!
Missing character: There is no 을 (U+C744) in font [lmroman10-regular]:+tlig;!
Missing character: There is no 쓰 (U+C4F0) in font [lmroman10-regular]:+tlig;!
Missing character: There is no 는 (U+B294) in font [lmroman10-regular]:+tlig;!
Missing character: There is no 데 (U+B370) in font [lmroman10-regular]:+tlig;!
Missing character: There is no 문 (U+BB38) in font [lmroman10-regular]:+tlig;!
Missing character: There is no 제 (U+C81C) in font [lmroman10-regular]:+tlig;!
Missing character: There is no 가 (U+AC00) in font [lmroman10-regular]:+tlig;!
Missing character: There is no 생 (U+C0DD) in font [lmroman10-regular]:+tlig;!
Missing character: There is no 긴 (U+AE34) in font [lmroman10-regular]:+tlig;!
Missing character: There is no 다 (U+B2E4) in font [lmroman10-regular]:+tlig;!
Missing character: There is no 면 (U+BA74) in font [lmroman10-regular]:+tlig;!
Missing character: There is no 버 (U+BC84) in font [lmroman10-regular]:+tlig;!
Missing character: There is no 전 (U+C804) in font [lmroman10-regular]:+tlig;!
Missing character: There is no 의 (U+C758) in font [lmroman10-regular]:+tlig;!
Missing character: There is no 새 (U+C0C8) in font [lmroman10-regular]:+tlig;!
Missing character: There is no 로 (U+B85C) in font [lmroman10-regular]:+tlig;!
Missing character: There is no 운 (U+C6B4) in font [lmroman10-regular]:+tlig;!
Missing character: There is no 환 (U+D658) in font [lmroman10-regular]:+tlig;!
Missing character: There is no 경 (U+ACBD) in font [lmroman10-regular]:+tlig;!
Missing character: There is no 을 (U+C744) in font [lmroman10-regular]:+tlig;!
Missing character: There is no 만 (U+B9CC) in font [lmroman10-regular]:+tlig;!
Missing character: There is no 들 (U+B4E4) in font [lmroman10-regular]:+tlig;!
Missing character: There is no 어 (U+C5B4) in font [lmroman10-regular]:+tlig;!
Missing character: There is no 서 (U+C11C) in font [lmroman10-regular]:+tlig;!
Missing character: There is no 사 (U+C0AC) in font [lmroman10-regular]:+tlig;!
Missing character: There is no 용 (U+C6A9) in font [lmroman10-regular]:+tlig;!
Missing character: There is no 하 (U+D558) in font [lmroman10-regular]:+tlig;!
Missing character: There is no 시 (U+C2DC) in font [lmroman10-regular]:+tlig;!
Missing character: There is no 면 (U+BA74) in font [lmroman10-regular]:+tlig;!
Missing character: There is no 됩 (U+B429) in font [lmroman10-regular]:+tlig;!
Missing character: There is no 니 (U+B2C8) in font [lmroman10-regular]:+tlig;!
Missing character: There is no 다 (U+B2E4) in font [lmroman10-regular]:+tlig;!
<image/install_miniconda_4.png, id=97, 269.5671pt x 156.3441pt>
File: image/install_miniconda_4.png Graphic file (type png)
<use image/install_miniconda_4.png>
Package luatex.def Info: image/install_miniconda_4.png  used on input line 468.

(luatex.def)             Requested size: 269.56644pt x 156.3437pt.
Missing character: There is no 명 (U+BA85) in font [lmroman10-regular]:+tlig;!
Missing character: There is no 령 (U+B839) in font [lmroman10-regular]:+tlig;!
Missing character: There is no 명 (U+BA85) in font [lmroman10-regular]:+tlig;!
Missing character: There is no 령 (U+B839) in font [lmroman10-regular]:+tlig;!
Missing character: There is no 명 (U+BA85) in font [lmroman10-regular]:+tlig;!
Missing character: There is no 령 (U+B839) in font [lmroman10-regular]:+tlig;!
Missing character: There is no 명 (U+BA85) in font [lmroman10-regular]:+tlig;!
Missing character: There is no 령 (U+B839) in font [lmroman10-regular]:+tlig;!
Missing character: There is no 명 (U+BA85) in font [lmroman10-regular]:+tlig;!
Missing character: There is no 령 (U+B839) in font [lmroman10-regular]:+tlig;!
Missing character: There is no 명 (U+BA85) in font [lmroman10-regular]:+tlig;!
Missing character: There is no 령 (U+B839) in font [lmroman10-regular]:+tlig;!
Missing character: There is no 명 (U+BA85) in font [lmroman10-regular]:+tlig;!
Missing character: There is no 령 (U+B839) in font [lmroman10-regular]:+tlig;!
Missing character: There is no 명 (U+BA85) in font [lmroman10-regular]:+tlig;!
Missing character: There is no 령 (U+B839) in font [lmroman10-regular]:+tlig;!
Missing character: There is no 어 (U+C5B4) in font [lmroman10-regular]:+tlig;!
Missing character: There is no 입 (U+C785) in font [lmroman10-regular]:+tlig;!
Missing character: There is no 력 (U+B825) in font [lmroman10-regular]:+tlig;!
Missing character: There is no 하 (U+D558) in font [lmroman10-regular]:+tlig;!
Missing character: There is no 여 (U+C5EC) in font [lmroman10-regular]:+tlig;!
Missing character: There is no 활 (U+D65C) in font [lmroman10-regular]:+tlig;!
Missing character: There is no 성 (U+C131) in font [lmroman10-regular]:+tlig;!
Missing character: There is no 화 (U+D654) in font [lmroman10-regular]:+tlig;!
Missing character: There is no 하 (U+D558) in font [lmroman10-regular]:+tlig;!
Missing character: There is no 기 (U+AE30) in font [lmroman10-regular]:+tlig;!
Missing character: There is no 명 (U+BA85) in font [lmroman10-regular]:+tlig;!
Missing character: There is no 령 (U+B839) in font [lmroman10-regular]:+tlig;!
Missing character: There is no 어 (U+C5B4) in font [lmroman10-regular]:+tlig;!
Missing character: There is no 입 (U+C785) in font [lmroman10-regular]:+tlig;!
Missing character: There is no 력 (U+B825) in font [lmroman10-regular]:+tlig;!
Missing character: There is no 하 (U+D558) in font [lmroman10-regular]:+tlig;!
Missing character: There is no 여 (U+C5EC) in font [lmroman10-regular]:+tlig;!
Missing character: There is no 활 (U+D65C) in font [lmroman10-regular]:+tlig;!
Missing character: There is no 성 (U+C131) in font [lmroman10-regular]:+tlig;!
Missing character: There is no 화 (U+D654) in font [lmroman10-regular]:+tlig;!
Missing character: There is no 하 (U+D558) in font [lmroman10-regular]:+tlig;!
Missing character: There is no 기 (U+AE30) in font [lmroman10-regular]:+tlig;!
Missing character: There is no 아 (U+C544) in font [lmroman10-regular]:+tlig;!
Missing character: There is no 래 (U+B798) in font [lmroman10-regular]:+tlig;!
Missing character: There is no 아 (U+C544) in font [lmroman10-regular]:+tlig;!
Missing character: There is no 래 (U+B798) in font [lmroman10-regular]:+tlig;!
Missing character: There is no 아 (U+C544) in font [lmroman10-regular]:+tlig;!
Missing character: There is no 래 (U+B798) in font [lmroman10-regular]:+tlig;!
Missing character: There is no 아 (U+C544) in font [lmroman10-regular]:+tlig;!
Missing character: There is no 래 (U+B798) in font [lmroman10-regular]:+tlig;!
Missing character: There is no 아 (U+C544) in font [lmroman10-regular]:+tlig;!
Missing character: There is no 래 (U+B798) in font [lmroman10-regular]:+tlig;!
Missing character: There is no 아 (U+C544) in font [lmroman10-regular]:+tlig;!
Missing character: There is no 래 (U+B798) in font [lmroman10-regular]:+tlig;!
Missing character: There is no 아 (U+C544) in font [lmroman10-regular]:+tlig;!
Missing character: There is no 래 (U+B798) in font [lmroman10-regular]:+tlig;!
Missing character: There is no 아 (U+C544) in font [lmroman10-regular]:+tlig;!
Missing character: There is no 래 (U+B798) in font [lmroman10-regular]:+tlig;!
Missing character: There is no 명 (U+BA85) in font [lmroman10-regular]:+tlig;!
Missing character: There is no 령 (U+B839) in font [lmroman10-regular]:+tlig;!
Missing character: There is no 어 (U+C5B4) in font [lmroman10-regular]:+tlig;!
Missing character: There is no 입 (U+C785) in font [lmroman10-regular]:+tlig;!
Missing character: There is no 력 (U+B825) in font [lmroman10-regular]:+tlig;!
Missing character: There is no 후 (U+D6C4) in font [lmroman10-regular]:+tlig;!
Missing character: There is no 나 (U+B098) in font [lmroman10-regular]:+tlig;!
Missing character: There is no 오 (U+C624) in font [lmroman10-regular]:+tlig;!
Missing character: There is no 는 (U+B294) in font [lmroman10-regular]:+tlig;!
Missing character: There is no 다 (U+B2E4) in font [lmroman10-regular]:+tlig;!
Missing character: There is no 음 (U+C74C) in font [lmroman10-regular]:+tlig;!
Missing character: There is no 명 (U+BA85) in font [lmroman10-regular]:+tlig;!
Missing character: There is no 령 (U+B839) in font [lmroman10-regular]:+tlig;!
Missing character: There is no 줄 (U+C904) in font [lmroman10-regular]:+tlig;!
Missing character: There is no 앞 (U+C55E) in font [lmroman10-regular]:+tlig;!
Missing character: There is no 에 (U+C5D0) in font [lmroman10-regular]:+tlig;!
Missing character: There is no 가 (U+AC00) in font [lmroman10-regular]:+tlig;!
Missing character: There is no 나 (U+B098) in font [lmroman10-regular]:+tlig;!
Missing character: There is no 오 (U+C624) in font [lmroman10-regular]:+tlig;!
Missing character: There is no 면 (U+BA74) in font [lmroman10-regular]:+tlig;!
Missing character: There is no 환 (U+D658) in font [lmroman10-regular]:+tlig;!
Missing character: There is no 경 (U+ACBD) in font [lmroman10-regular]:+tlig;!
Missing character: There is no 이 (U+C774) in font [lmroman10-regular]:+tlig;!
Missing character: There is no 정 (U+C815) in font [lmroman10-regular]:+tlig;!
Missing character: There is no 상 (U+C0C1) in font [lmroman10-regular]:+tlig;!
Missing character: There is no 적 (U+C801) in font [lmroman10-regular]:+tlig;!
Missing character: There is no 으 (U+C73C) in font [lmroman10-regular]:+tlig;!
Missing character: There is no 로 (U+B85C) in font [lmroman10-regular]:+tlig;!
Missing character: There is no 생 (U+C0DD) in font [lmroman10-regular]:+tlig;!
Missing character: There is no 성 (U+C131) in font [lmroman10-regular]:+tlig;!
Missing character: There is no 된 (U+B41C) in font [lmroman10-regular]:+tlig;!
Missing character: There is no 것 (U+AC83) in font [lmroman10-regular]:+tlig;!
Missing character: There is no 입 (U+C785) in font [lmroman10-regular]:+tlig;!
Missing character: There is no 니 (U+B2C8) in font [lmroman10-regular]:+tlig;!
Missing character: There is no 다 (U+B2E4) in font [lmroman10-regular]:+tlig;!
Missing character: There is no 아 (U+C544) in font [lmroman10-regular]:+tlig;!
Missing character: There is no 래 (U+B798) in font [lmroman10-regular]:+tlig;!
Missing character: There is no 명 (U+BA85) in font [lmroman10-regular]:+tlig;!
Missing character: There is no 령 (U+B839) in font [lmroman10-regular]:+tlig;!
Missing character: There is no 어 (U+C5B4) in font [lmroman10-regular]:+tlig;!
Missing character: There is no 입 (U+C785) in font [lmroman10-regular]:+tlig;!
Missing character: There is no 력 (U+B825) in font [lmroman10-regular]:+tlig;!
Missing character: There is no 후 (U+D6C4) in font [lmroman10-regular]:+tlig;!
Missing character: There is no 나 (U+B098) in font [lmroman10-regular]:+tlig;!
Missing character: There is no 오 (U+C624) in font [lmroman10-regular]:+tlig;!
Missing character: There is no 는 (U+B294) in font [lmroman10-regular]:+tlig;!
Missing character: There is no 다 (U+B2E4) in font [lmroman10-regular]:+tlig;!
Missing character: There is no 음 (U+C74C) in font [lmroman10-regular]:+tlig;!
Missing character: There is no 명 (U+BA85) in font [lmroman10-regular]:+tlig;!
Missing character: There is no 령 (U+B839) in font [lmroman10-regular]:+tlig;!
Missing character: There is no 줄 (U+C904) in font [lmroman10-regular]:+tlig;!
Missing character: There is no 앞 (U+C55E) in font [lmroman10-regular]:+tlig;!
Missing character: There is no 에 (U+C5D0) in font [lmroman10-regular]:+tlig;!
Missing character: There is no 가 (U+AC00) in font [lmroman10-regular]:+tlig;!
Missing character: There is no 나 (U+B098) in font [lmroman10-regular]:+tlig;!
Missing character: There is no 오 (U+C624) in font [lmroman10-regular]:+tlig;!
Missing character: There is no 면 (U+BA74) in font [lmroman10-regular]:+tlig;!
Missing character: There is no 환 (U+D658) in font [lmroman10-regular]:+tlig;!
Missing character: There is no 경 (U+ACBD) in font [lmroman10-regular]:+tlig;!
Missing character: There is no 이 (U+C774) in font [lmroman10-regular]:+tlig;!
Missing character: There is no 정 (U+C815) in font [lmroman10-regular]:+tlig;!
Missing character: There is no 상 (U+C0C1) in font [lmroman10-regular]:+tlig;!
Missing character: There is no 적 (U+C801) in font [lmroman10-regular]:+tlig;!
Missing character: There is no 으 (U+C73C) in font [lmroman10-regular]:+tlig;!
Missing character: There is no 로 (U+B85C) in font [lmroman10-regular]:+tlig;!
Missing character: There is no 생 (U+C0DD) in font [lmroman10-regular]:+tlig;!
Missing character: There is no 성 (U+C131) in font [lmroman10-regular]:+tlig;!
Missing character: There is no 된 (U+B41C) in font [lmroman10-regular]:+tlig;!
Missing character: There is no 것 (U+AC83) in font [lmroman10-regular]:+tlig;!
Missing character: There is no 입 (U+C785) in font [lmroman10-regular]:+tlig;!
Missing character: There is no 니 (U+B2C8) in font [lmroman10-regular]:+tlig;!
Missing character: There is no 다 (U+B2E4) in font [lmroman10-regular]:+tlig;!
Missing character: There is no 버 (U+BC84) in font [lmroman10-regular]:+tlig;!
Missing character: There is no 전 (U+C804) in font [lmroman10-regular]:+tlig;!
Missing character: There is no 확 (U+D655) in font [lmroman10-regular]:+tlig;!
Missing character: There is no 인 (U+C778) in font [lmroman10-regular]:+tlig;!
Missing character: There is no 하 (U+D558) in font [lmroman10-regular]:+tlig;!
Missing character: There is no 기 (U+AE30) in font [lmroman10-regular]:+tlig;!
Missing character: There is no 버 (U+BC84) in font [lmroman10-regular]:+tlig;!
Missing character: There is no 전 (U+C804) in font [lmroman10-regular]:+tlig;!
Missing character: There is no 확 (U+D655) in font [lmroman10-regular]:+tlig;!
Missing character: There is no 인 (U+C778) in font [lmroman10-regular]:+tlig;!
Missing character: There is no 하 (U+D558) in font [lmroman10-regular]:+tlig;!
Missing character: There is no 기 (U+AE30) in font [lmroman10-regular]:+tlig;!
Missing character: There is no 파 (U+D30C) in font [lmroman10-regular]:+tlig;!
Missing character: There is no 이 (U+C774) in font [lmroman10-regular]:+tlig;!
Missing character: There is no 파 (U+D30C) in font [lmroman10-regular]:+tlig;!
Missing character: There is no 이 (U+C774) in font [lmroman10-regular]:+tlig;!
Missing character: There is no 파 (U+D30C) in font [lmroman10-regular]:+tlig;!
Missing character: There is no 이 (U+C774) in font [lmroman10-regular]:+tlig;!
Missing character: There is no 파 (U+D30C) in font [lmroman10-regular]:+tlig;!
Missing character: There is no 이 (U+C774) in font [lmroman10-regular]:+tlig;!
Missing character: There is no 파 (U+D30C) in font [lmroman10-regular]:+tlig;!
Missing character: There is no 이 (U+C774) in font [lmroman10-regular]:+tlig;!
Missing character: There is no 파 (U+D30C) in font [lmroman10-regular]:+tlig;!
Missing character: There is no 이 (U+C774) in font [lmroman10-regular]:+tlig;!
Missing character: There is no 파 (U+D30C) in font [lmroman10-regular]:+tlig;!
Missing character: There is no 이 (U+C774) in font [lmroman10-regular]:+tlig;!
Missing character: There is no 파 (U+D30C) in font [lmroman10-regular]:+tlig;!
Missing character: There is no 이 (U+C774) in font [lmroman10-regular]:+tlig;!
Missing character: There is no 썬 (U+C36C) in font [lmroman10-regular]:+tlig;!
Missing character: There is no 버 (U+BC84) in font [lmroman10-regular]:+tlig;!
Missing character: There is no 전 (U+C804) in font [lmroman10-regular]:+tlig;!
Missing character: There is no 이 (U+C774) in font [lmroman10-regular]:+tlig;!
Missing character: There is no 나 (U+B098) in font [lmroman10-regular]:+tlig;!
Missing character: There is no 오 (U+C624) in font [lmroman10-regular]:+tlig;!
Missing character: There is no 면 (U+BA74) in font [lmroman10-regular]:+tlig;!
Missing character: There is no 환 (U+D658) in font [lmroman10-regular]:+tlig;!
Missing character: There is no 경 (U+ACBD) in font [lmroman10-regular]:+tlig;!
Missing character: There is no 에 (U+C5D0) in font [lmroman10-regular]:+tlig;!
Missing character: There is no 서 (U+C11C) in font [lmroman10-regular]:+tlig;!
Missing character: There is no 파 (U+D30C) in font [lmroman10-regular]:+tlig;!
Missing character: There is no 이 (U+C774) in font [lmroman10-regular]:+tlig;!
Missing character: There is no 썬 (U+C36C) in font [lmroman10-regular]:+tlig;!
Missing character: There is no 이 (U+C774) in font [lmroman10-regular]:+tlig;!
Missing character: There is no 정 (U+C815) in font [lmroman10-regular]:+tlig;!
Missing character: There is no 상 (U+C0C1) in font [lmroman10-regular]:+tlig;!
Missing character: There is no 적 (U+C801) in font [lmroman10-regular]:+tlig;!
Missing character: There is no 으 (U+C73C) in font [lmroman10-regular]:+tlig;!
Missing character: There is no 로 (U+B85C) in font [lmroman10-regular]:+tlig;!
Missing character: There is no 설 (U+C124) in font [lmroman10-regular]:+tlig;!
Missing character: There is no 치 (U+CE58) in font [lmroman10-regular]:+tlig;!
Missing character: There is no 된 (U+B41C) in font [lmroman10-regular]:+tlig;!
Missing character: There is no 것 (U+AC83) in font [lmroman10-regular]:+tlig;!
Missing character: There is no 입 (U+C785) in font [lmroman10-regular]:+tlig;!
Missing character: There is no 니 (U+B2C8) in font [lmroman10-regular]:+tlig;!
Missing character: There is no 다 (U+B2E4) in font [lmroman10-regular]:+tlig;!
Missing character: There is no 파 (U+D30C) in font [lmroman10-regular]:+tlig;!
Missing character: There is no 이 (U+C774) in font [lmroman10-regular]:+tlig;!
Missing character: There is no 썬 (U+C36C) in font [lmroman10-regular]:+tlig;!
Missing character: There is no 버 (U+BC84) in font [lmroman10-regular]:+tlig;!
Missing character: There is no 전 (U+C804) in font [lmroman10-regular]:+tlig;!
Missing character: There is no 이 (U+C774) in font [lmroman10-regular]:+tlig;!
Missing character: There is no 나 (U+B098) in font [lmroman10-regular]:+tlig;!
Missing character: There is no 오 (U+C624) in font [lmroman10-regular]:+tlig;!
Missing character: There is no 면 (U+BA74) in font [lmroman10-regular]:+tlig;!
Missing character: There is no 환 (U+D658) in font [lmroman10-regular]:+tlig;!
Missing character: There is no 경 (U+ACBD) in font [lmroman10-regular]:+tlig;!
Missing character: There is no 에 (U+C5D0) in font [lmroman10-regular]:+tlig;!
Missing character: There is no 서 (U+C11C) in font [lmroman10-regular]:+tlig;!
Missing character: There is no 파 (U+D30C) in font [lmroman10-regular]:+tlig;!
Missing character: There is no 이 (U+C774) in font [lmroman10-regular]:+tlig;!
Missing character: There is no 썬 (U+C36C) in font [lmroman10-regular]:+tlig;!
Missing character: There is no 이 (U+C774) in font [lmroman10-regular]:+tlig;!
Missing character: There is no 정 (U+C815) in font [lmroman10-regular]:+tlig;!
Missing character: There is no 상 (U+C0C1) in font [lmroman10-regular]:+tlig;!
Missing character: There is no 적 (U+C801) in font [lmroman10-regular]:+tlig;!
Missing character: There is no 으 (U+C73C) in font [lmroman10-regular]:+tlig;!
Missing character: There is no 로 (U+B85C) in font [lmroman10-regular]:+tlig;!
Missing character: There is no 설 (U+C124) in font [lmroman10-regular]:+tlig;!
Missing character: There is no 치 (U+CE58) in font [lmroman10-regular]:+tlig;!
Missing character: There is no 된 (U+B41C) in font [lmroman10-regular]:+tlig;!
Missing character: There is no 것 (U+AC83) in font [lmroman10-regular]:+tlig;!
Missing character: There is no 입 (U+C785) in font [lmroman10-regular]:+tlig;!
Missing character: There is no 니 (U+B2C8) in font [lmroman10-regular]:+tlig;!
Missing character: There is no 다 (U+B2E4) in font [lmroman10-regular]:+tlig;!
Missing character: There is no 아 (U+C544) in font [lmroman10-regular]:+tlig;!
Missing character: There is no 래 (U+B798) in font [lmroman10-regular]:+tlig;!
Missing character: There is no 아 (U+C544) in font [lmroman10-regular]:+tlig;!
Missing character: There is no 래 (U+B798) in font [lmroman10-regular]:+tlig;!
Missing character: There is no 아 (U+C544) in font [lmroman10-regular]:+tlig;!
Missing character: There is no 래 (U+B798) in font [lmroman10-regular]:+tlig;!
Missing character: There is no 아 (U+C544) in font [lmroman10-regular]:+tlig;!
Missing character: There is no 래 (U+B798) in font [lmroman10-regular]:+tlig;!
Missing character: There is no 아 (U+C544) in font [lmroman10-regular]:+tlig;!
Missing character: There is no 래 (U+B798) in font [lmroman10-regular]:+tlig;!
Missing character: There is no 아 (U+C544) in font [lmroman10-regular]:+tlig;!
Missing character: There is no 래 (U+B798) in font [lmroman10-regular]:+tlig;!
Missing character: There is no 아 (U+C544) in font [lmroman10-regular]:+tlig;!
Missing character: There is no 래 (U+B798) in font [lmroman10-regular]:+tlig;!
Missing character: There is no 아 (U+C544) in font [lmroman10-regular]:+tlig;!
Missing character: There is no 래 (U+B798) in font [lmroman10-regular]:+tlig;!
Missing character: There is no 명 (U+BA85) in font [lmroman10-regular]:+tlig;!
Missing character: There is no 령 (U+B839) in font [lmroman10-regular]:+tlig;!
Missing character: There is no 어 (U+C5B4) in font [lmroman10-regular]:+tlig;!
Missing character: There is no 를 (U+B97C) in font [lmroman10-regular]:+tlig;!
Missing character: There is no 입 (U+C785) in font [lmroman10-regular]:+tlig;!
Missing character: There is no 력 (U+B825) in font [lmroman10-regular]:+tlig;!
Missing character: There is no 하 (U+D558) in font [lmroman10-regular]:+tlig;!
Missing character: There is no 여 (U+C5EC) in font [lmroman10-regular]:+tlig;!
Missing character: There is no 에 (U+C5D0) in font [lmroman10-regular]:+tlig;!
Missing character: There is no 필 (U+D544) in font [lmroman10-regular]:+tlig;!
Missing character: There is no 요 (U+C694) in font [lmroman10-regular]:+tlig;!
Missing character: There is no 한 (U+D55C) in font [lmroman10-regular]:+tlig;!
Missing character: There is no 패 (U+D328) in font [lmroman10-regular]:+tlig;!
Missing character: There is no 키 (U+D0A4) in font [lmroman10-regular]:+tlig;!
Missing character: There is no 지 (U+C9C0) in font [lmroman10-regular]:+tlig;!
Missing character: There is no 설 (U+C124) in font [lmroman10-regular]:+tlig;!
Missing character: There is no 치 (U+CE58) in font [lmroman10-regular]:+tlig;!
Missing character: There is no 아 (U+C544) in font [lmroman10-regular]:+tlig;!
Missing character: There is no 래 (U+B798) in font [lmroman10-regular]:+tlig;!
Missing character: There is no 명 (U+BA85) in font [lmroman10-regular]:+tlig;!
Missing character: There is no 령 (U+B839) in font [lmroman10-regular]:+tlig;!
Missing character: There is no 어 (U+C5B4) in font [lmroman10-regular]:+tlig;!
Missing character: There is no 를 (U+B97C) in font [lmroman10-regular]:+tlig;!
Missing character: There is no 입 (U+C785) in font [lmroman10-regular]:+tlig;!
Missing character: There is no 력 (U+B825) in font [lmroman10-regular]:+tlig;!
Missing character: There is no 하 (U+D558) in font [lmroman10-regular]:+tlig;!
Missing character: There is no 여 (U+C5EC) in font [lmroman10-regular]:+tlig;!
Missing character: There is no 에 (U+C5D0) in font [lmroman10-regular]:+tlig;!
Missing character: There is no 필 (U+D544) in font [lmroman10-regular]:+tlig;!
Missing character: There is no 요 (U+C694) in font [lmroman10-regular]:+tlig;!
Missing character: There is no 한 (U+D55C) in font [lmroman10-regular]:+tlig;!
Missing character: There is no 패 (U+D328) in font [lmroman10-regular]:+tlig;!
Missing character: There is no 키 (U+D0A4) in font [lmroman10-regular]:+tlig;!
Missing character: There is no 지 (U+C9C0) in font [lmroman10-regular]:+tlig;!
Missing character: There is no 설 (U+C124) in font [lmroman10-regular]:+tlig;!
Missing character: There is no 치 (U+CE58) in font [lmroman10-regular]:+tlig;!
<image/install_miniconda_6.jpeg, id=98, 1076.02pt x 591.20876pt>
File: image/install_miniconda_6.jpeg Graphic file (type jpg)
<use image/install_miniconda_6.jpeg>
Package luatex.def Info: image/install_miniconda_6.jpeg  used on input line 508
.
(luatex.def)             Requested size: 1076.0174pt x 591.2073pt.

Overfull \hbox (10.94339pt too wide) in paragraph at lines 508--509
[][] 
 []



[12
Missing character: There is no 콘 (U+CF58) in font [lmsans10-bold]:+tlig;!
Missing character: There is no 다 (U+B2E4) in font [lmsans10-bold]:+tlig;!
Missing character: There is no 파 (U+D30C) in font [lmsans10-bold]:+tlig;!
Missing character: There is no 이 (U+C774) in font [lmsans10-bold]:+tlig;!
Missing character: There is no 썬 (U+C36C) in font [lmsans10-bold]:+tlig;!
Missing character: There is no 환 (U+D658) in font [lmsans10-bold]:+tlig;!
Missing character: There is no 경 (U+ACBD) in font [lmsans10-bold]:+tlig;!
Missing character: There is no 만 (U+B9CC) in font [lmsans10-bold]:+tlig;!
Missing character: There is no 들 (U+B4E4) in font [lmsans10-bold]:+tlig;!
Missing character: There is no 기 (U+AE30) in font [lmsans10-bold]:+tlig;!
Missing character: There is no 창 (U+CC3D) in font [lmroman10-regular]:+tlig;!
Missing character: There is no 열 (U+C5F4) in font [lmroman10-regular]:+tlig;!
Missing character: There is no 기 (U+AE30) in font [lmroman10-regular]:+tlig;!
Missing character: There is no 전 (U+C804) in font [lmroman10-regular]:+tlig;!
Missing character: There is no 용 (U+C6A9) in font [lmroman10-regular]:+tlig;!
Missing character: There is no 환 (U+D658) in font [lmroman10-regular]:+tlig;!
Missing character: There is no 경 (U+ACBD) in font [lmroman10-regular]:+tlig;!
Missing character: There is no 을 (U+C744) in font [lmroman10-regular]:+tlig;!
Missing character: There is no 만 (U+B9CC) in font [lmroman10-regular]:+tlig;!
Missing character: There is no 들 (U+B4E4) in font [lmroman10-regular]:+tlig;!
Missing character: There is no 기 (U+AE30) in font [lmroman10-regular]:+tlig;!
Missing character: There is no 위 (U+C704) in font [lmroman10-regular]:+tlig;!
Missing character: There is no 해 (U+D574) in font [lmroman10-regular]:+tlig;!
Missing character: There is no 아 (U+C544) in font [lmroman10-regular]:+tlig;!
Missing character: There is no 래 (U+B798) in font [lmroman10-regular]:+tlig;!
Missing character: There is no 명 (U+BA85) in font [lmroman10-regular]:+tlig;!
Missing character: There is no 령 (U+B839) in font [lmroman10-regular]:+tlig;!
Missing character: There is no 어 (U+C5B4) in font [lmroman10-regular]:+tlig;!
Missing character: There is no 입 (U+C785) in font [lmroman10-regular]:+tlig;!
Missing character: There is no 력 (U+B825) in font [lmroman10-regular]:+tlig;!
Missing character: There is no 환 (U+D658) in font [lmroman10-regular]:+tlig;!
Missing character: There is no 경 (U+ACBD) in font [lmroman10-regular]:+tlig;!
Missing character: There is no 명 (U+BA85) in font [lmroman10-regular]:+tlig;!
Missing character: There is no 파 (U+D30C) in font [lmroman10-regular]:+tlig;!
Missing character: There is no 이 (U+C774) in font [lmroman10-regular]:+tlig;!
Missing character: There is no 썬 (U+C36C) in font [lmroman10-regular]:+tlig;!
Missing character: There is no 버 (U+BC84) in font [lmroman10-regular]:+tlig;!
Missing character: There is no 전 (U+C804) in font [lmroman10-regular]:+tlig;!
Missing character: There is no 만 (U+B9CC) in font [lmroman10-regular]:+tlig;!
Missing character: There is no 약 (U+C57D) in font [lmroman10-regular]:+tlig;!
Missing character: There is no 파 (U+D30C) in font [lmroman10-regular]:+tlig;!
Missing character: There is no 이 (U+C774) in font [lmroman10-regular]:+tlig;!
Missing character: There is no 썬 (U+C36C) in font [lmroman10-regular]:+tlig;!
Missing character: There is no 버 (U+BC84) in font [lmroman10-regular]:+tlig;!
Missing character: There is no 전 (U+C804) in font [lmroman10-regular]:+tlig;!
Missing character: There is no 에 (U+C5D0) in font [lmroman10-regular]:+tlig;!
Missing character: There is no 서 (U+C11C) in font [lmroman10-regular]:+tlig;!
Missing character: There is no 을 (U+C744) in font [lmroman10-regular]:+tlig;!
Missing character: There is no 쓰 (U+C4F0) in font [lmroman10-regular]:+tlig;!
Missing character: There is no 는 (U+B294) in font [lmroman10-regular]:+tlig;!
Missing character: There is no 데 (U+B370) in font [lmroman10-regular]:+tlig;!
Missing character: There is no 문 (U+BB38) in font [lmroman10-regular]:+tlig;!
Missing character: There is no 제 (U+C81C) in font [lmroman10-regular]:+tlig;!
Missing character: There is no 가 (U+AC00) in font [lmroman10-regular]:+tlig;!
Missing character: There is no 생 (U+C0DD) in font [lmroman10-regular]:+tlig;!
Missing character: There is no 긴 (U+AE34) in font [lmroman10-regular]:+tlig;!
Missing character: There is no 다 (U+B2E4) in font [lmroman10-regular]:+tlig;!
Missing character: There is no 면 (U+BA74) in font [lmroman10-regular]:+tlig;!
Missing character: There is no 버 (U+BC84) in font [lmroman10-regular]:+tlig;!
Missing character: There is no 전 (U+C804) in font [lmroman10-regular]:+tlig;!
Missing character: There is no 의 (U+C758) in font [lmroman10-regular]:+tlig;!
Missing character: There is no 새 (U+C0C8) in font [lmroman10-regular]:+tlig;!
Missing character: There is no 로 (U+B85C) in font [lmroman10-regular]:+tlig;!
Missing character: There is no 운 (U+C6B4) in font [lmroman10-regular]:+tlig;!
Missing character: There is no 환 (U+D658) in font [lmroman10-regular]:+tlig;!
Missing character: There is no 경 (U+ACBD) in font [lmroman10-regular]:+tlig;!
Missing character: There is no 을 (U+C744) in font [lmroman10-regular]:+tlig;!
Missing character: There is no 만 (U+B9CC) in font [lmroman10-regular]:+tlig;!
Missing character: There is no 들 (U+B4E4) in font [lmroman10-regular]:+tlig;!
Missing character: There is no 어 (U+C5B4) in font [lmroman10-regular]:+tlig;!
Missing character: There is no 서 (U+C11C) in font [lmroman10-regular]:+tlig;!
Missing character: There is no 사 (U+C0AC) in font [lmroman10-regular]:+tlig;!
Missing character: There is no 용 (U+C6A9) in font [lmroman10-regular]:+tlig;!
Missing character: There is no 하 (U+D558) in font [lmroman10-regular]:+tlig;!
Missing character: There is no 시 (U+C2DC) in font [lmroman10-regular]:+tlig;!
Missing character: There is no 면 (U+BA74) in font [lmroman10-regular]:+tlig;!
Missing character: There is no 됩 (U+B429) in font [lmroman10-regular]:+tlig;!
Missing character: There is no 니 (U+B2C8) in font [lmroman10-regular]:+tlig;!
Missing character: There is no 다 (U+B2E4) in font [lmroman10-regular]:+tlig;!
Missing character: There is no 명 (U+BA85) in font [lmroman10-regular]:+tlig;!
Missing character: There is no 령 (U+B839) in font [lmroman10-regular]:+tlig;!
Missing character: There is no 어 (U+C5B4) in font [lmroman10-regular]:+tlig;!
Missing character: There is no 입 (U+C785) in font [lmroman10-regular]:+tlig;!
Missing character: There is no 력 (U+B825) in font [lmroman10-regular]:+tlig;!
Missing character: There is no 하 (U+D558) in font [lmroman10-regular]:+tlig;!
Missing character: There is no 여 (U+C5EC) in font [lmroman10-regular]:+tlig;!
Missing character: There is no 활 (U+D65C) in font [lmroman10-regular]:+tlig;!
Missing character: There is no 성 (U+C131) in font [lmroman10-regular]:+tlig;!
Missing character: There is no 화 (U+D654) in font [lmroman10-regular]:+tlig;!
Missing character: There is no 하 (U+D558) in font [lmroman10-regular]:+tlig;!
Missing character: There is no 기 (U+AE30) in font [lmroman10-regular]:+tlig;!
Missing character: There is no 아 (U+C544) in font [lmroman10-regular]:+tlig;!
Missing character: There is no 래 (U+B798) in font [lmroman10-regular]:+tlig;!
Missing character: There is no 명 (U+BA85) in font [lmroman10-regular]:+tlig;!
Missing character: There is no 령 (U+B839) in font [lmroman10-regular]:+tlig;!
Missing character: There is no 어 (U+C5B4) in font [lmroman10-regular]:+tlig;!
Missing character: There is no 입 (U+C785) in font [lmroman10-regular]:+tlig;!
Missing character: There is no 력 (U+B825) in font [lmroman10-regular]:+tlig;!
Missing character: There is no 후 (U+D6C4) in font [lmroman10-regular]:+tlig;!
Missing character: There is no 나 (U+B098) in font [lmroman10-regular]:+tlig;!
Missing character: There is no 오 (U+C624) in font [lmroman10-regular]:+tlig;!
Missing character: There is no 는 (U+B294) in font [lmroman10-regular]:+tlig;!
Missing character: There is no 다 (U+B2E4) in font [lmroman10-regular]:+tlig;!
Missing character: There is no 음 (U+C74C) in font [lmroman10-regular]:+tlig;!
Missing character: There is no 명 (U+BA85) in font [lmroman10-regular]:+tlig;!
Missing character: There is no 령 (U+B839) in font [lmroman10-regular]:+tlig;!
Missing character: There is no 줄 (U+C904) in font [lmroman10-regular]:+tlig;!
Missing character: There is no 앞 (U+C55E) in font [lmroman10-regular]:+tlig;!
Missing character: There is no 에 (U+C5D0) in font [lmroman10-regular]:+tlig;!
Missing character: There is no 가 (U+AC00) in font [lmroman10-regular]:+tlig;!
Missing character: There is no 나 (U+B098) in font [lmroman10-regular]:+tlig;!
Missing character: There is no 오 (U+C624) in font [lmroman10-regular]:+tlig;!
Missing character: There is no 면 (U+BA74) in font [lmroman10-regular]:+tlig;!
Missing character: There is no 환 (U+D658) in font [lmroman10-regular]:+tlig;!
Missing character: There is no 경 (U+ACBD) in font [lmroman10-regular]:+tlig;!
Missing character: There is no 이 (U+C774) in font [lmroman10-regular]:+tlig;!
Missing character: There is no 정 (U+C815) in font [lmroman10-regular]:+tlig;!
Missing character: There is no 상 (U+C0C1) in font [lmroman10-regular]:+tlig;!
Missing character: There is no 적 (U+C801) in font [lmroman10-regular]:+tlig;!
Missing character: There is no 으 (U+C73C) in font [lmroman10-regular]:+tlig;!
Missing character: There is no 로 (U+B85C) in font [lmroman10-regular]:+tlig;!
Missing character: There is no 생 (U+C0DD) in font [lmroman10-regular]:+tlig;!
Missing character: There is no 성 (U+C131) in font [lmroman10-regular]:+tlig;!
Missing character: There is no 된 (U+B41C) in font [lmroman10-regular]:+tlig;!
Missing character: There is no 것 (U+AC83) in font [lmroman10-regular]:+tlig;!
Missing character: There is no 입 (U+C785) in font [lmroman10-regular]:+tlig;!
Missing character: There is no 니 (U+B2C8) in font [lmroman10-regular]:+tlig;!
Missing character: There is no 다 (U+B2E4) in font [lmroman10-regular]:+tlig;!
Missing character: There is no 버 (U+BC84) in font [lmroman10-regular]:+tlig;!
Missing character: There is no 전 (U+C804) in font [lmroman10-regular]:+tlig;!
Missing character: There is no 확 (U+D655) in font [lmroman10-regular]:+tlig;!
Missing character: There is no 인 (U+C778) in font [lmroman10-regular]:+tlig;!
Missing character: There is no 하 (U+D558) in font [lmroman10-regular]:+tlig;!
Missing character: There is no 기 (U+AE30) in font [lmroman10-regular]:+tlig;!
Missing character: There is no 파 (U+D30C) in font [lmroman10-regular]:+tlig;!
Missing character: There is no 이 (U+C774) in font [lmroman10-regular]:+tlig;!
Missing character: There is no 썬 (U+C36C) in font [lmroman10-regular]:+tlig;!
Missing character: There is no 버 (U+BC84) in font [lmroman10-regular]:+tlig;!
Missing character: There is no 전 (U+C804) in font [lmroman10-regular]:+tlig;!
Missing character: There is no 이 (U+C774) in font [lmroman10-regular]:+tlig;!
Missing character: There is no 나 (U+B098) in font [lmroman10-regular]:+tlig;!
Missing character: There is no 오 (U+C624) in font [lmroman10-regular]:+tlig;!
Missing character: There is no 면 (U+BA74) in font [lmroman10-regular]:+tlig;!
Missing character: There is no 환 (U+D658) in font [lmroman10-regular]:+tlig;!
Missing character: There is no 경 (U+ACBD) in font [lmroman10-regular]:+tlig;!
Missing character: There is no 에 (U+C5D0) in font [lmroman10-regular]:+tlig;!
Missing character: There is no 서 (U+C11C) in font [lmroman10-regular]:+tlig;!
Missing character: There is no 파 (U+D30C) in font [lmroman10-regular]:+tlig;!
Missing character: There is no 이 (U+C774) in font [lmroman10-regular]:+tlig;!
Missing character: There is no 썬 (U+C36C) in font [lmroman10-regular]:+tlig;!
Missing character: There is no 이 (U+C774) in font [lmroman10-regular]:+tlig;!
Missing character: There is no 정 (U+C815) in font [lmroman10-regular]:+tlig;!
Missing character: There is no 상 (U+C0C1) in font [lmroman10-regular]:+tlig;!
Missing character: There is no 적 (U+C801) in font [lmroman10-regular]:+tlig;!
Missing character: There is no 으 (U+C73C) in font [lmroman10-regular]:+tlig;!
Missing character: There is no 로 (U+B85C) in font [lmroman10-regular]:+tlig;!
Missing character: There is no 설 (U+C124) in font [lmroman10-regular]:+tlig;!
Missing character: There is no 치 (U+CE58) in font [lmroman10-regular]:+tlig;!
Missing character: There is no 된 (U+B41C) in font [lmroman10-regular]:+tlig;!
Missing character: There is no 것 (U+AC83) in font [lmroman10-regular]:+tlig;!
Missing character: There is no 입 (U+C785) in font [lmroman10-regular]:+tlig;!
Missing character: There is no 니 (U+B2C8) in font [lmroman10-regular]:+tlig;!
Missing character: There is no 다 (U+B2E4) in font [lmroman10-regular]:+tlig;!
Missing character: There is no 아 (U+C544) in font [lmroman10-regular]:+tlig;!
Missing character: There is no 래 (U+B798) in font [lmroman10-regular]:+tlig;!
Missing character: There is no 명 (U+BA85) in font [lmroman10-regular]:+tlig;!
Missing character: There is no 령 (U+B839) in font [lmroman10-regular]:+tlig;!
Missing character: There is no 어 (U+C5B4) in font [lmroman10-regular]:+tlig;!
Missing character: There is no 를 (U+B97C) in font [lmroman10-regular]:+tlig;!
Missing character: There is no 입 (U+C785) in font [lmroman10-regular]:+tlig;!
Missing character: There is no 력 (U+B825) in font [lmroman10-regular]:+tlig;!
Missing character: There is no 하 (U+D558) in font [lmroman10-regular]:+tlig;!
Missing character: There is no 여 (U+C5EC) in font [lmroman10-regular]:+tlig;!
Missing character: There is no 에 (U+C5D0) in font [lmroman10-regular]:+tlig;!
Missing character: There is no 필 (U+D544) in font [lmroman10-regular]:+tlig;!
Missing character: There is no 요 (U+C694) in font [lmroman10-regular]:+tlig;!
Missing character: There is no 한 (U+D55C) in font [lmroman10-regular]:+tlig;!
Missing character: There is no 패 (U+D328) in font [lmroman10-regular]:+tlig;!
Missing character: There is no 키 (U+D0A4) in font [lmroman10-regular]:+tlig;!
Missing character: There is no 지 (U+C9C0) in font [lmroman10-regular]:+tlig;!
Missing character: There is no 설 (U+C124) in font [lmroman10-regular]:+tlig;!
Missing character: There is no 치 (U+CE58) in font [lmroman10-regular]:+tlig;!
<./image/install_miniconda_4.png>]
Missing character: There is no 를 (U+B97C) in font [lmroman10-regular]:+tlig;!
Missing character: There is no 활 (U+D65C) in font [lmroman10-regular]:+tlig;!
Missing character: There is no 성 (U+C131) in font [lmroman10-regular]:+tlig;!
Missing character: There is no 화 (U+D654) in font [lmroman10-regular]:+tlig;!
Missing character: There is no 한 (U+D55C) in font [lmroman10-regular]:+tlig;!
Missing character: There is no 뒤 (U+B4A4) in font [lmroman10-regular]:+tlig;!
Missing character: There is no 에 (U+C5D0) in font [lmroman10-regular]:+tlig;!
Missing character: There is no 관 (U+AD00) in font [lmroman10-regular]:+tlig;!
Missing character: There is no 련 (U+B828) in font [lmroman10-regular]:+tlig;!
Missing character: There is no 파 (U+D30C) in font [lmroman10-regular]:+tlig;!
Missing character: There is no 이 (U+C774) in font [lmroman10-regular]:+tlig;!
Missing character: There is no 썬 (U+C36C) in font [lmroman10-regular]:+tlig;!
Missing character: There is no 코 (U+CF54) in font [lmroman10-regular]:+tlig;!
Missing character: There is no 드 (U+B4DC) in font [lmroman10-regular]:+tlig;!
Missing character: There is no 를 (U+B97C) in font [lmroman10-regular]:+tlig;!
Missing character: There is no 사 (U+C0AC) in font [lmroman10-regular]:+tlig;!
Missing character: There is no 용 (U+C6A9) in font [lmroman10-regular]:+tlig;!
Missing character: There is no 하 (U+D558) in font [lmroman10-regular]:+tlig;!
Missing character: There is no 거 (U+AC70) in font [lmroman10-regular]:+tlig;!
Missing character: There is no 나 (U+B098) in font [lmroman10-regular]:+tlig;!
Missing character: There is no 관 (U+AD00) in font [lmroman10-regular]:+tlig;!
Missing character: There is no 련 (U+B828) in font [lmroman10-regular]:+tlig;!
Missing character: There is no 패 (U+D328) in font [lmroman10-regular]:+tlig;!
Missing character: There is no 키 (U+D0A4) in font [lmroman10-regular]:+tlig;!
Missing character: There is no 지 (U+C9C0) in font [lmroman10-regular]:+tlig;!
Missing character: There is no 를 (U+B97C) in font [lmroman10-regular]:+tlig;!
Missing character: There is no 설 (U+C124) in font [lmroman10-regular]:+tlig;!
Missing character: There is no 치 (U+CE58) in font [lmroman10-regular]:+tlig;!
Missing character: There is no 하 (U+D558) in font [lmroman10-regular]:+tlig;!
Missing character: There is no 는 (U+B294) in font [lmroman10-regular]:+tlig;!
Missing character: There is no 것 (U+AC83) in font [lmroman10-regular]:+tlig;!
Missing character: There is no 이 (U+C774) in font [lmroman10-regular]:+tlig;!
Missing character: There is no 좋 (U+C88B) in font [lmroman10-regular]:+tlig;!
Missing character: There is no 습 (U+C2B5) in font [lmroman10-regular]:+tlig;!
Missing character: There is no 니 (U+B2C8) in font [lmroman10-regular]:+tlig;!
Missing character: There is no 다 (U+B2E4) in font [lmroman10-regular]:+tlig;!
Missing character: There is no 를 (U+B97C) in font [lmroman10-regular]:+tlig;!
Missing character: There is no 활 (U+D65C) in font [lmroman10-regular]:+tlig;!
Missing character: There is no 성 (U+C131) in font [lmroman10-regular]:+tlig;!
Missing character: There is no 화 (U+D654) in font [lmroman10-regular]:+tlig;!
Missing character: There is no 한 (U+D55C) in font [lmroman10-regular]:+tlig;!
Missing character: There is no 뒤 (U+B4A4) in font [lmroman10-regular]:+tlig;!
Missing character: There is no 에 (U+C5D0) in font [lmroman10-regular]:+tlig;!
Missing character: There is no 관 (U+AD00) in font [lmroman10-regular]:+tlig;!
Missing character: There is no 련 (U+B828) in font [lmroman10-regular]:+tlig;!
Missing character: There is no 파 (U+D30C) in font [lmroman10-regular]:+tlig;!
Missing character: There is no 이 (U+C774) in font [lmroman10-regular]:+tlig;!
Missing character: There is no 썬 (U+C36C) in font [lmroman10-regular]:+tlig;!
Missing character: There is no 코 (U+CF54) in font [lmroman10-regular]:+tlig;!
Missing character: There is no 드 (U+B4DC) in font [lmroman10-regular]:+tlig;!
Missing character: There is no 를 (U+B97C) in font [lmroman10-regular]:+tlig;!
Missing character: There is no 사 (U+C0AC) in font [lmroman10-regular]:+tlig;!
Missing character: There is no 용 (U+C6A9) in font [lmroman10-regular]:+tlig;!
Missing character: There is no 하 (U+D558) in font [lmroman10-regular]:+tlig;!
Missing character: There is no 거 (U+AC70) in font [lmroman10-regular]:+tlig;!
Missing character: There is no 나 (U+B098) in font [lmroman10-regular]:+tlig;!
Missing character: There is no 관 (U+AD00) in font [lmroman10-regular]:+tlig;!
Missing character: There is no 련 (U+B828) in font [lmroman10-regular]:+tlig;!
Missing character: There is no 패 (U+D328) in font [lmroman10-regular]:+tlig;!
Missing character: There is no 키 (U+D0A4) in font [lmroman10-regular]:+tlig;!
Missing character: There is no 지 (U+C9C0) in font [lmroman10-regular]:+tlig;!
Missing character: There is no 를 (U+B97C) in font [lmroman10-regular]:+tlig;!
Missing character: There is no 설 (U+C124) in font [lmroman10-regular]:+tlig;!
Missing character: There is no 치 (U+CE58) in font [lmroman10-regular]:+tlig;!
Missing character: There is no 하 (U+D558) in font [lmroman10-regular]:+tlig;!
Missing character: There is no 는 (U+B294) in font [lmroman10-regular]:+tlig;!
Missing character: There is no 것 (U+AC83) in font [lmroman10-regular]:+tlig;!
Missing character: There is no 이 (U+C774) in font [lmroman10-regular]:+tlig;!
Missing character: There is no 좋 (U+C88B) in font [lmroman10-regular]:+tlig;!
Missing character: There is no 습 (U+C2B5) in font [lmroman10-regular]:+tlig;!
Missing character: There is no 니 (U+B2C8) in font [lmroman10-regular]:+tlig;!
Missing character: There is no 다 (U+B2E4) in font [lmroman10-regular]:+tlig;!


[13
Missing character: There is no 를 (U+B97C) in font [lmroman10-regular]:+tlig;!
Missing character: There is no 활 (U+D65C) in font [lmroman10-regular]:+tlig;!
Missing character: There is no 성 (U+C131) in font [lmroman10-regular]:+tlig;!
Missing character: There is no 화 (U+D654) in font [lmroman10-regular]:+tlig;!
Missing character: There is no 한 (U+D55C) in font [lmroman10-regular]:+tlig;!
Missing character: There is no 뒤 (U+B4A4) in font [lmroman10-regular]:+tlig;!
Missing character: There is no 에 (U+C5D0) in font [lmroman10-regular]:+tlig;!
Missing character: There is no 관 (U+AD00) in font [lmroman10-regular]:+tlig;!
Missing character: There is no 련 (U+B828) in font [lmroman10-regular]:+tlig;!
Missing character: There is no 파 (U+D30C) in font [lmroman10-regular]:+tlig;!
Missing character: There is no 이 (U+C774) in font [lmroman10-regular]:+tlig;!
Missing character: There is no 썬 (U+C36C) in font [lmroman10-regular]:+tlig;!
Missing character: There is no 코 (U+CF54) in font [lmroman10-regular]:+tlig;!
Missing character: There is no 드 (U+B4DC) in font [lmroman10-regular]:+tlig;!
Missing character: There is no 를 (U+B97C) in font [lmroman10-regular]:+tlig;!
Missing character: There is no 사 (U+C0AC) in font [lmroman10-regular]:+tlig;!
Missing character: There is no 용 (U+C6A9) in font [lmroman10-regular]:+tlig;!
Missing character: There is no 하 (U+D558) in font [lmroman10-regular]:+tlig;!
Missing character: There is no 거 (U+AC70) in font [lmroman10-regular]:+tlig;!
Missing character: There is no 나 (U+B098) in font [lmroman10-regular]:+tlig;!
Missing character: There is no 관 (U+AD00) in font [lmroman10-regular]:+tlig;!
Missing character: There is no 련 (U+B828) in font [lmroman10-regular]:+tlig;!
Missing character: There is no 패 (U+D328) in font [lmroman10-regular]:+tlig;!
Missing character: There is no 키 (U+D0A4) in font [lmroman10-regular]:+tlig;!
Missing character: There is no 지 (U+C9C0) in font [lmroman10-regular]:+tlig;!
Missing character: There is no 를 (U+B97C) in font [lmroman10-regular]:+tlig;!
Missing character: There is no 설 (U+C124) in font [lmroman10-regular]:+tlig;!
Missing character: There is no 치 (U+CE58) in font [lmroman10-regular]:+tlig;!
Missing character: There is no 하 (U+D558) in font [lmroman10-regular]:+tlig;!
Missing character: There is no 는 (U+B294) in font [lmroman10-regular]:+tlig;!
Missing character: There is no 것 (U+AC83) in font [lmroman10-regular]:+tlig;!
Missing character: There is no 이 (U+C774) in font [lmroman10-regular]:+tlig;!
Missing character: There is no 좋 (U+C88B) in font [lmroman10-regular]:+tlig;!
Missing character: There is no 습 (U+C2B5) in font [lmroman10-regular]:+tlig;!
Missing character: There is no 니 (U+B2C8) in font [lmroman10-regular]:+tlig;!
Missing character: There is no 다 (U+B2E4) in font [lmroman10-regular]:+tlig;!
<./image/install_miniconda_6.jpeg>]
chapter 4.
Missing character: There is no 설 (U+C124) in font [lmsans10-bold]:+tlig;!
Missing character: There is no 치 (U+CE58) in font [lmsans10-bold]:+tlig;!
Missing character: There is no 윈 (U+C708) in font [lmsans10-bold]:+tlig;!
Missing character: There is no 도 (U+B3C4) in font [lmsans10-bold]:+tlig;!
Missing character: There is no 우 (U+C6B0) in font [lmsans10-bold]:+tlig;!
Missing character: There is no 설 (U+C124) in font [lmsans10-bold]:+tlig;!
Missing character: There is no 치 (U+CE58) in font [lmsans10-bold]:+tlig;!
Missing character: There is no 윈 (U+C708) in font [lmsans10-bold]:+tlig;!
Missing character: There is no 도 (U+B3C4) in font [lmsans10-bold]:+tlig;!
Missing character: There is no 우 (U+C6B0) in font [lmsans10-bold]:+tlig;!
<image/install_window_down1.jpeg, id=116, 459.3963pt x 180.4341pt>
File: image/install_window_down1.jpeg Graphic file (type jpg)
<use image/install_window_down1.jpeg>
Package luatex.def Info: image/install_window_down1.jpeg  used on input line 52
7.
(luatex.def)             Requested size: 459.39517pt x 180.43364pt.
Missing character: There is no 접 (U+C811) in font [lmroman10-regular]:+tlig;!
Missing character: There is no 속 (U+C18D) in font [lmroman10-regular]:+tlig;!
Missing character: There is no 을 (U+C744) in font [lmroman10-regular]:+tlig;!
Missing character: There is no 클 (U+D074) in font [lmroman10-regular]:+tlig;!
Missing character: There is no 릭 (U+B9AD) in font [lmroman10-regular]:+tlig;!
Missing character: There is no 하 (U+D558) in font [lmroman10-regular]:+tlig;!
Missing character: There is no 여 (U+C5EC) in font [lmroman10-regular]:+tlig;!
Missing character: There is no 설 (U+C124) in font [lmroman10-regular]:+tlig;!
Missing character: There is no 치 (U+CE58) in font [lmroman10-regular]:+tlig;!
Missing character: There is no 프 (U+D504) in font [lmroman10-regular]:+tlig;!
Missing character: There is no 로 (U+B85C) in font [lmroman10-regular]:+tlig;!
Missing character: There is no 그 (U+ADF8) in font [lmroman10-regular]:+tlig;!
Missing character: There is no 램 (U+B7A8) in font [lmroman10-regular]:+tlig;!
Missing character: There is no 다 (U+B2E4) in font [lmroman10-regular]:+tlig;!
Missing character: There is no 운 (U+C6B4) in font [lmroman10-regular]:+tlig;!
Missing character: There is no 로 (U+B85C) in font [lmroman10-regular]:+tlig;!
Missing character: There is no 드 (U+B4DC) in font [lmroman10-regular]:+tlig;!
Missing character: There is no 접 (U+C811) in font [lmroman10-regular]:+tlig;!
Missing character: There is no 속 (U+C18D) in font [lmroman10-regular]:+tlig;!
Missing character: There is no 을 (U+C744) in font [lmroman10-regular]:+tlig;!
Missing character: There is no 클 (U+D074) in font [lmroman10-regular]:+tlig;!
Missing character: There is no 릭 (U+B9AD) in font [lmroman10-regular]:+tlig;!
Missing character: There is no 하 (U+D558) in font [lmroman10-regular]:+tlig;!
Missing character: There is no 여 (U+C5EC) in font [lmroman10-regular]:+tlig;!
Missing character: There is no 설 (U+C124) in font [lmroman10-regular]:+tlig;!
Missing character: There is no 치 (U+CE58) in font [lmroman10-regular]:+tlig;!
Missing character: There is no 프 (U+D504) in font [lmroman10-regular]:+tlig;!
Missing character: There is no 로 (U+B85C) in font [lmroman10-regular]:+tlig;!
Missing character: There is no 그 (U+ADF8) in font [lmroman10-regular]:+tlig;!
Missing character: There is no 램 (U+B7A8) in font [lmroman10-regular]:+tlig;!
Missing character: There is no 다 (U+B2E4) in font [lmroman10-regular]:+tlig;!
Missing character: There is no 운 (U+C6B4) in font [lmroman10-regular]:+tlig;!
Missing character: There is no 로 (U+B85C) in font [lmroman10-regular]:+tlig;!
Missing character: There is no 드 (U+B4DC) in font [lmroman10-regular]:+tlig;!
Missing character: There is no 접 (U+C811) in font [lmroman10-regular]:+tlig;!
Missing character: There is no 속 (U+C18D) in font [lmroman10-regular]:+tlig;!
Missing character: There is no 을 (U+C744) in font [lmroman10-regular]:+tlig;!
Missing character: There is no 클 (U+D074) in font [lmroman10-regular]:+tlig;!
Missing character: There is no 릭 (U+B9AD) in font [lmroman10-regular]:+tlig;!
Missing character: There is no 하 (U+D558) in font [lmroman10-regular]:+tlig;!
Missing character: There is no 여 (U+C5EC) in font [lmroman10-regular]:+tlig;!
Missing character: There is no 설 (U+C124) in font [lmroman10-regular]:+tlig;!
Missing character: There is no 치 (U+CE58) in font [lmroman10-regular]:+tlig;!
Missing character: There is no 프 (U+D504) in font [lmroman10-regular]:+tlig;!
Missing character: There is no 로 (U+B85C) in font [lmroman10-regular]:+tlig;!
Missing character: There is no 그 (U+ADF8) in font [lmroman10-regular]:+tlig;!
Missing character: There is no 램 (U+B7A8) in font [lmroman10-regular]:+tlig;!
Missing character: There is no 다 (U+B2E4) in font [lmroman10-regular]:+tlig;!
Missing character: There is no 운 (U+C6B4) in font [lmroman10-regular]:+tlig;!
Missing character: There is no 로 (U+B85C) in font [lmroman10-regular]:+tlig;!
Missing character: There is no 드 (U+B4DC) in font [lmroman10-regular]:+tlig;!
Missing character: There is no 접 (U+C811) in font [lmroman10-regular]:+tlig;!
Missing character: There is no 속 (U+C18D) in font [lmroman10-regular]:+tlig;!
Missing character: There is no 을 (U+C744) in font [lmroman10-regular]:+tlig;!
Missing character: There is no 클 (U+D074) in font [lmroman10-regular]:+tlig;!
Missing character: There is no 릭 (U+B9AD) in font [lmroman10-regular]:+tlig;!
Missing character: There is no 하 (U+D558) in font [lmroman10-regular]:+tlig;!
Missing character: There is no 여 (U+C5EC) in font [lmroman10-regular]:+tlig;!
Missing character: There is no 설 (U+C124) in font [lmroman10-regular]:+tlig;!
Missing character: There is no 치 (U+CE58) in font [lmroman10-regular]:+tlig;!
Missing character: There is no 프 (U+D504) in font [lmroman10-regular]:+tlig;!
Missing character: There is no 로 (U+B85C) in font [lmroman10-regular]:+tlig;!
Missing character: There is no 그 (U+ADF8) in font [lmroman10-regular]:+tlig;!
Missing character: There is no 램 (U+B7A8) in font [lmroman10-regular]:+tlig;!
Missing character: There is no 다 (U+B2E4) in font [lmroman10-regular]:+tlig;!
Missing character: There is no 운 (U+C6B4) in font [lmroman10-regular]:+tlig;!
Missing character: There is no 로 (U+B85C) in font [lmroman10-regular]:+tlig;!
Missing character: There is no 드 (U+B4DC) in font [lmroman10-regular]:+tlig;!
Missing character: There is no 접 (U+C811) in font [lmroman10-regular]:+tlig;!
Missing character: There is no 속 (U+C18D) in font [lmroman10-regular]:+tlig;!
Missing character: There is no 을 (U+C744) in font [lmroman10-regular]:+tlig;!
Missing character: There is no 클 (U+D074) in font [lmroman10-regular]:+tlig;!
Missing character: There is no 릭 (U+B9AD) in font [lmroman10-regular]:+tlig;!
Missing character: There is no 하 (U+D558) in font [lmroman10-regular]:+tlig;!
Missing character: There is no 여 (U+C5EC) in font [lmroman10-regular]:+tlig;!
Missing character: There is no 설 (U+C124) in font [lmroman10-regular]:+tlig;!
Missing character: There is no 치 (U+CE58) in font [lmroman10-regular]:+tlig;!
Missing character: There is no 프 (U+D504) in font [lmroman10-regular]:+tlig;!
Missing character: There is no 로 (U+B85C) in font [lmroman10-regular]:+tlig;!
Missing character: There is no 그 (U+ADF8) in font [lmroman10-regular]:+tlig;!
Missing character: There is no 램 (U+B7A8) in font [lmroman10-regular]:+tlig;!
Missing character: There is no 다 (U+B2E4) in font [lmroman10-regular]:+tlig;!
Missing character: There is no 운 (U+C6B4) in font [lmroman10-regular]:+tlig;!
Missing character: There is no 로 (U+B85C) in font [lmroman10-regular]:+tlig;!
Missing character: There is no 드 (U+B4DC) in font [lmroman10-regular]:+tlig;!

Overfull \hbox (310.63248pt too wide) in paragraph at lines 524--529
[][][]\TU/lmr/m/n/10.95 SUMO[][] 접󰀀속󰀀, \TU/lmtt/m/n/10.95 SUMO 1.27.1 for Windows 64-bit\TU/lmr/m/n/10.95 
을󰀀 클󰀀릭󰀀하󰀀여󰀀 SUMO 설󰀀치󰀀 프󰀀로󰀀그󰀀
램󰀀 다󰀀운󰀀로󰀀드󰀀 [] 
 []

<image/install_window_down3.jpeg, id=117, 455.301pt x 243.7908pt>
File: image/install_window_down3.jpeg Graphic file (type jpg)
<use image/install_window_down3.jpeg>
Package luatex.def Info: image/install_window_down3.jpeg  used on input line 53
1.
(luatex.def)             Requested size: 455.29988pt x 243.7902pt.
Missing character: There is no 설 (U+C124) in font [lmroman10-regular]:+tlig;!
Missing character: There is no 치 (U+CE58) in font [lmroman10-regular]:+tlig;!
Missing character: There is no 프 (U+D504) in font [lmroman10-regular]:+tlig;!
Missing character: There is no 로 (U+B85C) in font [lmroman10-regular]:+tlig;!
Missing character: There is no 그 (U+ADF8) in font [lmroman10-regular]:+tlig;!
Missing character: There is no 램 (U+B7A8) in font [lmroman10-regular]:+tlig;!
Missing character: There is no 클 (U+D074) in font [lmroman10-regular]:+tlig;!
Missing character: There is no 릭 (U+B9AD) in font [lmroman10-regular]:+tlig;!
Missing character: There is no 하 (U+D558) in font [lmroman10-regular]:+tlig;!
Missing character: There is no 여 (U+C5EC) in font [lmroman10-regular]:+tlig;!
Missing character: There is no 설 (U+C124) in font [lmroman10-regular]:+tlig;!
Missing character: There is no 치 (U+CE58) in font [lmroman10-regular]:+tlig;!
Missing character: There is no 시 (U+C2DC) in font [lmroman10-regular]:+tlig;!
Missing character: There is no 작 (U+C791) in font [lmroman10-regular]:+tlig;!
Missing character: There is no 설 (U+C124) in font [lmroman10-regular]:+tlig;!
Missing character: There is no 치 (U+CE58) in font [lmroman10-regular]:+tlig;!
Missing character: There is no 주 (U+C8FC) in font [lmroman10-regular]:+tlig;!
Missing character: There is no 소 (U+C18C) in font [lmroman10-regular]:+tlig;!
Missing character: There is no 는 (U+B294) in font [lmroman10-regular]:+tlig;!
Missing character: There is no 디 (U+B514) in font [lmroman10-regular]:+tlig;!
Missing character: There is no 폴 (U+D3F4) in font [lmroman10-regular]:+tlig;!
Missing character: There is no 트 (U+D2B8) in font [lmroman10-regular]:+tlig;!
Missing character: There is no 경 (U+ACBD) in font [lmroman10-regular]:+tlig;!
Missing character: There is no 로 (U+B85C) in font [lmroman10-regular]:+tlig;!
Missing character: There is no 로 (U+B85C) in font [lmroman10-regular]:+tlig;!
Missing character: There is no 유 (U+C720) in font [lmroman10-regular]:+tlig;!
Missing character: There is no 지 (U+C9C0) in font [lmroman10-regular]:+tlig;!
Missing character: There is no 체 (U+CCB4) in font [lmroman10-regular]:+tlig;!
Missing character: There is no 크 (U+D06C) in font [lmroman10-regular]:+tlig;!
Missing character: There is no 박 (U+BC15) in font [lmroman10-regular]:+tlig;!
Missing character: There is no 스 (U+C2A4) in font [lmroman10-regular]:+tlig;!
Missing character: There is no 선 (U+C120) in font [lmroman10-regular]:+tlig;!
Missing character: There is no 택 (U+D0DD) in font [lmroman10-regular]:+tlig;!
Missing character: There is no 설 (U+C124) in font [lmroman10-regular]:+tlig;!
Missing character: There is no 치 (U+CE58) in font [lmroman10-regular]:+tlig;!
Missing character: There is no 프 (U+D504) in font [lmroman10-regular]:+tlig;!
Missing character: There is no 로 (U+B85C) in font [lmroman10-regular]:+tlig;!
Missing character: There is no 그 (U+ADF8) in font [lmroman10-regular]:+tlig;!
Missing character: There is no 램 (U+B7A8) in font [lmroman10-regular]:+tlig;!
Missing character: There is no 클 (U+D074) in font [lmroman10-regular]:+tlig;!
Missing character: There is no 릭 (U+B9AD) in font [lmroman10-regular]:+tlig;!
Missing character: There is no 하 (U+D558) in font [lmroman10-regular]:+tlig;!
Missing character: There is no 여 (U+C5EC) in font [lmroman10-regular]:+tlig;!
Missing character: There is no 설 (U+C124) in font [lmroman10-regular]:+tlig;!
Missing character: There is no 치 (U+CE58) in font [lmroman10-regular]:+tlig;!
Missing character: There is no 시 (U+C2DC) in font [lmroman10-regular]:+tlig;!
Missing character: There is no 작 (U+C791) in font [lmroman10-regular]:+tlig;!
Missing character: There is no 설 (U+C124) in font [lmroman10-regular]:+tlig;!
Missing character: There is no 치 (U+CE58) in font [lmroman10-regular]:+tlig;!
Missing character: There is no 주 (U+C8FC) in font [lmroman10-regular]:+tlig;!
Missing character: There is no 소 (U+C18C) in font [lmroman10-regular]:+tlig;!
Missing character: There is no 는 (U+B294) in font [lmroman10-regular]:+tlig;!
Missing character: There is no 디 (U+B514) in font [lmroman10-regular]:+tlig;!
Missing character: There is no 폴 (U+D3F4) in font [lmroman10-regular]:+tlig;!
Missing character: There is no 트 (U+D2B8) in font [lmroman10-regular]:+tlig;!
Missing character: There is no 경 (U+ACBD) in font [lmroman10-regular]:+tlig;!
Missing character: There is no 로 (U+B85C) in font [lmroman10-regular]:+tlig;!
Missing character: There is no 로 (U+B85C) in font [lmroman10-regular]:+tlig;!
Missing character: There is no 유 (U+C720) in font [lmroman10-regular]:+tlig;!
Missing character: There is no 지 (U+C9C0) in font [lmroman10-regular]:+tlig;!
Missing character: There is no 체 (U+CCB4) in font [lmroman10-regular]:+tlig;!
Missing character: There is no 크 (U+D06C) in font [lmroman10-regular]:+tlig;!
Missing character: There is no 박 (U+BC15) in font [lmroman10-regular]:+tlig;!
Missing character: There is no 스 (U+C2A4) in font [lmroman10-regular]:+tlig;!
Missing character: There is no 선 (U+C120) in font [lmroman10-regular]:+tlig;!
Missing character: There is no 택 (U+D0DD) in font [lmroman10-regular]:+tlig;!
Missing character: There is no 설 (U+C124) in font [lmroman10-regular]:+tlig;!
Missing character: There is no 치 (U+CE58) in font [lmroman10-regular]:+tlig;!
Missing character: There is no 프 (U+D504) in font [lmroman10-regular]:+tlig;!
Missing character: There is no 로 (U+B85C) in font [lmroman10-regular]:+tlig;!
Missing character: There is no 그 (U+ADF8) in font [lmroman10-regular]:+tlig;!
Missing character: There is no 램 (U+B7A8) in font [lmroman10-regular]:+tlig;!
Missing character: There is no 클 (U+D074) in font [lmroman10-regular]:+tlig;!
Missing character: There is no 릭 (U+B9AD) in font [lmroman10-regular]:+tlig;!
Missing character: There is no 하 (U+D558) in font [lmroman10-regular]:+tlig;!
Missing character: There is no 여 (U+C5EC) in font [lmroman10-regular]:+tlig;!
Missing character: There is no 설 (U+C124) in font [lmroman10-regular]:+tlig;!
Missing character: There is no 치 (U+CE58) in font [lmroman10-regular]:+tlig;!
Missing character: There is no 시 (U+C2DC) in font [lmroman10-regular]:+tlig;!
Missing character: There is no 작 (U+C791) in font [lmroman10-regular]:+tlig;!
Missing character: There is no 설 (U+C124) in font [lmroman10-regular]:+tlig;!
Missing character: There is no 치 (U+CE58) in font [lmroman10-regular]:+tlig;!
Missing character: There is no 주 (U+C8FC) in font [lmroman10-regular]:+tlig;!
Missing character: There is no 소 (U+C18C) in font [lmroman10-regular]:+tlig;!
Missing character: There is no 는 (U+B294) in font [lmroman10-regular]:+tlig;!
Missing character: There is no 디 (U+B514) in font [lmroman10-regular]:+tlig;!
Missing character: There is no 폴 (U+D3F4) in font [lmroman10-regular]:+tlig;!
Missing character: There is no 트 (U+D2B8) in font [lmroman10-regular]:+tlig;!
Missing character: There is no 경 (U+ACBD) in font [lmroman10-regular]:+tlig;!
Missing character: There is no 로 (U+B85C) in font [lmroman10-regular]:+tlig;!
Missing character: There is no 로 (U+B85C) in font [lmroman10-regular]:+tlig;!
Missing character: There is no 유 (U+C720) in font [lmroman10-regular]:+tlig;!
Missing character: There is no 지 (U+C9C0) in font [lmroman10-regular]:+tlig;!
Missing character: There is no 체 (U+CCB4) in font [lmroman10-regular]:+tlig;!
Missing character: There is no 크 (U+D06C) in font [lmroman10-regular]:+tlig;!
Missing character: There is no 박 (U+BC15) in font [lmroman10-regular]:+tlig;!
Missing character: There is no 스 (U+C2A4) in font [lmroman10-regular]:+tlig;!
Missing character: There is no 선 (U+C120) in font [lmroman10-regular]:+tlig;!
Missing character: There is no 택 (U+D0DD) in font [lmroman10-regular]:+tlig;!
Missing character: There is no 설 (U+C124) in font [lmroman10-regular]:+tlig;!
Missing character: There is no 치 (U+CE58) in font [lmroman10-regular]:+tlig;!
Missing character: There is no 프 (U+D504) in font [lmroman10-regular]:+tlig;!
Missing character: There is no 로 (U+B85C) in font [lmroman10-regular]:+tlig;!
Missing character: There is no 그 (U+ADF8) in font [lmroman10-regular]:+tlig;!
Missing character: There is no 램 (U+B7A8) in font [lmroman10-regular]:+tlig;!
Missing character: There is no 클 (U+D074) in font [lmroman10-regular]:+tlig;!
Missing character: There is no 릭 (U+B9AD) in font [lmroman10-regular]:+tlig;!
Missing character: There is no 하 (U+D558) in font [lmroman10-regular]:+tlig;!
Missing character: There is no 여 (U+C5EC) in font [lmroman10-regular]:+tlig;!
Missing character: There is no 설 (U+C124) in font [lmroman10-regular]:+tlig;!
Missing character: There is no 치 (U+CE58) in font [lmroman10-regular]:+tlig;!
Missing character: There is no 시 (U+C2DC) in font [lmroman10-regular]:+tlig;!
Missing character: There is no 작 (U+C791) in font [lmroman10-regular]:+tlig;!
Missing character: There is no 설 (U+C124) in font [lmroman10-regular]:+tlig;!
Missing character: There is no 치 (U+CE58) in font [lmroman10-regular]:+tlig;!
Missing character: There is no 주 (U+C8FC) in font [lmroman10-regular]:+tlig;!
Missing character: There is no 소 (U+C18C) in font [lmroman10-regular]:+tlig;!
Missing character: There is no 는 (U+B294) in font [lmroman10-regular]:+tlig;!
Missing character: There is no 디 (U+B514) in font [lmroman10-regular]:+tlig;!
Missing character: There is no 폴 (U+D3F4) in font [lmroman10-regular]:+tlig;!
Missing character: There is no 트 (U+D2B8) in font [lmroman10-regular]:+tlig;!
Missing character: There is no 경 (U+ACBD) in font [lmroman10-regular]:+tlig;!
Missing character: There is no 로 (U+B85C) in font [lmroman10-regular]:+tlig;!
Missing character: There is no 로 (U+B85C) in font [lmroman10-regular]:+tlig;!
Missing character: There is no 유 (U+C720) in font [lmroman10-regular]:+tlig;!
Missing character: There is no 지 (U+C9C0) in font [lmroman10-regular]:+tlig;!
Missing character: There is no 체 (U+CCB4) in font [lmroman10-regular]:+tlig;!
Missing character: There is no 크 (U+D06C) in font [lmroman10-regular]:+tlig;!
Missing character: There is no 박 (U+BC15) in font [lmroman10-regular]:+tlig;!
Missing character: There is no 스 (U+C2A4) in font [lmroman10-regular]:+tlig;!
Missing character: There is no 선 (U+C120) in font [lmroman10-regular]:+tlig;!
Missing character: There is no 택 (U+D0DD) in font [lmroman10-regular]:+tlig;!
Missing character: There is no 설 (U+C124) in font [lmroman10-regular]:+tlig;!
Missing character: There is no 치 (U+CE58) in font [lmroman10-regular]:+tlig;!
Missing character: There is no 프 (U+D504) in font [lmroman10-regular]:+tlig;!
Missing character: There is no 로 (U+B85C) in font [lmroman10-regular]:+tlig;!
Missing character: There is no 그 (U+ADF8) in font [lmroman10-regular]:+tlig;!
Missing character: There is no 램 (U+B7A8) in font [lmroman10-regular]:+tlig;!
Missing character: There is no 클 (U+D074) in font [lmroman10-regular]:+tlig;!
Missing character: There is no 릭 (U+B9AD) in font [lmroman10-regular]:+tlig;!
Missing character: There is no 하 (U+D558) in font [lmroman10-regular]:+tlig;!
Missing character: There is no 여 (U+C5EC) in font [lmroman10-regular]:+tlig;!
Missing character: There is no 설 (U+C124) in font [lmroman10-regular]:+tlig;!
Missing character: There is no 치 (U+CE58) in font [lmroman10-regular]:+tlig;!
Missing character: There is no 시 (U+C2DC) in font [lmroman10-regular]:+tlig;!
Missing character: There is no 작 (U+C791) in font [lmroman10-regular]:+tlig;!
Missing character: There is no 설 (U+C124) in font [lmroman10-regular]:+tlig;!
Missing character: There is no 치 (U+CE58) in font [lmroman10-regular]:+tlig;!
Missing character: There is no 주 (U+C8FC) in font [lmroman10-regular]:+tlig;!
Missing character: There is no 소 (U+C18C) in font [lmroman10-regular]:+tlig;!
Missing character: There is no 는 (U+B294) in font [lmroman10-regular]:+tlig;!
Missing character: There is no 디 (U+B514) in font [lmroman10-regular]:+tlig;!
Missing character: There is no 폴 (U+D3F4) in font [lmroman10-regular]:+tlig;!
Missing character: There is no 트 (U+D2B8) in font [lmroman10-regular]:+tlig;!
Missing character: There is no 경 (U+ACBD) in font [lmroman10-regular]:+tlig;!
Missing character: There is no 로 (U+B85C) in font [lmroman10-regular]:+tlig;!
Missing character: There is no 로 (U+B85C) in font [lmroman10-regular]:+tlig;!
Missing character: There is no 유 (U+C720) in font [lmroman10-regular]:+tlig;!
Missing character: There is no 지 (U+C9C0) in font [lmroman10-regular]:+tlig;!
Missing character: There is no 체 (U+CCB4) in font [lmroman10-regular]:+tlig;!
Missing character: There is no 크 (U+D06C) in font [lmroman10-regular]:+tlig;!
Missing character: There is no 박 (U+BC15) in font [lmroman10-regular]:+tlig;!
Missing character: There is no 스 (U+C2A4) in font [lmroman10-regular]:+tlig;!
Missing character: There is no 선 (U+C120) in font [lmroman10-regular]:+tlig;!
Missing character: There is no 택 (U+D0DD) in font [lmroman10-regular]:+tlig;!

Overfull \hbox (304.21495pt too wide) in paragraph at lines 529--533
[]\TU/lmr/m/n/10.95 SUMO 설󰀀치󰀀 프󰀀로󰀀그󰀀램󰀀 클󰀀
릭󰀀하󰀀여󰀀 설󰀀치󰀀 시󰀀작󰀀, SUMO 설󰀀치󰀀 주
󰀀소󰀀는󰀀 디󰀀폴󰀀트󰀀 경󰀀로󰀀로󰀀 유󰀀지󰀀, 
\TU/lmtt/m/n/10.95 set SUMO_HOME and \TU/lmr/m/n/10.95 체󰀀크󰀀박󰀀
스󰀀 선󰀀택󰀀 [] 
 []

Missing character: There is no 설 (U+C124) in font [lmroman10-regular]:+tlig;!
Missing character: There is no 정 (U+C815) in font [lmroman10-regular]:+tlig;!
Missing character: There is no 설 (U+C124) in font [lmroman10-regular]:+tlig;!
Missing character: There is no 정 (U+C815) in font [lmroman10-regular]:+tlig;!
Missing character: There is no 설 (U+C124) in font [lmroman10-regular]:+tlig;!
Missing character: There is no 정 (U+C815) in font [lmroman10-regular]:+tlig;!
Missing character: There is no 설 (U+C124) in font [lmroman10-regular]:+tlig;!
Missing character: There is no 정 (U+C815) in font [lmroman10-regular]:+tlig;!
Missing character: There is no 설 (U+C124) in font [lmroman10-regular]:+tlig;!
Missing character: There is no 정 (U+C815) in font [lmroman10-regular]:+tlig;!
Missing character: There is no 설 (U+C124) in font [lmroman10-regular]:+tlig;!
Missing character: There is no 정 (U+C815) in font [lmroman10-regular]:+tlig;!
Missing character: There is no 설 (U+C124) in font [lmroman10-regular]:+tlig;!
Missing character: There is no 정 (U+C815) in font [lmroman10-regular]:+tlig;!
Missing character: There is no 설 (U+C124) in font [lmroman10-regular]:+tlig;!
Missing character: There is no 정 (U+C815) in font [lmroman10-regular]:+tlig;!
Missing character: There is no 한 (U+D55C) in font [lmroman10-regular]:+tlig;!
Missing character: There is no 주 (U+C8FC) in font [lmroman10-regular]:+tlig;!
Missing character: There is no 소 (U+C18C) in font [lmroman10-regular]:+tlig;!
Missing character: There is no 에 (U+C5D0) in font [lmroman10-regular]:+tlig;!
Missing character: There is no 폴 (U+D3F4) in font [lmroman10-regular]:+tlig;!
Missing character: There is no 더 (U+B354) in font [lmroman10-regular]:+tlig;!
Missing character: There is no 가 (U+AC00) in font [lmroman10-regular]:+tlig;!
Missing character: There is no 설 (U+C124) in font [lmroman10-regular]:+tlig;!
Missing character: There is no 치 (U+CE58) in font [lmroman10-regular]:+tlig;!
Missing character: There is no 되 (U+B418) in font [lmroman10-regular]:+tlig;!
Missing character: There is no 어 (U+C5B4) in font [lmroman10-regular]:+tlig;!
Missing character: There is no 있 (U+C788) in font [lmroman10-regular]:+tlig;!
Missing character: There is no 는 (U+B294) in font [lmroman10-regular]:+tlig;!
Missing character: There is no 지 (U+C9C0) in font [lmroman10-regular]:+tlig;!
Missing character: There is no 확 (U+D655) in font [lmroman10-regular]:+tlig;!
Missing character: There is no 인 (U+C778) in font [lmroman10-regular]:+tlig;!
Missing character: There is no 설 (U+C124) in font [lmroman10-regular]:+tlig;!
Missing character: There is no 정 (U+C815) in font [lmroman10-regular]:+tlig;!
Missing character: There is no 한 (U+D55C) in font [lmroman10-regular]:+tlig;!
Missing character: There is no 주 (U+C8FC) in font [lmroman10-regular]:+tlig;!
Missing character: There is no 소 (U+C18C) in font [lmroman10-regular]:+tlig;!
Missing character: There is no 에 (U+C5D0) in font [lmroman10-regular]:+tlig;!
Missing character: There is no 폴 (U+D3F4) in font [lmroman10-regular]:+tlig;!
Missing character: There is no 더 (U+B354) in font [lmroman10-regular]:+tlig;!
Missing character: There is no 가 (U+AC00) in font [lmroman10-regular]:+tlig;!
Missing character: There is no 설 (U+C124) in font [lmroman10-regular]:+tlig;!
Missing character: There is no 치 (U+CE58) in font [lmroman10-regular]:+tlig;!
Missing character: There is no 되 (U+B418) in font [lmroman10-regular]:+tlig;!
Missing character: There is no 어 (U+C5B4) in font [lmroman10-regular]:+tlig;!
Missing character: There is no 있 (U+C788) in font [lmroman10-regular]:+tlig;!
Missing character: There is no 는 (U+B294) in font [lmroman10-regular]:+tlig;!
Missing character: There is no 지 (U+C9C0) in font [lmroman10-regular]:+tlig;!
Missing character: There is no 확 (U+D655) in font [lmroman10-regular]:+tlig;!
Missing character: There is no 인 (U+C778) in font [lmroman10-regular]:+tlig;!
Missing character: There is no 디 (U+B514) in font [lmroman10-regular]:+tlig;!
Missing character: There is no 폴 (U+D3F4) in font [lmroman10-regular]:+tlig;!
Missing character: There is no 디 (U+B514) in font [lmroman10-regular]:+tlig;!
Missing character: There is no 폴 (U+D3F4) in font [lmroman10-regular]:+tlig;!
Missing character: There is no 디 (U+B514) in font [lmroman10-regular]:+tlig;!
Missing character: There is no 폴 (U+D3F4) in font [lmroman10-regular]:+tlig;!
Missing character: There is no 디 (U+B514) in font [lmroman10-regular]:+tlig;!
Missing character: There is no 폴 (U+D3F4) in font [lmroman10-regular]:+tlig;!
Missing character: There is no 디 (U+B514) in font [lmroman10-regular]:+tlig;!
Missing character: There is no 폴 (U+D3F4) in font [lmroman10-regular]:+tlig;!
Missing character: There is no 디 (U+B514) in font [lmroman10-regular]:+tlig;!
Missing character: There is no 폴 (U+D3F4) in font [lmroman10-regular]:+tlig;!
Missing character: There is no 디 (U+B514) in font [lmroman10-regular]:+tlig;!
Missing character: There is no 폴 (U+D3F4) in font [lmroman10-regular]:+tlig;!
<image/install_window_down4.jpeg, id=118, 277.2759pt x 245.4771pt>
File: image/install_window_down4.jpeg Graphic file (type jpg)
<use image/install_window_down4.jpeg>
Package luatex.def Info: image/install_window_down4.jpeg  used on input line 54
1.
(luatex.def)             Requested size: 277.2752pt x 245.47649pt.
Missing character: There is no 디 (U+B514) in font [lmroman10-regular]:+tlig;!
Missing character: There is no 폴 (U+D3F4) in font [lmroman10-regular]:+tlig;!
Missing character: There is no 트 (U+D2B8) in font [lmroman10-regular]:+tlig;!
Missing character: There is no 경 (U+ACBD) in font [lmroman10-regular]:+tlig;!
Missing character: There is no 로 (U+B85C) in font [lmroman10-regular]:+tlig;!
Missing character: There is no 대 (U+B300) in font [lmroman10-regular]:+tlig;!
Missing character: There is no 로 (U+B85C) in font [lmroman10-regular]:+tlig;!
Missing character: There is no 설 (U+C124) in font [lmroman10-regular]:+tlig;!
Missing character: There is no 치 (U+CE58) in font [lmroman10-regular]:+tlig;!
Missing character: There is no 하 (U+D558) in font [lmroman10-regular]:+tlig;!
Missing character: There is no 였 (U+C600) in font [lmroman10-regular]:+tlig;!
Missing character: There is no 다 (U+B2E4) in font [lmroman10-regular]:+tlig;!
Missing character: There is no 면 (U+BA74) in font [lmroman10-regular]:+tlig;!
Missing character: There is no 내 (U+B0B4) in font [lmmono10-regular]:!
Missing character: There is no 로 (U+B85C) in font [lmmono10-regular]:!
Missing character: There is no 컬 (U+CEEC) in font [lmmono10-regular]:!
Missing character: There is no 디 (U+B514) in font [lmmono10-regular]:!
Missing character: There is no 스 (U+C2A4) in font [lmmono10-regular]:!
Missing character: There is no 크 (U+D06C) in font [lmmono10-regular]:!
Missing character: There is no 에 (U+C5D0) in font [lmroman10-regular]:+tlig;!
Missing character: There is no 프 (U+D504) in font [lmroman10-regular]:+tlig;!
Missing character: There is no 로 (U+B85C) in font [lmroman10-regular]:+tlig;!
Missing character: There is no 그 (U+ADF8) in font [lmroman10-regular]:+tlig;!
Missing character: There is no 램 (U+B7A8) in font [lmroman10-regular]:+tlig;!
Missing character: There is no 폴 (U+D3F4) in font [lmroman10-regular]:+tlig;!
Missing character: There is no 더 (U+B354) in font [lmroman10-regular]:+tlig;!
Missing character: There is no 가 (U+AC00) in font [lmroman10-regular]:+tlig;!
Missing character: There is no 설 (U+C124) in font [lmroman10-regular]:+tlig;!
Missing character: There is no 치 (U+CE58) in font [lmroman10-regular]:+tlig;!
Missing character: There is no 되 (U+B418) in font [lmroman10-regular]:+tlig;!
Missing character: There is no 어 (U+C5B4) in font [lmroman10-regular]:+tlig;!
Missing character: There is no 있 (U+C788) in font [lmroman10-regular]:+tlig;!
Missing character: There is no 다 (U+B2E4) in font [lmroman10-regular]:+tlig;!
Missing character: There is no 디 (U+B514) in font [lmroman10-regular]:+tlig;!
Missing character: There is no 폴 (U+D3F4) in font [lmroman10-regular]:+tlig;!
Missing character: There is no 트 (U+D2B8) in font [lmroman10-regular]:+tlig;!
Missing character: There is no 경 (U+ACBD) in font [lmroman10-regular]:+tlig;!
Missing character: There is no 로 (U+B85C) in font [lmroman10-regular]:+tlig;!
Missing character: There is no 대 (U+B300) in font [lmroman10-regular]:+tlig;!
Missing character: There is no 로 (U+B85C) in font [lmroman10-regular]:+tlig;!
Missing character: There is no 설 (U+C124) in font [lmroman10-regular]:+tlig;!
Missing character: There is no 치 (U+CE58) in font [lmroman10-regular]:+tlig;!
Missing character: There is no 하 (U+D558) in font [lmroman10-regular]:+tlig;!
Missing character: There is no 였 (U+C600) in font [lmroman10-regular]:+tlig;!
Missing character: There is no 다 (U+B2E4) in font [lmroman10-regular]:+tlig;!
Missing character: There is no 면 (U+BA74) in font [lmroman10-regular]:+tlig;!
Missing character: There is no 내 (U+B0B4) in font [lmmono10-regular]:!
Missing character: There is no 로 (U+B85C) in font [lmmono10-regular]:!
Missing character: There is no 컬 (U+CEEC) in font [lmmono10-regular]:!
Missing character: There is no 디 (U+B514) in font [lmmono10-regular]:!
Missing character: There is no 스 (U+C2A4) in font [lmmono10-regular]:!
Missing character: There is no 크 (U+D06C) in font [lmmono10-regular]:!
Missing character: There is no 에 (U+C5D0) in font [lmroman10-regular]:+tlig;!
Missing character: There is no 프 (U+D504) in font [lmroman10-regular]:+tlig;!
Missing character: There is no 로 (U+B85C) in font [lmroman10-regular]:+tlig;!
Missing character: There is no 그 (U+ADF8) in font [lmroman10-regular]:+tlig;!
Missing character: There is no 램 (U+B7A8) in font [lmroman10-regular]:+tlig;!
Missing character: There is no 폴 (U+D3F4) in font [lmroman10-regular]:+tlig;!
Missing character: There is no 더 (U+B354) in font [lmroman10-regular]:+tlig;!
Missing character: There is no 가 (U+AC00) in font [lmroman10-regular]:+tlig;!
Missing character: There is no 설 (U+C124) in font [lmroman10-regular]:+tlig;!
Missing character: There is no 치 (U+CE58) in font [lmroman10-regular]:+tlig;!
Missing character: There is no 되 (U+B418) in font [lmroman10-regular]:+tlig;!
Missing character: There is no 어 (U+C5B4) in font [lmroman10-regular]:+tlig;!
Missing character: There is no 디 (U+B514) in font [lmroman10-regular]:+tlig;!
Missing character: There is no 폴 (U+D3F4) in font [lmroman10-regular]:+tlig;!
Missing character: There is no 트 (U+D2B8) in font [lmroman10-regular]:+tlig;!
Missing character: There is no 경 (U+ACBD) in font [lmroman10-regular]:+tlig;!
Missing character: There is no 로 (U+B85C) in font [lmroman10-regular]:+tlig;!
Missing character: There is no 대 (U+B300) in font [lmroman10-regular]:+tlig;!
Missing character: There is no 로 (U+B85C) in font [lmroman10-regular]:+tlig;!
Missing character: There is no 설 (U+C124) in font [lmroman10-regular]:+tlig;!
Missing character: There is no 치 (U+CE58) in font [lmroman10-regular]:+tlig;!
Missing character: There is no 하 (U+D558) in font [lmroman10-regular]:+tlig;!
Missing character: There is no 였 (U+C600) in font [lmroman10-regular]:+tlig;!
Missing character: There is no 다 (U+B2E4) in font [lmroman10-regular]:+tlig;!
Missing character: There is no 면 (U+BA74) in font [lmroman10-regular]:+tlig;!
Missing character: There is no 내 (U+B0B4) in font [lmmono10-regular]:!
Missing character: There is no 로 (U+B85C) in font [lmmono10-regular]:!
Missing character: There is no 컬 (U+CEEC) in font [lmmono10-regular]:!
Missing character: There is no 디 (U+B514) in font [lmmono10-regular]:!
Missing character: There is no 스 (U+C2A4) in font [lmmono10-regular]:!
Missing character: There is no 크 (U+D06C) in font [lmmono10-regular]:!
Missing character: There is no 에 (U+C5D0) in font [lmroman10-regular]:+tlig;!
Missing character: There is no 프 (U+D504) in font [lmroman10-regular]:+tlig;!
Missing character: There is no 로 (U+B85C) in font [lmroman10-regular]:+tlig;!
Missing character: There is no 그 (U+ADF8) in font [lmroman10-regular]:+tlig;!
Missing character: There is no 램 (U+B7A8) in font [lmroman10-regular]:+tlig;!
Missing character: There is no 폴 (U+D3F4) in font [lmroman10-regular]:+tlig;!
Missing character: There is no 더 (U+B354) in font [lmroman10-regular]:+tlig;!
Missing character: There is no 가 (U+AC00) in font [lmroman10-regular]:+tlig;!
Missing character: There is no 설 (U+C124) in font [lmroman10-regular]:+tlig;!
Missing character: There is no 치 (U+CE58) in font [lmroman10-regular]:+tlig;!
Missing character: There is no 되 (U+B418) in font [lmroman10-regular]:+tlig;!
Missing character: There is no 어 (U+C5B4) in font [lmroman10-regular]:+tlig;!
Missing character: There is no 있 (U+C788) in font [lmroman10-regular]:+tlig;!
Missing character: There is no 다 (U+B2E4) in font [lmroman10-regular]:+tlig;!


[14

Missing character: There is no 설 (U+C124) in font [lmsans10-bold]:+tlig;!
Missing character: There is no 치 (U+CE58) in font [lmsans10-bold]:+tlig;!
Missing character: There is no 윈 (U+C708) in font [lmsans10-bold]:+tlig;!
Missing character: There is no 도 (U+B3C4) in font [lmsans10-bold]:+tlig;!
Missing character: There is no 우 (U+C6B0) in font [lmsans10-bold]:+tlig;!
Missing character: There is no 접 (U+C811) in font [lmroman10-regular]:+tlig;!
Missing character: There is no 속 (U+C18D) in font [lmroman10-regular]:+tlig;!
Missing character: There is no 을 (U+C744) in font [lmroman10-regular]:+tlig;!
Missing character: There is no 클 (U+D074) in font [lmroman10-regular]:+tlig;!
Missing character: There is no 릭 (U+B9AD) in font [lmroman10-regular]:+tlig;!
Missing character: There is no 하 (U+D558) in font [lmroman10-regular]:+tlig;!
Missing character: There is no 여 (U+C5EC) in font [lmroman10-regular]:+tlig;!
Missing character: There is no 설 (U+C124) in font [lmroman10-regular]:+tlig;!
Missing character: There is no 치 (U+CE58) in font [lmroman10-regular]:+tlig;!
Missing character: There is no 프 (U+D504) in font [lmroman10-regular]:+tlig;!
Missing character: There is no 로 (U+B85C) in font [lmroman10-regular]:+tlig;!
Missing character: There is no 그 (U+ADF8) in font [lmroman10-regular]:+tlig;!
Missing character: There is no 램 (U+B7A8) in font [lmroman10-regular]:+tlig;!
Missing character: There is no 다 (U+B2E4) in font [lmroman10-regular]:+tlig;!
Missing character: There is no 운 (U+C6B4) in font [lmroman10-regular]:+tlig;!
Missing character: There is no 로 (U+B85C) in font [lmroman10-regular]:+tlig;!
Missing character: There is no 드 (U+B4DC) in font [lmroman10-regular]:+tlig;!
Missing character: There is no 설 (U+C124) in font [lmroman10-regular]:+tlig;!
Missing character: There is no 치 (U+CE58) in font [lmroman10-regular]:+tlig;!
Missing character: There is no 프 (U+D504) in font [lmroman10-regular]:+tlig;!
Missing character: There is no 로 (U+B85C) in font [lmroman10-regular]:+tlig;!
Missing character: There is no 그 (U+ADF8) in font [lmroman10-regular]:+tlig;!
Missing character: There is no 램 (U+B7A8) in font [lmroman10-regular]:+tlig;!
Missing character: There is no 클 (U+D074) in font [lmroman10-regular]:+tlig;!
Missing character: There is no 릭 (U+B9AD) in font [lmroman10-regular]:+tlig;!
Missing character: There is no 하 (U+D558) in font [lmroman10-regular]:+tlig;!
Missing character: There is no 여 (U+C5EC) in font [lmroman10-regular]:+tlig;!
Missing character: There is no 설 (U+C124) in font [lmroman10-regular]:+tlig;!
Missing character: There is no 치 (U+CE58) in font [lmroman10-regular]:+tlig;!
Missing character: There is no 시 (U+C2DC) in font [lmroman10-regular]:+tlig;!
Missing character: There is no 작 (U+C791) in font [lmroman10-regular]:+tlig;!
Missing character: There is no 설 (U+C124) in font [lmroman10-regular]:+tlig;!
Missing character: There is no 치 (U+CE58) in font [lmroman10-regular]:+tlig;!
Missing character: There is no 주 (U+C8FC) in font [lmroman10-regular]:+tlig;!
Missing character: There is no 소 (U+C18C) in font [lmroman10-regular]:+tlig;!
Missing character: There is no 는 (U+B294) in font [lmroman10-regular]:+tlig;!
Missing character: There is no 디 (U+B514) in font [lmroman10-regular]:+tlig;!
Missing character: There is no 폴 (U+D3F4) in font [lmroman10-regular]:+tlig;!
Missing character: There is no 트 (U+D2B8) in font [lmroman10-regular]:+tlig;!
Missing character: There is no 경 (U+ACBD) in font [lmroman10-regular]:+tlig;!
Missing character: There is no 로 (U+B85C) in font [lmroman10-regular]:+tlig;!
Missing character: There is no 로 (U+B85C) in font [lmroman10-regular]:+tlig;!
Missing character: There is no 유 (U+C720) in font [lmroman10-regular]:+tlig;!
Missing character: There is no 지 (U+C9C0) in font [lmroman10-regular]:+tlig;!
Missing character: There is no 체 (U+CCB4) in font [lmroman10-regular]:+tlig;!
Missing character: There is no 크 (U+D06C) in font [lmroman10-regular]:+tlig;!
Missing character: There is no 박 (U+BC15) in font [lmroman10-regular]:+tlig;!
Missing character: There is no 스 (U+C2A4) in font [lmroman10-regular]:+tlig;!
Missing character: There is no 선 (U+C120) in font [lmroman10-regular]:+tlig;!
Missing character: There is no 택 (U+D0DD) in font [lmroman10-regular]:+tlig;!
Missing character: There is no 설 (U+C124) in font [lmroman10-regular]:+tlig;!
Missing character: There is no 정 (U+C815) in font [lmroman10-regular]:+tlig;!
Missing character: There is no 한 (U+D55C) in font [lmroman10-regular]:+tlig;!
Missing character: There is no 주 (U+C8FC) in font [lmroman10-regular]:+tlig;!
Missing character: There is no 소 (U+C18C) in font [lmroman10-regular]:+tlig;!
Missing character: There is no 에 (U+C5D0) in font [lmroman10-regular]:+tlig;!
Missing character: There is no 폴 (U+D3F4) in font [lmroman10-regular]:+tlig;!
Missing character: There is no 더 (U+B354) in font [lmroman10-regular]:+tlig;!
Missing character: There is no 가 (U+AC00) in font [lmroman10-regular]:+tlig;!
Missing character: There is no 설 (U+C124) in font [lmroman10-regular]:+tlig;!
Missing character: There is no 치 (U+CE58) in font [lmroman10-regular]:+tlig;!
Missing character: There is no 되 (U+B418) in font [lmroman10-regular]:+tlig;!
Missing character: There is no 어 (U+C5B4) in font [lmroman10-regular]:+tlig;!
Missing character: There is no 있 (U+C788) in font [lmroman10-regular]:+tlig;!
Missing character: There is no 는 (U+B294) in font [lmroman10-regular]:+tlig;!
Missing character: There is no 지 (U+C9C0) in font [lmroman10-regular]:+tlig;!
Missing character: There is no 확 (U+D655) in font [lmroman10-regular]:+tlig;!
Missing character: There is no 인 (U+C778) in font [lmroman10-regular]:+tlig;!
Missing character: There is no 디 (U+B514) in font [lmroman10-regular]:+tlig;!
Missing character: There is no 폴 (U+D3F4) in font [lmroman10-regular]:+tlig;!
Missing character: There is no 트 (U+D2B8) in font [lmroman10-regular]:+tlig;!
Missing character: There is no 경 (U+ACBD) in font [lmroman10-regular]:+tlig;!
Missing character: There is no 로 (U+B85C) in font [lmroman10-regular]:+tlig;!
Missing character: There is no 대 (U+B300) in font [lmroman10-regular]:+tlig;!
Missing character: There is no 로 (U+B85C) in font [lmroman10-regular]:+tlig;!
Missing character: There is no 설 (U+C124) in font [lmroman10-regular]:+tlig;!
Missing character: There is no 치 (U+CE58) in font [lmroman10-regular]:+tlig;!
Missing character: There is no 하 (U+D558) in font [lmroman10-regular]:+tlig;!
Missing character: There is no 였 (U+C600) in font [lmroman10-regular]:+tlig;!
Missing character: There is no 다 (U+B2E4) in font [lmroman10-regular]:+tlig;!
Missing character: There is no 면 (U+BA74) in font [lmroman10-regular]:+tlig;!
Missing character: There is no 내 (U+B0B4) in font [lmmono10-regular]:!
Missing character: There is no 로 (U+B85C) in font [lmmono10-regular]:!
Missing character: There is no 컬 (U+CEEC) in font [lmmono10-regular]:!
Missing character: There is no 디 (U+B514) in font [lmmono10-regular]:!
Missing character: There is no 스 (U+C2A4) in font [lmmono10-regular]:!
Missing character: There is no 크 (U+D06C) in font [lmmono10-regular]:!
Missing character: There is no 에 (U+C5D0) in font [lmroman10-regular]:+tlig;!
Missing character: There is no 프 (U+D504) in font [lmroman10-regular]:+tlig;!
Missing character: There is no 로 (U+B85C) in font [lmroman10-regular]:+tlig;!
Missing character: There is no 그 (U+ADF8) in font [lmroman10-regular]:+tlig;!
Missing character: There is no 램 (U+B7A8) in font [lmroman10-regular]:+tlig;!
Missing character: There is no 폴 (U+D3F4) in font [lmroman10-regular]:+tlig;!
Missing character: There is no 더 (U+B354) in font [lmroman10-regular]:+tlig;!
Missing character: There is no 가 (U+AC00) in font [lmroman10-regular]:+tlig;!
Missing character: There is no 설 (U+C124) in font [lmroman10-regular]:+tlig;!
Missing character: There is no 치 (U+CE58) in font [lmroman10-regular]:+tlig;!
Missing character: There is no 되 (U+B418) in font [lmroman10-regular]:+tlig;!
Missing character: There is no 어 (U+C5B4) in font [lmroman10-regular]:+tlig;!
<./image/install_window_down1.jpeg><./image/install_window_down3.jpeg>]
<image/install_window_down5.jpeg, id=129, 277.2759pt x 245.4771pt>
File: image/install_window_down5.jpeg Graphic file (type jpg)
<use image/install_window_down5.jpeg>
Package luatex.def Info: image/install_window_down5.jpeg  used on input line 54
7.
(luatex.def)             Requested size: 277.2752pt x 245.47649pt.
Missing character: There is no 폴 (U+D3F4) in font [lmroman10-regular]:+tlig;!
Missing character: There is no 더 (U+B354) in font [lmroman10-regular]:+tlig;!
Missing character: There is no 안 (U+C548) in font [lmroman10-regular]:+tlig;!
Missing character: There is no 에 (U+C5D0) in font [lmroman10-regular]:+tlig;!
Missing character: There is no 프 (U+D504) in font [lmroman10-regular]:+tlig;!
Missing character: There is no 로 (U+B85C) in font [lmroman10-regular]:+tlig;!
Missing character: There is no 그 (U+ADF8) in font [lmroman10-regular]:+tlig;!
Missing character: There is no 램 (U+B7A8) in font [lmroman10-regular]:+tlig;!
Missing character: There is no 이 (U+C774) in font [lmroman10-regular]:+tlig;!
Missing character: There is no 있 (U+C788) in font [lmroman10-regular]:+tlig;!
Missing character: There is no 다 (U+B2E4) in font [lmroman10-regular]:+tlig;!
Missing character: There is no 각 (U+AC01) in font [lmroman10-regular]:+tlig;!
Missing character: There is no 프 (U+D504) in font [lmroman10-regular]:+tlig;!
Missing character: There is no 로 (U+B85C) in font [lmroman10-regular]:+tlig;!
Missing character: There is no 그 (U+ADF8) in font [lmroman10-regular]:+tlig;!
Missing character: There is no 램 (U+B7A8) in font [lmroman10-regular]:+tlig;!
Missing character: There is no 별 (U+BCC4) in font [lmroman10-regular]:+tlig;!
Missing character: There is no 기 (U+AE30) in font [lmroman10-regular]:+tlig;!
Missing character: There is no 능 (U+B2A5) in font [lmroman10-regular]:+tlig;!
Missing character: There is no 은 (U+C740) in font [lmroman10-regular]:+tlig;!
Missing character: There is no 에 (U+C5D0) in font [lmroman10-regular]:+tlig;!
Missing character: There is no 서 (U+C11C) in font [lmroman10-regular]:+tlig;!
Missing character: There is no 검 (U+AC80) in font [lmroman10-regular]:+tlig;!
Missing character: There is no 색 (U+C0C9) in font [lmroman10-regular]:+tlig;!
Missing character: There is no 해 (U+D574) in font [lmroman10-regular]:+tlig;!
Missing character: There is no 서 (U+C11C) in font [lmroman10-regular]:+tlig;!
Missing character: There is no 찾 (U+CC3E) in font [lmroman10-regular]:+tlig;!
Missing character: There is no 아 (U+C544) in font [lmroman10-regular]:+tlig;!
Missing character: There is no 볼 (U+BCFC) in font [lmroman10-regular]:+tlig;!
Missing character: There is no 수 (U+C218) in font [lmroman10-regular]:+tlig;!
Missing character: There is no 있 (U+C788) in font [lmroman10-regular]:+tlig;!
Missing character: There is no 다 (U+B2E4) in font [lmroman10-regular]:+tlig;!
Missing character: There is no 폴 (U+D3F4) in font [lmroman10-regular]:+tlig;!
Missing character: There is no 더 (U+B354) in font [lmroman10-regular]:+tlig;!
Missing character: There is no 안 (U+C548) in font [lmroman10-regular]:+tlig;!
Missing character: There is no 에 (U+C5D0) in font [lmroman10-regular]:+tlig;!
Missing character: There is no 프 (U+D504) in font [lmroman10-regular]:+tlig;!
Missing character: There is no 로 (U+B85C) in font [lmroman10-regular]:+tlig;!
Missing character: There is no 그 (U+ADF8) in font [lmroman10-regular]:+tlig;!
Missing character: There is no 램 (U+B7A8) in font [lmroman10-regular]:+tlig;!
Missing character: There is no 이 (U+C774) in font [lmroman10-regular]:+tlig;!
Missing character: There is no 있 (U+C788) in font [lmroman10-regular]:+tlig;!
Missing character: There is no 다 (U+B2E4) in font [lmroman10-regular]:+tlig;!
Missing character: There is no 각 (U+AC01) in font [lmroman10-regular]:+tlig;!
Missing character: There is no 프 (U+D504) in font [lmroman10-regular]:+tlig;!
Missing character: There is no 로 (U+B85C) in font [lmroman10-regular]:+tlig;!
Missing character: There is no 그 (U+ADF8) in font [lmroman10-regular]:+tlig;!
Missing character: There is no 램 (U+B7A8) in font [lmroman10-regular]:+tlig;!
Missing character: There is no 별 (U+BCC4) in font [lmroman10-regular]:+tlig;!
Missing character: There is no 기 (U+AE30) in font [lmroman10-regular]:+tlig;!
Missing character: There is no 능 (U+B2A5) in font [lmroman10-regular]:+tlig;!
Missing character: There is no 은 (U+C740) in font [lmroman10-regular]:+tlig;!
Missing character: There is no 에 (U+C5D0) in font [lmroman10-regular]:+tlig;!
Missing character: There is no 서 (U+C11C) in font [lmroman10-regular]:+tlig;!
Missing character: There is no 검 (U+AC80) in font [lmroman10-regular]:+tlig;!
Missing character: There is no 색 (U+C0C9) in font [lmroman10-regular]:+tlig;!
Missing character: There is no 해 (U+D574) in font [lmroman10-regular]:+tlig;!
Missing character: There is no 서 (U+C11C) in font [lmroman10-regular]:+tlig;!
Missing character: There is no 찾 (U+CC3E) in font [lmroman10-regular]:+tlig;!
Missing character: There is no 아 (U+C544) in font [lmroman10-regular]:+tlig;!
Missing character: There is no 볼 (U+BCFC) in font [lmroman10-regular]:+tlig;!
Missing character: There is no 수 (U+C218) in font [lmroman10-regular]:+tlig;!
Missing character: There is no 있 (U+C788) in font [lmroman10-regular]:+tlig;!
Missing character: There is no 다 (U+B2E4) in font [lmroman10-regular]:+tlig;!
Missing character: There is no 폴 (U+D3F4) in font [lmroman10-regular]:+tlig;!
Missing character: There is no 더 (U+B354) in font [lmroman10-regular]:+tlig;!
Missing character: There is no 안 (U+C548) in font [lmroman10-regular]:+tlig;!
Missing character: There is no 에 (U+C5D0) in font [lmroman10-regular]:+tlig;!
Missing character: There is no 프 (U+D504) in font [lmroman10-regular]:+tlig;!
Missing character: There is no 로 (U+B85C) in font [lmroman10-regular]:+tlig;!
Missing character: There is no 그 (U+ADF8) in font [lmroman10-regular]:+tlig;!
Missing character: There is no 램 (U+B7A8) in font [lmroman10-regular]:+tlig;!
Missing character: There is no 이 (U+C774) in font [lmroman10-regular]:+tlig;!
Missing character: There is no 있 (U+C788) in font [lmroman10-regular]:+tlig;!
Missing character: There is no 다 (U+B2E4) in font [lmroman10-regular]:+tlig;!
Missing character: There is no 각 (U+AC01) in font [lmroman10-regular]:+tlig;!
Missing character: There is no 프 (U+D504) in font [lmroman10-regular]:+tlig;!
Missing character: There is no 로 (U+B85C) in font [lmroman10-regular]:+tlig;!
Missing character: There is no 그 (U+ADF8) in font [lmroman10-regular]:+tlig;!
Missing character: There is no 램 (U+B7A8) in font [lmroman10-regular]:+tlig;!
Missing character: There is no 별 (U+BCC4) in font [lmroman10-regular]:+tlig;!
Missing character: There is no 기 (U+AE30) in font [lmroman10-regular]:+tlig;!
Missing character: There is no 능 (U+B2A5) in font [lmroman10-regular]:+tlig;!
Missing character: There is no 은 (U+C740) in font [lmroman10-regular]:+tlig;!
Missing character: There is no 에 (U+C5D0) in font [lmroman10-regular]:+tlig;!
Missing character: There is no 서 (U+C11C) in font [lmroman10-regular]:+tlig;!
Missing character: There is no 검 (U+AC80) in font [lmroman10-regular]:+tlig;!
Missing character: There is no 색 (U+C0C9) in font [lmroman10-regular]:+tlig;!
Missing character: There is no 해 (U+D574) in font [lmroman10-regular]:+tlig;!
Missing character: There is no 서 (U+C11C) in font [lmroman10-regular]:+tlig;!
Missing character: There is no 찾 (U+CC3E) in font [lmroman10-regular]:+tlig;!
Missing character: There is no 아 (U+C544) in font [lmroman10-regular]:+tlig;!
Missing character: There is no 볼 (U+BCFC) in font [lmroman10-regular]:+tlig;!
Missing character: There is no 수 (U+C218) in font [lmroman10-regular]:+tlig;!
Missing character: There is no 있 (U+C788) in font [lmroman10-regular]:+tlig;!
Missing character: There is no 다 (U+B2E4) in font [lmroman10-regular]:+tlig;!
Missing character: There is no 폴 (U+D3F4) in font [lmroman10-regular]:+tlig;!
Missing character: There is no 더 (U+B354) in font [lmroman10-regular]:+tlig;!
Missing character: There is no 안 (U+C548) in font [lmroman10-regular]:+tlig;!
Missing character: There is no 에 (U+C5D0) in font [lmroman10-regular]:+tlig;!
Missing character: There is no 프 (U+D504) in font [lmroman10-regular]:+tlig;!
Missing character: There is no 로 (U+B85C) in font [lmroman10-regular]:+tlig;!
Missing character: There is no 그 (U+ADF8) in font [lmroman10-regular]:+tlig;!
Missing character: There is no 램 (U+B7A8) in font [lmroman10-regular]:+tlig;!
Missing character: There is no 이 (U+C774) in font [lmroman10-regular]:+tlig;!
Missing character: There is no 있 (U+C788) in font [lmroman10-regular]:+tlig;!
Missing character: There is no 다 (U+B2E4) in font [lmroman10-regular]:+tlig;!
Missing character: There is no 각 (U+AC01) in font [lmroman10-regular]:+tlig;!
Missing character: There is no 프 (U+D504) in font [lmroman10-regular]:+tlig;!
Missing character: There is no 로 (U+B85C) in font [lmroman10-regular]:+tlig;!
Missing character: There is no 그 (U+ADF8) in font [lmroman10-regular]:+tlig;!
Missing character: There is no 램 (U+B7A8) in font [lmroman10-regular]:+tlig;!
Missing character: There is no 별 (U+BCC4) in font [lmroman10-regular]:+tlig;!
Missing character: There is no 기 (U+AE30) in font [lmroman10-regular]:+tlig;!
Missing character: There is no 능 (U+B2A5) in font [lmroman10-regular]:+tlig;!
Missing character: There is no 은 (U+C740) in font [lmroman10-regular]:+tlig;!
Missing character: There is no 에 (U+C5D0) in font [lmroman10-regular]:+tlig;!
Missing character: There is no 서 (U+C11C) in font [lmroman10-regular]:+tlig;!
Missing character: There is no 검 (U+AC80) in font [lmroman10-regular]:+tlig;!
Missing character: There is no 색 (U+C0C9) in font [lmroman10-regular]:+tlig;!
Missing character: There is no 해 (U+D574) in font [lmroman10-regular]:+tlig;!
Missing character: There is no 서 (U+C11C) in font [lmroman10-regular]:+tlig;!
Missing character: There is no 찾 (U+CC3E) in font [lmroman10-regular]:+tlig;!
Missing character: There is no 아 (U+C544) in font [lmroman10-regular]:+tlig;!
Missing character: There is no 볼 (U+BCFC) in font [lmroman10-regular]:+tlig;!
Missing character: There is no 수 (U+C218) in font [lmroman10-regular]:+tlig;!
Missing character: There is no 있 (U+C788) in font [lmroman10-regular]:+tlig;!
Missing character: There is no 다 (U+B2E4) in font [lmroman10-regular]:+tlig;!
Missing character: There is no 폴 (U+D3F4) in font [lmroman10-regular]:+tlig;!
Missing character: There is no 더 (U+B354) in font [lmroman10-regular]:+tlig;!
Missing character: There is no 안 (U+C548) in font [lmroman10-regular]:+tlig;!
Missing character: There is no 에 (U+C5D0) in font [lmroman10-regular]:+tlig;!
Missing character: There is no 프 (U+D504) in font [lmroman10-regular]:+tlig;!
Missing character: There is no 로 (U+B85C) in font [lmroman10-regular]:+tlig;!
Missing character: There is no 그 (U+ADF8) in font [lmroman10-regular]:+tlig;!
Missing character: There is no 램 (U+B7A8) in font [lmroman10-regular]:+tlig;!
Missing character: There is no 이 (U+C774) in font [lmroman10-regular]:+tlig;!
Missing character: There is no 있 (U+C788) in font [lmroman10-regular]:+tlig;!
Missing character: There is no 다 (U+B2E4) in font [lmroman10-regular]:+tlig;!
Missing character: There is no 각 (U+AC01) in font [lmroman10-regular]:+tlig;!
Missing character: There is no 프 (U+D504) in font [lmroman10-regular]:+tlig;!
Missing character: There is no 로 (U+B85C) in font [lmroman10-regular]:+tlig;!
Missing character: There is no 그 (U+ADF8) in font [lmroman10-regular]:+tlig;!
Missing character: There is no 램 (U+B7A8) in font [lmroman10-regular]:+tlig;!
Missing character: There is no 별 (U+BCC4) in font [lmroman10-regular]:+tlig;!
Missing character: There is no 기 (U+AE30) in font [lmroman10-regular]:+tlig;!
Missing character: There is no 능 (U+B2A5) in font [lmroman10-regular]:+tlig;!
Missing character: There is no 은 (U+C740) in font [lmroman10-regular]:+tlig;!
Missing character: There is no 에 (U+C5D0) in font [lmroman10-regular]:+tlig;!
Missing character: There is no 서 (U+C11C) in font [lmroman10-regular]:+tlig;!
Missing character: There is no 검 (U+AC80) in font [lmroman10-regular]:+tlig;!
Missing character: There is no 색 (U+C0C9) in font [lmroman10-regular]:+tlig;!
Missing character: There is no 해 (U+D574) in font [lmroman10-regular]:+tlig;!
Missing character: There is no 서 (U+C11C) in font [lmroman10-regular]:+tlig;!
Missing character: There is no 찾 (U+CC3E) in font [lmroman10-regular]:+tlig;!
Missing character: There is no 아 (U+C544) in font [lmroman10-regular]:+tlig;!
Missing character: There is no 볼 (U+BCFC) in font [lmroman10-regular]:+tlig;!
Missing character: There is no 수 (U+C218) in font [lmroman10-regular]:+tlig;!
Missing character: There is no 있 (U+C788) in font [lmroman10-regular]:+tlig;!
Missing character: There is no 다 (U+B2E4) in font [lmroman10-regular]:+tlig;!

Overfull \hbox (168.48582pt too wide) in paragraph at lines 544--549
[]\TU/lmr/m/n/10.95 tools 폴󰀀더󰀀 안󰀀에󰀀 SUMO python 프󰀀로
󰀀그󰀀램󰀀이󰀀 있󰀀다󰀀. 각󰀀 프󰀀로󰀀그󰀀램󰀀
별󰀀 기󰀀능󰀀은󰀀 [][]SUMO doc-u-ment[][]에󰀀서󰀀 검󰀀색
󰀀해󰀀서󰀀 찾󰀀아󰀀볼󰀀 수󰀀 있󰀀다󰀀. [] 
 []

Missing character: There is no 창 (U+CC3D) in font [lmroman10-regular]:+tlig;!
Missing character: There is no 을 (U+C744) in font [lmroman10-regular]:+tlig;!
Missing character: There is no 켜 (U+CF1C) in font [lmroman10-regular]:+tlig;!
Missing character: There is no 서 (U+C11C) in font [lmroman10-regular]:+tlig;!
Missing character: There is no 가 (U+AC00) in font [lmroman10-regular]:+tlig;!
Missing character: There is no 잘 (U+C798) in font [lmroman10-regular]:+tlig;!
Missing character: There is no 작 (U+C791) in font [lmroman10-regular]:+tlig;!
Missing character: There is no 동 (U+B3D9) in font [lmroman10-regular]:+tlig;!
Missing character: There is no 하 (U+D558) in font [lmroman10-regular]:+tlig;!
Missing character: There is no 는 (U+B294) in font [lmroman10-regular]:+tlig;!
Missing character: There is no 지 (U+C9C0) in font [lmroman10-regular]:+tlig;!
Missing character: There is no 확 (U+D655) in font [lmroman10-regular]:+tlig;!
Missing character: There is no 인 (U+C778) in font [lmroman10-regular]:+tlig;!
Missing character: There is no 한 (U+D55C) in font [lmroman10-regular]:+tlig;!
Missing character: There is no 다 (U+B2E4) in font [lmroman10-regular]:+tlig;!
Missing character: There is no 만 (U+B9CC) in font [lmroman10-regular]:+tlig;!
Missing character: There is no 약 (U+C57D) in font [lmroman10-regular]:+tlig;!
Missing character: There is no 프 (U+D504) in font [lmroman10-regular]:+tlig;!
Missing character: There is no 로 (U+B85C) in font [lmroman10-regular]:+tlig;!
Missing character: There is no 그 (U+ADF8) in font [lmroman10-regular]:+tlig;!
Missing character: There is no 램 (U+B7A8) in font [lmroman10-regular]:+tlig;!
Missing character: There is no 폴 (U+D3F4) in font [lmroman10-regular]:+tlig;!
Missing character: There is no 더 (U+B354) in font [lmroman10-regular]:+tlig;!
Missing character: There is no 가 (U+AC00) in font [lmroman10-regular]:+tlig;!
Missing character: There is no 있 (U+C788) in font [lmroman10-regular]:+tlig;!
Missing character: There is no 지 (U+C9C0) in font [lmroman10-regular]:+tlig;!
Missing character: There is no 만 (U+B9CC) in font [lmroman10-regular]:+tlig;!
Missing character: There is no 에 (U+C5D0) in font [lmroman10-regular]:+tlig;!
Missing character: There is no 서 (U+C11C) in font [lmroman10-regular]:+tlig;!
Missing character: There is no 가 (U+AC00) in font [lmroman10-regular]:+tlig;!
Missing character: There is no 작 (U+C791) in font [lmroman10-regular]:+tlig;!
Missing character: There is no 동 (U+B3D9) in font [lmroman10-regular]:+tlig;!
Missing character: There is no 하 (U+D558) in font [lmroman10-regular]:+tlig;!
Missing character: There is no 지 (U+C9C0) in font [lmroman10-regular]:+tlig;!
Missing character: There is no 않 (U+C54A) in font [lmroman10-regular]:+tlig;!
Missing character: There is no 는 (U+B294) in font [lmroman10-regular]:+tlig;!
Missing character: There is no 다 (U+B2E4) in font [lmroman10-regular]:+tlig;!
Missing character: There is no 면 (U+BA74) in font [lmroman10-regular]:+tlig;!
Missing character: There is no 환 (U+D658) in font [lmroman10-regular]:+tlig;!
Missing character: There is no 경 (U+ACBD) in font [lmroman10-regular]:+tlig;!
Missing character: There is no 변 (U+BCC0) in font [lmroman10-regular]:+tlig;!
Missing character: There is no 수 (U+C218) in font [lmroman10-regular]:+tlig;!
Missing character: There is no 설 (U+C124) in font [lmroman10-regular]:+tlig;!
Missing character: There is no 정 (U+C815) in font [lmroman10-regular]:+tlig;!
Missing character: There is no 에 (U+C5D0) in font [lmroman10-regular]:+tlig;!
Missing character: There is no 서 (U+C11C) in font [lmroman10-regular]:+tlig;!
Missing character: There is no 오 (U+C624) in font [lmroman10-regular]:+tlig;!
Missing character: There is no 류 (U+B958) in font [lmroman10-regular]:+tlig;!
Missing character: There is no 가 (U+AC00) in font [lmroman10-regular]:+tlig;!
Missing character: There is no 생 (U+C0DD) in font [lmroman10-regular]:+tlig;!
Missing character: There is no 긴 (U+AE34) in font [lmroman10-regular]:+tlig;!
Missing character: There is no 것 (U+AC83) in font [lmroman10-regular]:+tlig;!
Missing character: There is no 으 (U+C73C) in font [lmroman10-regular]:+tlig;!
Missing character: There is no 로 (U+B85C) in font [lmroman10-regular]:+tlig;!
Missing character: There is no 아 (U+C544) in font [lmroman10-regular]:+tlig;!
Missing character: There is no 래 (U+B798) in font [lmroman10-regular]:+tlig;!
Missing character: There is no 환 (U+D658) in font [lmroman10-regular]:+tlig;!
Missing character: There is no 경 (U+ACBD) in font [lmroman10-regular]:+tlig;!
Missing character: There is no 변 (U+BCC0) in font [lmroman10-regular]:+tlig;!
Missing character: There is no 수 (U+C218) in font [lmroman10-regular]:+tlig;!
Missing character: There is no 설 (U+C124) in font [lmroman10-regular]:+tlig;!
Missing character: There is no 정 (U+C815) in font [lmroman10-regular]:+tlig;!
Missing character: There is no 을 (U+C744) in font [lmroman10-regular]:+tlig;!
Missing character: There is no 따 (U+B530) in font [lmroman10-regular]:+tlig;!
Missing character: There is no 라 (U+B77C) in font [lmroman10-regular]:+tlig;!
Missing character: There is no 하 (U+D558) in font [lmroman10-regular]:+tlig;!
Missing character: There is no 자 (U+C790) in font [lmroman10-regular]:+tlig;!
Missing character: There is no 창 (U+CC3D) in font [lmroman10-regular]:+tlig;!
Missing character: There is no 을 (U+C744) in font [lmroman10-regular]:+tlig;!
Missing character: There is no 켜 (U+CF1C) in font [lmroman10-regular]:+tlig;!
Missing character: There is no 서 (U+C11C) in font [lmroman10-regular]:+tlig;!
Missing character: There is no 가 (U+AC00) in font [lmroman10-regular]:+tlig;!
Missing character: There is no 잘 (U+C798) in font [lmroman10-regular]:+tlig;!
Missing character: There is no 작 (U+C791) in font [lmroman10-regular]:+tlig;!
Missing character: There is no 동 (U+B3D9) in font [lmroman10-regular]:+tlig;!
Missing character: There is no 하 (U+D558) in font [lmroman10-regular]:+tlig;!
Missing character: There is no 는 (U+B294) in font [lmroman10-regular]:+tlig;!
Missing character: There is no 지 (U+C9C0) in font [lmroman10-regular]:+tlig;!
Missing character: There is no 확 (U+D655) in font [lmroman10-regular]:+tlig;!
Missing character: There is no 인 (U+C778) in font [lmroman10-regular]:+tlig;!
Missing character: There is no 한 (U+D55C) in font [lmroman10-regular]:+tlig;!
Missing character: There is no 다 (U+B2E4) in font [lmroman10-regular]:+tlig;!
Missing character: There is no 만 (U+B9CC) in font [lmroman10-regular]:+tlig;!
Missing character: There is no 약 (U+C57D) in font [lmroman10-regular]:+tlig;!
Missing character: There is no 프 (U+D504) in font [lmroman10-regular]:+tlig;!
Missing character: There is no 로 (U+B85C) in font [lmroman10-regular]:+tlig;!
Missing character: There is no 그 (U+ADF8) in font [lmroman10-regular]:+tlig;!
Missing character: There is no 램 (U+B7A8) in font [lmroman10-regular]:+tlig;!
Missing character: There is no 폴 (U+D3F4) in font [lmroman10-regular]:+tlig;!
Missing character: There is no 더 (U+B354) in font [lmroman10-regular]:+tlig;!
Missing character: There is no 가 (U+AC00) in font [lmroman10-regular]:+tlig;!
Missing character: There is no 있 (U+C788) in font [lmroman10-regular]:+tlig;!
Missing character: There is no 지 (U+C9C0) in font [lmroman10-regular]:+tlig;!
Missing character: There is no 만 (U+B9CC) in font [lmroman10-regular]:+tlig;!
Missing character: There is no 에 (U+C5D0) in font [lmroman10-regular]:+tlig;!
Missing character: There is no 서 (U+C11C) in font [lmroman10-regular]:+tlig;!
Missing character: There is no 가 (U+AC00) in font [lmroman10-regular]:+tlig;!
Missing character: There is no 작 (U+C791) in font [lmroman10-regular]:+tlig;!
Missing character: There is no 동 (U+B3D9) in font [lmroman10-regular]:+tlig;!
Missing character: There is no 하 (U+D558) in font [lmroman10-regular]:+tlig;!
Missing character: There is no 지 (U+C9C0) in font [lmroman10-regular]:+tlig;!
Missing character: There is no 않 (U+C54A) in font [lmroman10-regular]:+tlig;!
Missing character: There is no 는 (U+B294) in font [lmroman10-regular]:+tlig;!
Missing character: There is no 다 (U+B2E4) in font [lmroman10-regular]:+tlig;!
Missing character: There is no 면 (U+BA74) in font [lmroman10-regular]:+tlig;!
Missing character: There is no 환 (U+D658) in font [lmroman10-regular]:+tlig;!
Missing character: There is no 경 (U+ACBD) in font [lmroman10-regular]:+tlig;!
Missing character: There is no 변 (U+BCC0) in font [lmroman10-regular]:+tlig;!
Missing character: There is no 수 (U+C218) in font [lmroman10-regular]:+tlig;!
Missing character: There is no 설 (U+C124) in font [lmroman10-regular]:+tlig;!
Missing character: There is no 정 (U+C815) in font [lmroman10-regular]:+tlig;!
Missing character: There is no 에 (U+C5D0) in font [lmroman10-regular]:+tlig;!
Missing character: There is no 서 (U+C11C) in font [lmroman10-regular]:+tlig;!
Missing character: There is no 오 (U+C624) in font [lmroman10-regular]:+tlig;!
Missing character: There is no 류 (U+B958) in font [lmroman10-regular]:+tlig;!
Missing character: There is no 가 (U+AC00) in font [lmroman10-regular]:+tlig;!
Missing character: There is no 생 (U+C0DD) in font [lmroman10-regular]:+tlig;!
Missing character: There is no 긴 (U+AE34) in font [lmroman10-regular]:+tlig;!
Missing character: There is no 것 (U+AC83) in font [lmroman10-regular]:+tlig;!
Missing character: There is no 으 (U+C73C) in font [lmroman10-regular]:+tlig;!
Missing character: There is no 로 (U+B85C) in font [lmroman10-regular]:+tlig;!
Missing character: There is no 아 (U+C544) in font [lmroman10-regular]:+tlig;!
Missing character: There is no 래 (U+B798) in font [lmroman10-regular]:+tlig;!
Missing character: There is no 환 (U+D658) in font [lmroman10-regular]:+tlig;!
Missing character: There is no 경 (U+ACBD) in font [lmroman10-regular]:+tlig;!
Missing character: There is no 변 (U+BCC0) in font [lmroman10-regular]:+tlig;!
Missing character: There is no 수 (U+C218) in font [lmroman10-regular]:+tlig;!
Missing character: There is no 설 (U+C124) in font [lmroman10-regular]:+tlig;!
Missing character: There is no 정 (U+C815) in font [lmroman10-regular]:+tlig;!
Missing character: There is no 을 (U+C744) in font [lmroman10-regular]:+tlig;!
Missing character: There is no 따 (U+B530) in font [lmroman10-regular]:+tlig;!
Missing character: There is no 라 (U+B77C) in font [lmroman10-regular]:+tlig;!
Missing character: There is no 하 (U+D558) in font [lmroman10-regular]:+tlig;!
Missing character: There is no 자 (U+C790) in font [lmroman10-regular]:+tlig;!
Missing character: There is no 명 (U+BA85) in font [lmroman10-regular]:+tlig;!
Missing character: There is no 령 (U+B839) in font [lmroman10-regular]:+tlig;!
Missing character: There is no 어 (U+C5B4) in font [lmroman10-regular]:+tlig;!
Missing character: There is no 입 (U+C785) in font [lmroman10-regular]:+tlig;!
Missing character: There is no 력 (U+B825) in font [lmroman10-regular]:+tlig;!
Missing character: There is no 명 (U+BA85) in font [lmroman10-regular]:+tlig;!
Missing character: There is no 령 (U+B839) in font [lmroman10-regular]:+tlig;!
Missing character: There is no 어 (U+C5B4) in font [lmroman10-regular]:+tlig;!
Missing character: There is no 입 (U+C785) in font [lmroman10-regular]:+tlig;!
Missing character: There is no 력 (U+B825) in font [lmroman10-regular]:+tlig;!


[15
Missing character: There is no 있 (U+C788) in font [lmroman10-regular]:+tlig;!
Missing character: There is no 다 (U+B2E4) in font [lmroman10-regular]:+tlig;!
Missing character: There is no 폴 (U+D3F4) in font [lmroman10-regular]:+tlig;!
Missing character: There is no 더 (U+B354) in font [lmroman10-regular]:+tlig;!
Missing character: There is no 안 (U+C548) in font [lmroman10-regular]:+tlig;!
Missing character: There is no 에 (U+C5D0) in font [lmroman10-regular]:+tlig;!
Missing character: There is no 프 (U+D504) in font [lmroman10-regular]:+tlig;!
Missing character: There is no 로 (U+B85C) in font [lmroman10-regular]:+tlig;!
Missing character: There is no 그 (U+ADF8) in font [lmroman10-regular]:+tlig;!
Missing character: There is no 램 (U+B7A8) in font [lmroman10-regular]:+tlig;!
Missing character: There is no 이 (U+C774) in font [lmroman10-regular]:+tlig;!
Missing character: There is no 있 (U+C788) in font [lmroman10-regular]:+tlig;!
Missing character: There is no 다 (U+B2E4) in font [lmroman10-regular]:+tlig;!
Missing character: There is no 각 (U+AC01) in font [lmroman10-regular]:+tlig;!
Missing character: There is no 프 (U+D504) in font [lmroman10-regular]:+tlig;!
Missing character: There is no 로 (U+B85C) in font [lmroman10-regular]:+tlig;!
Missing character: There is no 그 (U+ADF8) in font [lmroman10-regular]:+tlig;!
Missing character: There is no 램 (U+B7A8) in font [lmroman10-regular]:+tlig;!
Missing character: There is no 별 (U+BCC4) in font [lmroman10-regular]:+tlig;!
Missing character: There is no 기 (U+AE30) in font [lmroman10-regular]:+tlig;!
Missing character: There is no 능 (U+B2A5) in font [lmroman10-regular]:+tlig;!
Missing character: There is no 은 (U+C740) in font [lmroman10-regular]:+tlig;!
Missing character: There is no 에 (U+C5D0) in font [lmroman10-regular]:+tlig;!
Missing character: There is no 서 (U+C11C) in font [lmroman10-regular]:+tlig;!
Missing character: There is no 검 (U+AC80) in font [lmroman10-regular]:+tlig;!
Missing character: There is no 색 (U+C0C9) in font [lmroman10-regular]:+tlig;!
Missing character: There is no 해 (U+D574) in font [lmroman10-regular]:+tlig;!
Missing character: There is no 서 (U+C11C) in font [lmroman10-regular]:+tlig;!
Missing character: There is no 찾 (U+CC3E) in font [lmroman10-regular]:+tlig;!
Missing character: There is no 아 (U+C544) in font [lmroman10-regular]:+tlig;!
Missing character: There is no 볼 (U+BCFC) in font [lmroman10-regular]:+tlig;!
Missing character: There is no 수 (U+C218) in font [lmroman10-regular]:+tlig;!
Missing character: There is no 있 (U+C788) in font [lmroman10-regular]:+tlig;!
Missing character: There is no 다 (U+B2E4) in font [lmroman10-regular]:+tlig;!
Missing character: There is no 창 (U+CC3D) in font [lmroman10-regular]:+tlig;!
Missing character: There is no 을 (U+C744) in font [lmroman10-regular]:+tlig;!
Missing character: There is no 켜 (U+CF1C) in font [lmroman10-regular]:+tlig;!
Missing character: There is no 서 (U+C11C) in font [lmroman10-regular]:+tlig;!
Missing character: There is no 가 (U+AC00) in font [lmroman10-regular]:+tlig;!
Missing character: There is no 잘 (U+C798) in font [lmroman10-regular]:+tlig;!
Missing character: There is no 작 (U+C791) in font [lmroman10-regular]:+tlig;!
Missing character: There is no 동 (U+B3D9) in font [lmroman10-regular]:+tlig;!
Missing character: There is no 하 (U+D558) in font [lmroman10-regular]:+tlig;!
Missing character: There is no 는 (U+B294) in font [lmroman10-regular]:+tlig;!
Missing character: There is no 지 (U+C9C0) in font [lmroman10-regular]:+tlig;!
Missing character: There is no 확 (U+D655) in font [lmroman10-regular]:+tlig;!
Missing character: There is no 인 (U+C778) in font [lmroman10-regular]:+tlig;!
Missing character: There is no 한 (U+D55C) in font [lmroman10-regular]:+tlig;!
Missing character: There is no 다 (U+B2E4) in font [lmroman10-regular]:+tlig;!
Missing character: There is no 만 (U+B9CC) in font [lmroman10-regular]:+tlig;!
Missing character: There is no 약 (U+C57D) in font [lmroman10-regular]:+tlig;!
Missing character: There is no 프 (U+D504) in font [lmroman10-regular]:+tlig;!
Missing character: There is no 로 (U+B85C) in font [lmroman10-regular]:+tlig;!
Missing character: There is no 그 (U+ADF8) in font [lmroman10-regular]:+tlig;!
Missing character: There is no 램 (U+B7A8) in font [lmroman10-regular]:+tlig;!
Missing character: There is no 폴 (U+D3F4) in font [lmroman10-regular]:+tlig;!
Missing character: There is no 더 (U+B354) in font [lmroman10-regular]:+tlig;!
Missing character: There is no 가 (U+AC00) in font [lmroman10-regular]:+tlig;!
Missing character: There is no 있 (U+C788) in font [lmroman10-regular]:+tlig;!
Missing character: There is no 지 (U+C9C0) in font [lmroman10-regular]:+tlig;!
Missing character: There is no 만 (U+B9CC) in font [lmroman10-regular]:+tlig;!
Missing character: There is no 에 (U+C5D0) in font [lmroman10-regular]:+tlig;!
Missing character: There is no 서 (U+C11C) in font [lmroman10-regular]:+tlig;!
Missing character: There is no 가 (U+AC00) in font [lmroman10-regular]:+tlig;!
Missing character: There is no 작 (U+C791) in font [lmroman10-regular]:+tlig;!
Missing character: There is no 동 (U+B3D9) in font [lmroman10-regular]:+tlig;!
Missing character: There is no 하 (U+D558) in font [lmroman10-regular]:+tlig;!
Missing character: There is no 지 (U+C9C0) in font [lmroman10-regular]:+tlig;!
Missing character: There is no 않 (U+C54A) in font [lmroman10-regular]:+tlig;!
Missing character: There is no 는 (U+B294) in font [lmroman10-regular]:+tlig;!
Missing character: There is no 다 (U+B2E4) in font [lmroman10-regular]:+tlig;!
Missing character: There is no 면 (U+BA74) in font [lmroman10-regular]:+tlig;!
Missing character: There is no 환 (U+D658) in font [lmroman10-regular]:+tlig;!
Missing character: There is no 경 (U+ACBD) in font [lmroman10-regular]:+tlig;!
Missing character: There is no 변 (U+BCC0) in font [lmroman10-regular]:+tlig;!
Missing character: There is no 수 (U+C218) in font [lmroman10-regular]:+tlig;!
Missing character: There is no 설 (U+C124) in font [lmroman10-regular]:+tlig;!
Missing character: There is no 정 (U+C815) in font [lmroman10-regular]:+tlig;!
Missing character: There is no 에 (U+C5D0) in font [lmroman10-regular]:+tlig;!
Missing character: There is no 서 (U+C11C) in font [lmroman10-regular]:+tlig;!
Missing character: There is no 오 (U+C624) in font [lmroman10-regular]:+tlig;!
Missing character: There is no 류 (U+B958) in font [lmroman10-regular]:+tlig;!
Missing character: There is no 가 (U+AC00) in font [lmroman10-regular]:+tlig;!
Missing character: There is no 생 (U+C0DD) in font [lmroman10-regular]:+tlig;!
Missing character: There is no 긴 (U+AE34) in font [lmroman10-regular]:+tlig;!
Missing character: There is no 것 (U+AC83) in font [lmroman10-regular]:+tlig;!
Missing character: There is no 으 (U+C73C) in font [lmroman10-regular]:+tlig;!
Missing character: There is no 로 (U+B85C) in font [lmroman10-regular]:+tlig;!
Missing character: There is no 아 (U+C544) in font [lmroman10-regular]:+tlig;!
Missing character: There is no 래 (U+B798) in font [lmroman10-regular]:+tlig;!
Missing character: There is no 환 (U+D658) in font [lmroman10-regular]:+tlig;!
Missing character: There is no 경 (U+ACBD) in font [lmroman10-regular]:+tlig;!
Missing character: There is no 변 (U+BCC0) in font [lmroman10-regular]:+tlig;!
Missing character: There is no 수 (U+C218) in font [lmroman10-regular]:+tlig;!
Missing character: There is no 설 (U+C124) in font [lmroman10-regular]:+tlig;!
Missing character: There is no 정 (U+C815) in font [lmroman10-regular]:+tlig;!
Missing character: There is no 을 (U+C744) in font [lmroman10-regular]:+tlig;!
Missing character: There is no 따 (U+B530) in font [lmroman10-regular]:+tlig;!
Missing character: There is no 라 (U+B77C) in font [lmroman10-regular]:+tlig;!
Missing character: There is no 하 (U+D558) in font [lmroman10-regular]:+tlig;!
Missing character: There is no 자 (U+C790) in font [lmroman10-regular]:+tlig;!
Missing character: There is no 명 (U+BA85) in font [lmroman10-regular]:+tlig;!
Missing character: There is no 령 (U+B839) in font [lmroman10-regular]:+tlig;!
Missing character: There is no 어 (U+C5B4) in font [lmroman10-regular]:+tlig;!
Missing character: There is no 입 (U+C785) in font [lmroman10-regular]:+tlig;!
Missing character: There is no 력 (U+B825) in font [lmroman10-regular]:+tlig;!
<./image/install_window_down4.jpeg><./image/install_window_down5.jpeg>]
<image/install_window_down7.jpeg, id=137, 275.8305pt x 152.2488pt>
File: image/install_window_down7.jpeg Graphic file (type jpg)
<use image/install_window_down7.jpeg>
Package luatex.def Info: image/install_window_down7.jpeg  used on input line 56
2.
(luatex.def)             Requested size: 275.82982pt x 152.24841pt.
Missing character: There is no 환 (U+D658) in font [lmsans10-bold]:+tlig;!
Missing character: There is no 경 (U+ACBD) in font [lmsans10-bold]:+tlig;!
Missing character: There is no 변 (U+BCC0) in font [lmsans10-bold]:+tlig;!
Missing character: There is no 수 (U+C218) in font [lmsans10-bold]:+tlig;!
Missing character: There is no 설 (U+C124) in font [lmsans10-bold]:+tlig;!
Missing character: There is no 정 (U+C815) in font [lmsans10-bold]:+tlig;!
Missing character: There is no 환 (U+D658) in font [lmsans10-bold]:+tlig;!
Missing character: There is no 경 (U+ACBD) in font [lmsans10-bold]:+tlig;!
Missing character: There is no 변 (U+BCC0) in font [lmsans10-bold]:+tlig;!
Missing character: There is no 수 (U+C218) in font [lmsans10-bold]:+tlig;!
Missing character: There is no 설 (U+C124) in font [lmsans10-bold]:+tlig;!
Missing character: There is no 정 (U+C815) in font [lmsans10-bold]:+tlig;!
Missing character: There is no 환 (U+D658) in font [lmroman10-regular]:+tlig;!
Missing character: There is no 경 (U+ACBD) in font [lmroman10-regular]:+tlig;!
Missing character: There is no 변 (U+BCC0) in font [lmroman10-regular]:+tlig;!
Missing character: There is no 수 (U+C218) in font [lmroman10-regular]:+tlig;!
Missing character: There is no 설 (U+C124) in font [lmroman10-regular]:+tlig;!
Missing character: There is no 정 (U+C815) in font [lmroman10-regular]:+tlig;!
Missing character: There is no 를 (U+B97C) in font [lmroman10-regular]:+tlig;!
Missing character: There is no 환 (U+D658) in font [lmroman10-regular]:+tlig;!
Missing character: There is no 경 (U+ACBD) in font [lmroman10-regular]:+tlig;!
Missing character: There is no 변 (U+BCC0) in font [lmroman10-regular]:+tlig;!
Missing character: There is no 수 (U+C218) in font [lmroman10-regular]:+tlig;!
Missing character: There is no 로 (U+B85C) in font [lmroman10-regular]:+tlig;!
Missing character: There is no 설 (U+C124) in font [lmroman10-regular]:+tlig;!
Missing character: There is no 정 (U+C815) in font [lmroman10-regular]:+tlig;!
Missing character: There is no 해 (U+D574) in font [lmroman10-regular]:+tlig;!
Missing character: There is no 야 (U+C57C) in font [lmroman10-regular]:+tlig;!
Missing character: There is no 합 (U+D569) in font [lmroman10-regular]:+tlig;!
Missing character: There is no 니 (U+B2C8) in font [lmroman10-regular]:+tlig;!
Missing character: There is no 다 (U+B2E4) in font [lmroman10-regular]:+tlig;!
Missing character: There is no 환 (U+D658) in font [lmroman10-regular]:+tlig;!
Missing character: There is no 경 (U+ACBD) in font [lmroman10-regular]:+tlig;!
Missing character: There is no 변 (U+BCC0) in font [lmroman10-regular]:+tlig;!
Missing character: There is no 수 (U+C218) in font [lmroman10-regular]:+tlig;!
Missing character: There is no 설 (U+C124) in font [lmroman10-regular]:+tlig;!
Missing character: There is no 정 (U+C815) in font [lmroman10-regular]:+tlig;!
Missing character: There is no 하 (U+D558) in font [lmroman10-regular]:+tlig;!
Missing character: There is no 기 (U+AE30) in font [lmroman10-regular]:+tlig;!
Missing character: There is no 내 (U+B0B4) in font [lmroman10-regular]:+tlig;!
Missing character: There is no 가 (U+AC00) in font [lmroman10-regular]:+tlig;!
Missing character: There is no 설 (U+C124) in font [lmroman10-regular]:+tlig;!
Missing character: There is no 치 (U+CE58) in font [lmroman10-regular]:+tlig;!
Missing character: There is no 한 (U+D55C) in font [lmroman10-regular]:+tlig;!
Missing character: There is no 폴 (U+D3F4) in font [lmroman10-regular]:+tlig;!
Missing character: There is no 더 (U+B354) in font [lmroman10-regular]:+tlig;!
Missing character: There is no 를 (U+B97C) in font [lmroman10-regular]:+tlig;!
Missing character: There is no 찾 (U+CC3E) in font [lmroman10-regular]:+tlig;!
Missing character: There is no 는 (U+B294) in font [lmroman10-regular]:+tlig;!
Missing character: There is no 다 (U+B2E4) in font [lmroman10-regular]:+tlig;!
Missing character: There is no 폴 (U+D3F4) in font [lmroman10-regular]:+tlig;!
Missing character: There is no 더 (U+B354) in font [lmroman10-regular]:+tlig;!
Missing character: There is no 에 (U+C5D0) in font [lmroman10-regular]:+tlig;!
Missing character: There is no 들 (U+B4E4) in font [lmroman10-regular]:+tlig;!
Missing character: There is no 어 (U+C5B4) in font [lmroman10-regular]:+tlig;!
Missing character: There is no 간 (U+AC04) in font [lmroman10-regular]:+tlig;!
Missing character: There is no 다 (U+B2E4) in font [lmroman10-regular]:+tlig;!
Missing character: There is no 폴 (U+D3F4) in font [lmroman10-regular]:+tlig;!
Missing character: There is no 더 (U+B354) in font [lmroman10-regular]:+tlig;!
Missing character: There is no 에 (U+C5D0) in font [lmroman10-regular]:+tlig;!
Missing character: There is no 들 (U+B4E4) in font [lmroman10-regular]:+tlig;!
Missing character: There is no 어 (U+C5B4) in font [lmroman10-regular]:+tlig;!
Missing character: There is no 간 (U+AC04) in font [lmroman10-regular]:+tlig;!
Missing character: There is no 다 (U+B2E4) in font [lmroman10-regular]:+tlig;!
Missing character: There is no 폴 (U+D3F4) in font [lmroman10-regular]:+tlig;!
Missing character: There is no 더 (U+B354) in font [lmroman10-regular]:+tlig;!
Missing character: There is no 바 (U+BC14) in font [lmroman10-regular]:+tlig;!
Missing character: There is no 탕 (U+D0D5) in font [lmroman10-regular]:+tlig;!
Missing character: There is no 에 (U+C5D0) in font [lmroman10-regular]:+tlig;!
Missing character: There is no 서 (U+C11C) in font [lmroman10-regular]:+tlig;!
Missing character: There is no 오 (U+C624) in font [lmroman10-regular]:+tlig;!
Missing character: There is no 른 (U+B978) in font [lmroman10-regular]:+tlig;!
Missing character: There is no 쪽 (U+CABD) in font [lmroman10-regular]:+tlig;!
Missing character: There is no 키 (U+D0A4) in font [lmroman10-regular]:+tlig;!
Missing character: There is no 를 (U+B97C) in font [lmroman10-regular]:+tlig;!
Missing character: There is no 클 (U+D074) in font [lmroman10-regular]:+tlig;!
Missing character: There is no 릭 (U+B9AD) in font [lmroman10-regular]:+tlig;!
Missing character: There is no 한 (U+D55C) in font [lmroman10-regular]:+tlig;!
Missing character: There is no 다 (U+B2E4) in font [lmroman10-regular]:+tlig;!
Missing character: There is no 속 (U+C18D) in font [lmroman10-regular]:+tlig;!
Missing character: There is no 성 (U+C131) in font [lmroman10-regular]:+tlig;!
Missing character: There is no 을 (U+C744) in font [lmroman10-regular]:+tlig;!
Missing character: There is no 클 (U+D074) in font [lmroman10-regular]:+tlig;!
Missing character: There is no 릭 (U+B9AD) in font [lmroman10-regular]:+tlig;!
Missing character: There is no 한 (U+D55C) in font [lmroman10-regular]:+tlig;!
Missing character: There is no 다 (U+B2E4) in font [lmroman10-regular]:+tlig;!
Missing character: There is no 보 (U+BCF4) in font [lmroman10-regular]:+tlig;!
Missing character: There is no 안 (U+C548) in font [lmroman10-regular]:+tlig;!
Missing character: There is no 탭 (U+D0ED) in font [lmroman10-regular]:+tlig;!
Missing character: There is no 에 (U+C5D0) in font [lmroman10-regular]:+tlig;!
Missing character: There is no 들 (U+B4E4) in font [lmroman10-regular]:+tlig;!
Missing character: There is no 어 (U+C5B4) in font [lmroman10-regular]:+tlig;!
Missing character: There is no 간 (U+AC04) in font [lmroman10-regular]:+tlig;!
Missing character: There is no 다 (U+B2E4) in font [lmroman10-regular]:+tlig;!
Missing character: There is no 개 (U+AC1C) in font [lmroman10-regular]:+tlig;!
Missing character: There is no 체 (U+CCB4) in font [lmroman10-regular]:+tlig;!
Missing character: There is no 이 (U+C774) in font [lmroman10-regular]:+tlig;!
Missing character: There is no 름 (U+B984) in font [lmroman10-regular]:+tlig;!
Missing character: There is no 을 (U+C744) in font [lmroman10-regular]:+tlig;!
Missing character: There is no 복 (U+BCF5) in font [lmroman10-regular]:+tlig;!
Missing character: There is no 사 (U+C0AC) in font [lmroman10-regular]:+tlig;!
Missing character: There is no 한 (U+D55C) in font [lmroman10-regular]:+tlig;!
Missing character: There is no 다 (U+B2E4) in font [lmroman10-regular]:+tlig;!
Missing character: There is no 복 (U+BCF5) in font [lmroman10-regular]:+tlig;!
Missing character: There is no 사 (U+C0AC) in font [lmroman10-regular]:+tlig;!
Missing character: There is no 한 (U+D55C) in font [lmroman10-regular]:+tlig;!
Missing character: There is no 값 (U+AC12) in font [lmroman10-regular]:+tlig;!
Missing character: There is no 은 (U+C740) in font [lmroman10-regular]:+tlig;!
Missing character: There is no 폴 (U+D3F4) in font [lmroman10-regular]:+tlig;!
Missing character: There is no 더 (U+B354) in font [lmroman10-regular]:+tlig;!
Missing character: There is no 의 (U+C758) in font [lmroman10-regular]:+tlig;!
Missing character: There is no 주 (U+C8FC) in font [lmroman10-regular]:+tlig;!
Missing character: There is no 소 (U+C18C) in font [lmroman10-regular]:+tlig;!
Missing character: There is no 이 (U+C774) in font [lmroman10-regular]:+tlig;!
Missing character: There is no 다 (U+B2E4) in font [lmroman10-regular]:+tlig;!
Missing character: There is no 자 (U+C790) in font [lmroman10-regular]:+tlig;!
Missing character: There is no 기 (U+AE30) in font [lmroman10-regular]:+tlig;!
Missing character: There is no 폴 (U+D3F4) in font [lmroman10-regular]:+tlig;!
Missing character: There is no 더 (U+B354) in font [lmroman10-regular]:+tlig;!
Missing character: There is no 의 (U+C758) in font [lmroman10-regular]:+tlig;!
Missing character: There is no 주 (U+C8FC) in font [lmroman10-regular]:+tlig;!
Missing character: There is no 소 (U+C18C) in font [lmroman10-regular]:+tlig;!
Missing character: There is no 값 (U+AC12) in font [lmroman10-regular]:+tlig;!
Missing character: There is no 윈 (U+C708) in font [lmroman10-regular]:+tlig;!
Missing character: There is no 도 (U+B3C4) in font [lmroman10-regular]:+tlig;!
Missing character: There is no 우 (U+C6B0) in font [lmroman10-regular]:+tlig;!
Missing character: There is no 키 (U+D0A4) in font [lmroman10-regular]:+tlig;!
Missing character: There is no 설 (U+C124) in font [lmroman10-regular]:+tlig;!
Missing character: There is no 정 (U+C815) in font [lmroman10-regular]:+tlig;!
Missing character: There is no 시 (U+C2DC) in font [lmroman10-regular]:+tlig;!
Missing character: There is no 스 (U+C2A4) in font [lmroman10-regular]:+tlig;!
Missing character: There is no 템 (U+D15C) in font [lmroman10-regular]:+tlig;!
Missing character: There is no 정 (U+C815) in font [lmroman10-regular]:+tlig;!
Missing character: There is no 보 (U+BCF4) in font [lmroman10-regular]:+tlig;!
Missing character: There is no 고 (U+ACE0) in font [lmroman10-regular]:+tlig;!
Missing character: There is no 급 (U+AE09) in font [lmroman10-regular]:+tlig;!
Missing character: There is no 시 (U+C2DC) in font [lmroman10-regular]:+tlig;!
Missing character: There is no 스 (U+C2A4) in font [lmroman10-regular]:+tlig;!
Missing character: There is no 템 (U+D15C) in font [lmroman10-regular]:+tlig;!
Missing character: There is no 설 (U+C124) in font [lmroman10-regular]:+tlig;!
Missing character: There is no 정 (U+C815) in font [lmroman10-regular]:+tlig;!
Missing character: There is no 고 (U+ACE0) in font [lmroman10-regular]:+tlig;!
Missing character: There is no 급 (U+AE09) in font [lmroman10-regular]:+tlig;!
Missing character: There is no 환 (U+D658) in font [lmroman10-regular]:+tlig;!
Missing character: There is no 경 (U+ACBD) in font [lmroman10-regular]:+tlig;!
Missing character: There is no 변 (U+BCC0) in font [lmroman10-regular]:+tlig;!
Missing character: There is no 수 (U+C218) in font [lmroman10-regular]:+tlig;!
Missing character: There is no 클 (U+D074) in font [lmroman10-regular]:+tlig;!
Missing character: There is no 릭 (U+B9AD) in font [lmroman10-regular]:+tlig;!
Missing character: There is no 클 (U+D074) in font [lmroman10-regular]:+tlig;!
Missing character: There is no 릭 (U+B9AD) in font [lmroman10-regular]:+tlig;!
Missing character: There is no 편 (U+D3B8) in font [lmroman10-regular]:+tlig;!
Missing character: There is no 집 (U+C9D1) in font [lmroman10-regular]:+tlig;!
Missing character: There is no 클 (U+D074) in font [lmroman10-regular]:+tlig;!
Missing character: There is no 릭 (U+B9AD) in font [lmroman10-regular]:+tlig;!
Missing character: There is no 새 (U+C0C8) in font [lmroman10-regular]:+tlig;!
Missing character: There is no 로 (U+B85C) in font [lmroman10-regular]:+tlig;!
Missing character: There is no 만 (U+B9CC) in font [lmroman10-regular]:+tlig;!
Missing character: There is no 들 (U+B4E4) in font [lmroman10-regular]:+tlig;!
Missing character: There is no 기 (U+AE30) in font [lmroman10-regular]:+tlig;!
Missing character: There is no 클 (U+D074) in font [lmroman10-regular]:+tlig;!
Missing character: There is no 릭 (U+B9AD) in font [lmroman10-regular]:+tlig;!
Missing character: There is no 복 (U+BCF5) in font [lmroman10-regular]:+tlig;!
Missing character: There is no 사 (U+C0AC) in font [lmroman10-regular]:+tlig;!
Missing character: There is no 한 (U+D55C) in font [lmroman10-regular]:+tlig;!
Missing character: There is no 주 (U+C8FC) in font [lmroman10-regular]:+tlig;!
Missing character: There is no 소 (U+C18C) in font [lmroman10-regular]:+tlig;!
Missing character: There is no 값 (U+AC12) in font [lmroman10-regular]:+tlig;!
Missing character: There is no 넣 (U+B123) in font [lmroman10-regular]:+tlig;!
Missing character: There is no 기 (U+AE30) in font [lmroman10-regular]:+tlig;!
Missing character: There is no 적 (U+C801) in font [lmroman10-regular]:+tlig;!
Missing character: There is no 용 (U+C6A9) in font [lmroman10-regular]:+tlig;!
Missing character: There is no 켜 (U+CF1C) in font [lmroman10-regular]:+tlig;!
Missing character: There is no 기 (U+AE30) in font [lmroman10-regular]:+tlig;!
Missing character: There is no 작 (U+C791) in font [lmroman10-regular]:+tlig;!
Missing character: There is no 동 (U+B3D9) in font [lmroman10-regular]:+tlig;!
Missing character: There is no 확 (U+D655) in font [lmroman10-regular]:+tlig;!
Missing character: There is no 인 (U+C778) in font [lmroman10-regular]:+tlig;!
Missing character: There is no 에 (U+C5D0) in font [lmroman10-regular]:+tlig;!
Missing character: There is no 나 (U+B098) in font [lmroman10-regular]:+tlig;!
Missing character: There is no 와 (U+C640) in font [lmroman10-regular]:+tlig;!
Missing character: There is no 있 (U+C788) in font [lmroman10-regular]:+tlig;!
Missing character: There is no 는 (U+B294) in font [lmroman10-regular]:+tlig;!
Missing character: There is no 대 (U+B300) in font [lmroman10-regular]:+tlig;!
Missing character: There is no 로 (U+B85C) in font [lmroman10-regular]:+tlig;!
Missing character: There is no 에 (U+C5D0) in font [lmroman10-regular]:+tlig;!
Missing character: There is no 구 (U+AD6C) in font [lmroman10-regular]:+tlig;!
Missing character: There is no 성 (U+C131) in font [lmroman10-regular]:+tlig;!
Missing character: There is no 되 (U+B418) in font [lmroman10-regular]:+tlig;!
Missing character: There is no 어 (U+C5B4) in font [lmroman10-regular]:+tlig;!
Missing character: There is no 있 (U+C788) in font [lmroman10-regular]:+tlig;!
Missing character: There is no 는 (U+B294) in font [lmroman10-regular]:+tlig;!
Missing character: There is no 지 (U+C9C0) in font [lmroman10-regular]:+tlig;!
Missing character: There is no 확 (U+D655) in font [lmroman10-regular]:+tlig;!
Missing character: There is no 인 (U+C778) in font [lmroman10-regular]:+tlig;!
Missing character: There is no 안 (U+C548) in font [lmroman10-regular]:+tlig;!
Missing character: There is no 되 (U+B418) in font [lmroman10-regular]:+tlig;!
Missing character: There is no 면 (U+BA74) in font [lmroman10-regular]:+tlig;!
Missing character: There is no 삭 (U+C0AD) in font [lmroman10-regular]:+tlig;!
Missing character: There is no 제 (U+C81C) in font [lmroman10-regular]:+tlig;!
Missing character: There is no 후 (U+D6C4) in font [lmroman10-regular]:+tlig;!
Missing character: There is no 디 (U+B514) in font [lmroman10-regular]:+tlig;!
Missing character: There is no 폴 (U+D3F4) in font [lmroman10-regular]:+tlig;!
Missing character: There is no 트 (U+D2B8) in font [lmroman10-regular]:+tlig;!
Missing character: There is no 상 (U+C0C1) in font [lmroman10-regular]:+tlig;!
Missing character: There is no 태 (U+D0DC) in font [lmroman10-regular]:+tlig;!
Missing character: There is no 로 (U+B85C) in font [lmroman10-regular]:+tlig;!
Missing character: There is no 재 (U+C7AC) in font [lmroman10-regular]:+tlig;!
Missing character: There is no 설 (U+C124) in font [lmroman10-regular]:+tlig;!
Missing character: There is no 치 (U+CE58) in font [lmroman10-regular]:+tlig;!
Missing character: There is no 환 (U+D658) in font [lmroman10-regular]:+tlig;!
Missing character: There is no 경 (U+ACBD) in font [lmroman10-regular]:+tlig;!
Missing character: There is no 변 (U+BCC0) in font [lmroman10-regular]:+tlig;!
Missing character: There is no 수 (U+C218) in font [lmroman10-regular]:+tlig;!
Missing character: There is no 추 (U+CD94) in font [lmroman10-regular]:+tlig;!
Missing character: There is no 가 (U+AC00) in font [lmroman10-regular]:+tlig;!
Missing character: There is no 에 (U+C5D0) in font [lmroman10-regular]:+tlig;!
Missing character: There is no 하 (U+D558) in font [lmroman10-regular]:+tlig;!
Missing character: There is no 여 (U+C5EC) in font [lmroman10-regular]:+tlig;!
Missing character: There is no 설 (U+C124) in font [lmroman10-regular]:+tlig;!
Missing character: There is no 치 (U+CE58) in font [lmroman10-regular]:+tlig;!
Missing character: There is no 메 (U+BA54) in font [lmroman10-regular]:+tlig;!
Missing character: There is no 일 (U+C77C) in font [lmroman10-regular]:+tlig;!
Missing character: There is no 로 (U+B85C) in font [lmroman10-regular]:+tlig;!
Missing character: There is no 문 (U+BB38) in font [lmroman10-regular]:+tlig;!
Missing character: There is no 의 (U+C758) in font [lmroman10-regular]:+tlig;!
Missing character: There is no 환 (U+D658) in font [lmroman10-regular]:+tlig;!
Missing character: There is no 경 (U+ACBD) in font [lmroman10-regular]:+tlig;!
Missing character: There is no 변 (U+BCC0) in font [lmroman10-regular]:+tlig;!
Missing character: There is no 수 (U+C218) in font [lmroman10-regular]:+tlig;!
Missing character: There is no 설 (U+C124) in font [lmroman10-regular]:+tlig;!
Missing character: There is no 정 (U+C815) in font [lmroman10-regular]:+tlig;!
Missing character: There is no 를 (U+B97C) in font [lmroman10-regular]:+tlig;!
Missing character: There is no 환 (U+D658) in font [lmroman10-regular]:+tlig;!
Missing character: There is no 경 (U+ACBD) in font [lmroman10-regular]:+tlig;!
Missing character: There is no 변 (U+BCC0) in font [lmroman10-regular]:+tlig;!
Missing character: There is no 수 (U+C218) in font [lmroman10-regular]:+tlig;!
Missing character: There is no 로 (U+B85C) in font [lmroman10-regular]:+tlig;!
Missing character: There is no 설 (U+C124) in font [lmroman10-regular]:+tlig;!
Missing character: There is no 정 (U+C815) in font [lmroman10-regular]:+tlig;!
Missing character: There is no 해 (U+D574) in font [lmroman10-regular]:+tlig;!
Missing character: There is no 야 (U+C57C) in font [lmroman10-regular]:+tlig;!
Missing character: There is no 합 (U+D569) in font [lmroman10-regular]:+tlig;!
Missing character: There is no 니 (U+B2C8) in font [lmroman10-regular]:+tlig;!
Missing character: There is no 다 (U+B2E4) in font [lmroman10-regular]:+tlig;!
Missing character: There is no 환 (U+D658) in font [lmroman10-regular]:+tlig;!
Missing character: There is no 경 (U+ACBD) in font [lmroman10-regular]:+tlig;!
Missing character: There is no 변 (U+BCC0) in font [lmroman10-regular]:+tlig;!
Missing character: There is no 수 (U+C218) in font [lmroman10-regular]:+tlig;!
Missing character: There is no 설 (U+C124) in font [lmroman10-regular]:+tlig;!
Missing character: There is no 정 (U+C815) in font [lmroman10-regular]:+tlig;!
Missing character: There is no 하 (U+D558) in font [lmroman10-regular]:+tlig;!
Missing character: There is no 기 (U+AE30) in font [lmroman10-regular]:+tlig;!
Missing character: There is no 내 (U+B0B4) in font [lmroman10-regular]:+tlig;!
Missing character: There is no 가 (U+AC00) in font [lmroman10-regular]:+tlig;!
Missing character: There is no 설 (U+C124) in font [lmroman10-regular]:+tlig;!
Missing character: There is no 치 (U+CE58) in font [lmroman10-regular]:+tlig;!
Missing character: There is no 한 (U+D55C) in font [lmroman10-regular]:+tlig;!
Missing character: There is no 폴 (U+D3F4) in font [lmroman10-regular]:+tlig;!
Missing character: There is no 더 (U+B354) in font [lmroman10-regular]:+tlig;!
Missing character: There is no 를 (U+B97C) in font [lmroman10-regular]:+tlig;!
Missing character: There is no 찾 (U+CC3E) in font [lmroman10-regular]:+tlig;!
Missing character: There is no 는 (U+B294) in font [lmroman10-regular]:+tlig;!
Missing character: There is no 다 (U+B2E4) in font [lmroman10-regular]:+tlig;!
Missing character: There is no 폴 (U+D3F4) in font [lmroman10-regular]:+tlig;!
Missing character: There is no 더 (U+B354) in font [lmroman10-regular]:+tlig;!
Missing character: There is no 에 (U+C5D0) in font [lmroman10-regular]:+tlig;!
Missing character: There is no 들 (U+B4E4) in font [lmroman10-regular]:+tlig;!
Missing character: There is no 어 (U+C5B4) in font [lmroman10-regular]:+tlig;!
Missing character: There is no 간 (U+AC04) in font [lmroman10-regular]:+tlig;!
Missing character: There is no 다 (U+B2E4) in font [lmroman10-regular]:+tlig;!
Missing character: There is no 환 (U+D658) in font [lmroman10-regular]:+tlig;!
Missing character: There is no 경 (U+ACBD) in font [lmroman10-regular]:+tlig;!
Missing character: There is no 변 (U+BCC0) in font [lmroman10-regular]:+tlig;!
Missing character: There is no 수 (U+C218) in font [lmroman10-regular]:+tlig;!
Missing character: There is no 설 (U+C124) in font [lmroman10-regular]:+tlig;!
Missing character: There is no 정 (U+C815) in font [lmroman10-regular]:+tlig;!
Missing character: There is no 를 (U+B97C) in font [lmroman10-regular]:+tlig;!
Missing character: There is no 환 (U+D658) in font [lmroman10-regular]:+tlig;!
Missing character: There is no 경 (U+ACBD) in font [lmroman10-regular]:+tlig;!
Missing character: There is no 변 (U+BCC0) in font [lmroman10-regular]:+tlig;!
Missing character: There is no 수 (U+C218) in font [lmroman10-regular]:+tlig;!
Missing character: There is no 로 (U+B85C) in font [lmroman10-regular]:+tlig;!
Missing character: There is no 설 (U+C124) in font [lmroman10-regular]:+tlig;!
Missing character: There is no 정 (U+C815) in font [lmroman10-regular]:+tlig;!
Missing character: There is no 해 (U+D574) in font [lmroman10-regular]:+tlig;!
Missing character: There is no 야 (U+C57C) in font [lmroman10-regular]:+tlig;!
Missing character: There is no 합 (U+D569) in font [lmroman10-regular]:+tlig;!
Missing character: There is no 니 (U+B2C8) in font [lmroman10-regular]:+tlig;!
Missing character: There is no 다 (U+B2E4) in font [lmroman10-regular]:+tlig;!
Missing character: There is no 환 (U+D658) in font [lmroman10-regular]:+tlig;!
Missing character: There is no 경 (U+ACBD) in font [lmroman10-regular]:+tlig;!
Missing character: There is no 변 (U+BCC0) in font [lmroman10-regular]:+tlig;!
Missing character: There is no 수 (U+C218) in font [lmroman10-regular]:+tlig;!
Missing character: There is no 설 (U+C124) in font [lmroman10-regular]:+tlig;!
Missing character: There is no 정 (U+C815) in font [lmroman10-regular]:+tlig;!
Missing character: There is no 하 (U+D558) in font [lmroman10-regular]:+tlig;!
Missing character: There is no 기 (U+AE30) in font [lmroman10-regular]:+tlig;!
Missing character: There is no 내 (U+B0B4) in font [lmroman10-regular]:+tlig;!
Missing character: There is no 가 (U+AC00) in font [lmroman10-regular]:+tlig;!
Missing character: There is no 설 (U+C124) in font [lmroman10-regular]:+tlig;!
Missing character: There is no 치 (U+CE58) in font [lmroman10-regular]:+tlig;!
Missing character: There is no 한 (U+D55C) in font [lmroman10-regular]:+tlig;!
Missing character: There is no 폴 (U+D3F4) in font [lmroman10-regular]:+tlig;!
Missing character: There is no 더 (U+B354) in font [lmroman10-regular]:+tlig;!
Missing character: There is no 를 (U+B97C) in font [lmroman10-regular]:+tlig;!
Missing character: There is no 찾 (U+CC3E) in font [lmroman10-regular]:+tlig;!
Missing character: There is no 는 (U+B294) in font [lmroman10-regular]:+tlig;!
Missing character: There is no 다 (U+B2E4) in font [lmroman10-regular]:+tlig;!
Missing character: There is no 폴 (U+D3F4) in font [lmroman10-regular]:+tlig;!
Missing character: There is no 더 (U+B354) in font [lmroman10-regular]:+tlig;!
Missing character: There is no 에 (U+C5D0) in font [lmroman10-regular]:+tlig;!
Missing character: There is no 들 (U+B4E4) in font [lmroman10-regular]:+tlig;!
Missing character: There is no 어 (U+C5B4) in font [lmroman10-regular]:+tlig;!
Missing character: There is no 간 (U+AC04) in font [lmroman10-regular]:+tlig;!
Missing character: There is no 다 (U+B2E4) in font [lmroman10-regular]:+tlig;!
Missing character: There is no 폴 (U+D3F4) in font [lmroman10-regular]:+tlig;!
Missing character: There is no 더 (U+B354) in font [lmroman10-regular]:+tlig;!
Missing character: There is no 에 (U+C5D0) in font [lmroman10-regular]:+tlig;!
Missing character: There is no 들 (U+B4E4) in font [lmroman10-regular]:+tlig;!
Missing character: There is no 어 (U+C5B4) in font [lmroman10-regular]:+tlig;!
Missing character: There is no 간 (U+AC04) in font [lmroman10-regular]:+tlig;!
Missing character: There is no 다 (U+B2E4) in font [lmroman10-regular]:+tlig;!
Missing character: There is no 폴 (U+D3F4) in font [lmroman10-regular]:+tlig;!
Missing character: There is no 더 (U+B354) in font [lmroman10-regular]:+tlig;!
Missing character: There is no 바 (U+BC14) in font [lmroman10-regular]:+tlig;!
Missing character: There is no 탕 (U+D0D5) in font [lmroman10-regular]:+tlig;!
Missing character: There is no 에 (U+C5D0) in font [lmroman10-regular]:+tlig;!
Missing character: There is no 서 (U+C11C) in font [lmroman10-regular]:+tlig;!
Missing character: There is no 오 (U+C624) in font [lmroman10-regular]:+tlig;!
Missing character: There is no 른 (U+B978) in font [lmroman10-regular]:+tlig;!
Missing character: There is no 쪽 (U+CABD) in font [lmroman10-regular]:+tlig;!
Missing character: There is no 키 (U+D0A4) in font [lmroman10-regular]:+tlig;!
Missing character: There is no 를 (U+B97C) in font [lmroman10-regular]:+tlig;!
Missing character: There is no 클 (U+D074) in font [lmroman10-regular]:+tlig;!
Missing character: There is no 릭 (U+B9AD) in font [lmroman10-regular]:+tlig;!
Missing character: There is no 한 (U+D55C) in font [lmroman10-regular]:+tlig;!
Missing character: There is no 다 (U+B2E4) in font [lmroman10-regular]:+tlig;!
Missing character: There is no 속 (U+C18D) in font [lmroman10-regular]:+tlig;!
Missing character: There is no 성 (U+C131) in font [lmroman10-regular]:+tlig;!
Missing character: There is no 을 (U+C744) in font [lmroman10-regular]:+tlig;!
Missing character: There is no 클 (U+D074) in font [lmroman10-regular]:+tlig;!
Missing character: There is no 릭 (U+B9AD) in font [lmroman10-regular]:+tlig;!
Missing character: There is no 한 (U+D55C) in font [lmroman10-regular]:+tlig;!
Missing character: There is no 다 (U+B2E4) in font [lmroman10-regular]:+tlig;!
Missing character: There is no 보 (U+BCF4) in font [lmroman10-regular]:+tlig;!
Missing character: There is no 안 (U+C548) in font [lmroman10-regular]:+tlig;!
Missing character: There is no 탭 (U+D0ED) in font [lmroman10-regular]:+tlig;!
Missing character: There is no 에 (U+C5D0) in font [lmroman10-regular]:+tlig;!
Missing character: There is no 들 (U+B4E4) in font [lmroman10-regular]:+tlig;!
Missing character: There is no 어 (U+C5B4) in font [lmroman10-regular]:+tlig;!
Missing character: There is no 간 (U+AC04) in font [lmroman10-regular]:+tlig;!
Missing character: There is no 다 (U+B2E4) in font [lmroman10-regular]:+tlig;!
Missing character: There is no 개 (U+AC1C) in font [lmroman10-regular]:+tlig;!
Missing character: There is no 체 (U+CCB4) in font [lmroman10-regular]:+tlig;!
Missing character: There is no 이 (U+C774) in font [lmroman10-regular]:+tlig;!
Missing character: There is no 름 (U+B984) in font [lmroman10-regular]:+tlig;!
Missing character: There is no 을 (U+C744) in font [lmroman10-regular]:+tlig;!
Missing character: There is no 복 (U+BCF5) in font [lmroman10-regular]:+tlig;!
Missing character: There is no 사 (U+C0AC) in font [lmroman10-regular]:+tlig;!
Missing character: There is no 한 (U+D55C) in font [lmroman10-regular]:+tlig;!
Missing character: There is no 다 (U+B2E4) in font [lmroman10-regular]:+tlig;!
Missing character: There is no 복 (U+BCF5) in font [lmroman10-regular]:+tlig;!
Missing character: There is no 사 (U+C0AC) in font [lmroman10-regular]:+tlig;!
Missing character: There is no 한 (U+D55C) in font [lmroman10-regular]:+tlig;!
Missing character: There is no 값 (U+AC12) in font [lmroman10-regular]:+tlig;!
Missing character: There is no 은 (U+C740) in font [lmroman10-regular]:+tlig;!
Missing character: There is no 폴 (U+D3F4) in font [lmroman10-regular]:+tlig;!
Missing character: There is no 더 (U+B354) in font [lmroman10-regular]:+tlig;!
Missing character: There is no 의 (U+C758) in font [lmroman10-regular]:+tlig;!
Missing character: There is no 주 (U+C8FC) in font [lmroman10-regular]:+tlig;!
Missing character: There is no 소 (U+C18C) in font [lmroman10-regular]:+tlig;!
Missing character: There is no 이 (U+C774) in font [lmroman10-regular]:+tlig;!
Missing character: There is no 다 (U+B2E4) in font [lmroman10-regular]:+tlig;!
Missing character: There is no 폴 (U+D3F4) in font [lmroman10-regular]:+tlig;!
Missing character: There is no 더 (U+B354) in font [lmroman10-regular]:+tlig;!
Missing character: There is no 에 (U+C5D0) in font [lmroman10-regular]:+tlig;!
Missing character: There is no 들 (U+B4E4) in font [lmroman10-regular]:+tlig;!
Missing character: There is no 어 (U+C5B4) in font [lmroman10-regular]:+tlig;!
Missing character: There is no 간 (U+AC04) in font [lmroman10-regular]:+tlig;!
Missing character: There is no 다 (U+B2E4) in font [lmroman10-regular]:+tlig;!
Missing character: There is no 폴 (U+D3F4) in font [lmroman10-regular]:+tlig;!
Missing character: There is no 더 (U+B354) in font [lmroman10-regular]:+tlig;!
Missing character: There is no 바 (U+BC14) in font [lmroman10-regular]:+tlig;!
Missing character: There is no 탕 (U+D0D5) in font [lmroman10-regular]:+tlig;!
Missing character: There is no 에 (U+C5D0) in font [lmroman10-regular]:+tlig;!
Missing character: There is no 서 (U+C11C) in font [lmroman10-regular]:+tlig;!
Missing character: There is no 오 (U+C624) in font [lmroman10-regular]:+tlig;!
Missing character: There is no 른 (U+B978) in font [lmroman10-regular]:+tlig;!
Missing character: There is no 쪽 (U+CABD) in font [lmroman10-regular]:+tlig;!
Missing character: There is no 키 (U+D0A4) in font [lmroman10-regular]:+tlig;!
Missing character: There is no 를 (U+B97C) in font [lmroman10-regular]:+tlig;!
Missing character: There is no 클 (U+D074) in font [lmroman10-regular]:+tlig;!
Missing character: There is no 릭 (U+B9AD) in font [lmroman10-regular]:+tlig;!
Missing character: There is no 한 (U+D55C) in font [lmroman10-regular]:+tlig;!
Missing character: There is no 다 (U+B2E4) in font [lmroman10-regular]:+tlig;!
Missing character: There is no 속 (U+C18D) in font [lmroman10-regular]:+tlig;!
Missing character: There is no 성 (U+C131) in font [lmroman10-regular]:+tlig;!
Missing character: There is no 을 (U+C744) in font [lmroman10-regular]:+tlig;!
Missing character: There is no 클 (U+D074) in font [lmroman10-regular]:+tlig;!
Missing character: There is no 릭 (U+B9AD) in font [lmroman10-regular]:+tlig;!
Missing character: There is no 한 (U+D55C) in font [lmroman10-regular]:+tlig;!
Missing character: There is no 다 (U+B2E4) in font [lmroman10-regular]:+tlig;!
Missing character: There is no 보 (U+BCF4) in font [lmroman10-regular]:+tlig;!
Missing character: There is no 안 (U+C548) in font [lmroman10-regular]:+tlig;!
Missing character: There is no 탭 (U+D0ED) in font [lmroman10-regular]:+tlig;!
Missing character: There is no 에 (U+C5D0) in font [lmroman10-regular]:+tlig;!
Missing character: There is no 들 (U+B4E4) in font [lmroman10-regular]:+tlig;!
Missing character: There is no 어 (U+C5B4) in font [lmroman10-regular]:+tlig;!
Missing character: There is no 간 (U+AC04) in font [lmroman10-regular]:+tlig;!
Missing character: There is no 다 (U+B2E4) in font [lmroman10-regular]:+tlig;!
Missing character: There is no 개 (U+AC1C) in font [lmroman10-regular]:+tlig;!
Missing character: There is no 체 (U+CCB4) in font [lmroman10-regular]:+tlig;!
Missing character: There is no 이 (U+C774) in font [lmroman10-regular]:+tlig;!
Missing character: There is no 름 (U+B984) in font [lmroman10-regular]:+tlig;!
Missing character: There is no 을 (U+C744) in font [lmroman10-regular]:+tlig;!
Missing character: There is no 복 (U+BCF5) in font [lmroman10-regular]:+tlig;!
Missing character: There is no 사 (U+C0AC) in font [lmroman10-regular]:+tlig;!
Missing character: There is no 한 (U+D55C) in font [lmroman10-regular]:+tlig;!
Missing character: There is no 다 (U+B2E4) in font [lmroman10-regular]:+tlig;!
Missing character: There is no 복 (U+BCF5) in font [lmroman10-regular]:+tlig;!
Missing character: There is no 사 (U+C0AC) in font [lmroman10-regular]:+tlig;!
Missing character: There is no 한 (U+D55C) in font [lmroman10-regular]:+tlig;!
Missing character: There is no 값 (U+AC12) in font [lmroman10-regular]:+tlig;!
Missing character: There is no 은 (U+C740) in font [lmroman10-regular]:+tlig;!
Missing character: There is no 폴 (U+D3F4) in font [lmroman10-regular]:+tlig;!
Missing character: There is no 더 (U+B354) in font [lmroman10-regular]:+tlig;!
Missing character: There is no 의 (U+C758) in font [lmroman10-regular]:+tlig;!
Missing character: There is no 주 (U+C8FC) in font [lmroman10-regular]:+tlig;!
Missing character: There is no 소 (U+C18C) in font [lmroman10-regular]:+tlig;!
Missing character: There is no 이 (U+C774) in font [lmroman10-regular]:+tlig;!
Missing character: There is no 다 (U+B2E4) in font [lmroman10-regular]:+tlig;!
Missing character: There is no 자 (U+C790) in font [lmroman10-regular]:+tlig;!
Missing character: There is no 기 (U+AE30) in font [lmroman10-regular]:+tlig;!
Missing character: There is no 폴 (U+D3F4) in font [lmroman10-regular]:+tlig;!
Missing character: There is no 더 (U+B354) in font [lmroman10-regular]:+tlig;!
Missing character: There is no 의 (U+C758) in font [lmroman10-regular]:+tlig;!
Missing character: There is no 주 (U+C8FC) in font [lmroman10-regular]:+tlig;!
Missing character: There is no 소 (U+C18C) in font [lmroman10-regular]:+tlig;!
Missing character: There is no 값 (U+AC12) in font [lmroman10-regular]:+tlig;!
Missing character: There is no 윈 (U+C708) in font [lmroman10-regular]:+tlig;!
Missing character: There is no 도 (U+B3C4) in font [lmroman10-regular]:+tlig;!
Missing character: There is no 우 (U+C6B0) in font [lmroman10-regular]:+tlig;!
Missing character: There is no 키 (U+D0A4) in font [lmroman10-regular]:+tlig;!
Missing character: There is no 설 (U+C124) in font [lmroman10-regular]:+tlig;!
Missing character: There is no 정 (U+C815) in font [lmroman10-regular]:+tlig;!
Missing character: There is no 시 (U+C2DC) in font [lmroman10-regular]:+tlig;!
Missing character: There is no 스 (U+C2A4) in font [lmroman10-regular]:+tlig;!
Missing character: There is no 템 (U+D15C) in font [lmroman10-regular]:+tlig;!
Missing character: There is no 정 (U+C815) in font [lmroman10-regular]:+tlig;!
Missing character: There is no 보 (U+BCF4) in font [lmroman10-regular]:+tlig;!
Missing character: There is no 고 (U+ACE0) in font [lmroman10-regular]:+tlig;!
Missing character: There is no 급 (U+AE09) in font [lmroman10-regular]:+tlig;!
Missing character: There is no 시 (U+C2DC) in font [lmroman10-regular]:+tlig;!
Missing character: There is no 스 (U+C2A4) in font [lmroman10-regular]:+tlig;!
Missing character: There is no 템 (U+D15C) in font [lmroman10-regular]:+tlig;!
Missing character: There is no 설 (U+C124) in font [lmroman10-regular]:+tlig;!
Missing character: There is no 정 (U+C815) in font [lmroman10-regular]:+tlig;!
Missing character: There is no 고 (U+ACE0) in font [lmroman10-regular]:+tlig;!
Missing character: There is no 급 (U+AE09) in font [lmroman10-regular]:+tlig;!
Missing character: There is no 환 (U+D658) in font [lmroman10-regular]:+tlig;!
Missing character: There is no 경 (U+ACBD) in font [lmroman10-regular]:+tlig;!
Missing character: There is no 변 (U+BCC0) in font [lmroman10-regular]:+tlig;!
Missing character: There is no 수 (U+C218) in font [lmroman10-regular]:+tlig;!
Missing character: There is no 클 (U+D074) in font [lmroman10-regular]:+tlig;!
Missing character: There is no 릭 (U+B9AD) in font [lmroman10-regular]:+tlig;!
Missing character: There is no 자 (U+C790) in font [lmroman10-regular]:+tlig;!
Missing character: There is no 기 (U+AE30) in font [lmroman10-regular]:+tlig;!
Missing character: There is no 폴 (U+D3F4) in font [lmroman10-regular]:+tlig;!
Missing character: There is no 더 (U+B354) in font [lmroman10-regular]:+tlig;!
Missing character: There is no 의 (U+C758) in font [lmroman10-regular]:+tlig;!
Missing character: There is no 주 (U+C8FC) in font [lmroman10-regular]:+tlig;!
Missing character: There is no 소 (U+C18C) in font [lmroman10-regular]:+tlig;!
Missing character: There is no 값 (U+AC12) in font [lmroman10-regular]:+tlig;!
Missing character: There is no 윈 (U+C708) in font [lmroman10-regular]:+tlig;!
Missing character: There is no 도 (U+B3C4) in font [lmroman10-regular]:+tlig;!
Missing character: There is no 우 (U+C6B0) in font [lmroman10-regular]:+tlig;!
Missing character: There is no 키 (U+D0A4) in font [lmroman10-regular]:+tlig;!
Missing character: There is no 설 (U+C124) in font [lmroman10-regular]:+tlig;!
Missing character: There is no 정 (U+C815) in font [lmroman10-regular]:+tlig;!
Missing character: There is no 시 (U+C2DC) in font [lmroman10-regular]:+tlig;!
Missing character: There is no 스 (U+C2A4) in font [lmroman10-regular]:+tlig;!
Missing character: There is no 템 (U+D15C) in font [lmroman10-regular]:+tlig;!
Missing character: There is no 정 (U+C815) in font [lmroman10-regular]:+tlig;!
Missing character: There is no 보 (U+BCF4) in font [lmroman10-regular]:+tlig;!
Missing character: There is no 고 (U+ACE0) in font [lmroman10-regular]:+tlig;!
Missing character: There is no 급 (U+AE09) in font [lmroman10-regular]:+tlig;!
Missing character: There is no 시 (U+C2DC) in font [lmroman10-regular]:+tlig;!
Missing character: There is no 스 (U+C2A4) in font [lmroman10-regular]:+tlig;!
Missing character: There is no 템 (U+D15C) in font [lmroman10-regular]:+tlig;!
Missing character: There is no 설 (U+C124) in font [lmroman10-regular]:+tlig;!
Missing character: There is no 정 (U+C815) in font [lmroman10-regular]:+tlig;!
Missing character: There is no 고 (U+ACE0) in font [lmroman10-regular]:+tlig;!
Missing character: There is no 급 (U+AE09) in font [lmroman10-regular]:+tlig;!
Missing character: There is no 환 (U+D658) in font [lmroman10-regular]:+tlig;!
Missing character: There is no 경 (U+ACBD) in font [lmroman10-regular]:+tlig;!
Missing character: There is no 변 (U+BCC0) in font [lmroman10-regular]:+tlig;!
Missing character: There is no 수 (U+C218) in font [lmroman10-regular]:+tlig;!
Missing character: There is no 클 (U+D074) in font [lmroman10-regular]:+tlig;!
Missing character: There is no 릭 (U+B9AD) in font [lmroman10-regular]:+tlig;!
Missing character: There is no 클 (U+D074) in font [lmroman10-regular]:+tlig;!
Missing character: There is no 릭 (U+B9AD) in font [lmroman10-regular]:+tlig;!
Missing character: There is no 편 (U+D3B8) in font [lmroman10-regular]:+tlig;!
Missing character: There is no 집 (U+C9D1) in font [lmroman10-regular]:+tlig;!
Missing character: There is no 클 (U+D074) in font [lmroman10-regular]:+tlig;!
Missing character: There is no 릭 (U+B9AD) in font [lmroman10-regular]:+tlig;!
Missing character: There is no 새 (U+C0C8) in font [lmroman10-regular]:+tlig;!
Missing character: There is no 로 (U+B85C) in font [lmroman10-regular]:+tlig;!
Missing character: There is no 만 (U+B9CC) in font [lmroman10-regular]:+tlig;!
Missing character: There is no 들 (U+B4E4) in font [lmroman10-regular]:+tlig;!
Missing character: There is no 기 (U+AE30) in font [lmroman10-regular]:+tlig;!
Missing character: There is no 클 (U+D074) in font [lmroman10-regular]:+tlig;!
Missing character: There is no 릭 (U+B9AD) in font [lmroman10-regular]:+tlig;!
Missing character: There is no 복 (U+BCF5) in font [lmroman10-regular]:+tlig;!
Missing character: There is no 사 (U+C0AC) in font [lmroman10-regular]:+tlig;!
Missing character: There is no 한 (U+D55C) in font [lmroman10-regular]:+tlig;!
Missing character: There is no 주 (U+C8FC) in font [lmroman10-regular]:+tlig;!
Missing character: There is no 소 (U+C18C) in font [lmroman10-regular]:+tlig;!
Missing character: There is no 값 (U+AC12) in font [lmroman10-regular]:+tlig;!
Missing character: There is no 넣 (U+B123) in font [lmroman10-regular]:+tlig;!
Missing character: There is no 기 (U+AE30) in font [lmroman10-regular]:+tlig;!
Missing character: There is no 적 (U+C801) in font [lmroman10-regular]:+tlig;!
Missing character: There is no 용 (U+C6A9) in font [lmroman10-regular]:+tlig;!
Missing character: There is no 켜 (U+CF1C) in font [lmroman10-regular]:+tlig;!
Missing character: There is no 기 (U+AE30) in font [lmroman10-regular]:+tlig;!
Missing character: There is no 작 (U+C791) in font [lmroman10-regular]:+tlig;!
Missing character: There is no 동 (U+B3D9) in font [lmroman10-regular]:+tlig;!
Missing character: There is no 확 (U+D655) in font [lmroman10-regular]:+tlig;!
Missing character: There is no 인 (U+C778) in font [lmroman10-regular]:+tlig;!
Missing character: There is no 에 (U+C5D0) in font [lmroman10-regular]:+tlig;!
Missing character: There is no 나 (U+B098) in font [lmroman10-regular]:+tlig;!
Missing character: There is no 와 (U+C640) in font [lmroman10-regular]:+tlig;!
Missing character: There is no 있 (U+C788) in font [lmroman10-regular]:+tlig;!
Missing character: There is no 는 (U+B294) in font [lmroman10-regular]:+tlig;!
Missing character: There is no 대 (U+B300) in font [lmroman10-regular]:+tlig;!
Missing character: There is no 로 (U+B85C) in font [lmroman10-regular]:+tlig;!
Missing character: There is no 에 (U+C5D0) in font [lmroman10-regular]:+tlig;!
Missing character: There is no 클 (U+D074) in font [lmroman10-regular]:+tlig;!
Missing character: There is no 릭 (U+B9AD) in font [lmroman10-regular]:+tlig;!
Missing character: There is no 편 (U+D3B8) in font [lmroman10-regular]:+tlig;!
Missing character: There is no 집 (U+C9D1) in font [lmroman10-regular]:+tlig;!
Missing character: There is no 클 (U+D074) in font [lmroman10-regular]:+tlig;!
Missing character: There is no 릭 (U+B9AD) in font [lmroman10-regular]:+tlig;!
Missing character: There is no 새 (U+C0C8) in font [lmroman10-regular]:+tlig;!
Missing character: There is no 로 (U+B85C) in font [lmroman10-regular]:+tlig;!
Missing character: There is no 만 (U+B9CC) in font [lmroman10-regular]:+tlig;!
Missing character: There is no 들 (U+B4E4) in font [lmroman10-regular]:+tlig;!
Missing character: There is no 기 (U+AE30) in font [lmroman10-regular]:+tlig;!
Missing character: There is no 클 (U+D074) in font [lmroman10-regular]:+tlig;!
Missing character: There is no 릭 (U+B9AD) in font [lmroman10-regular]:+tlig;!
Missing character: There is no 복 (U+BCF5) in font [lmroman10-regular]:+tlig;!
Missing character: There is no 사 (U+C0AC) in font [lmroman10-regular]:+tlig;!
Missing character: There is no 한 (U+D55C) in font [lmroman10-regular]:+tlig;!
Missing character: There is no 주 (U+C8FC) in font [lmroman10-regular]:+tlig;!
Missing character: There is no 소 (U+C18C) in font [lmroman10-regular]:+tlig;!
Missing character: There is no 값 (U+AC12) in font [lmroman10-regular]:+tlig;!
Missing character: There is no 넣 (U+B123) in font [lmroman10-regular]:+tlig;!
Missing character: There is no 기 (U+AE30) in font [lmroman10-regular]:+tlig;!
Missing character: There is no 적 (U+C801) in font [lmroman10-regular]:+tlig;!
Missing character: There is no 용 (U+C6A9) in font [lmroman10-regular]:+tlig;!
Missing character: There is no 켜 (U+CF1C) in font [lmroman10-regular]:+tlig;!
Missing character: There is no 기 (U+AE30) in font [lmroman10-regular]:+tlig;!
Missing character: There is no 작 (U+C791) in font [lmroman10-regular]:+tlig;!
Missing character: There is no 동 (U+B3D9) in font [lmroman10-regular]:+tlig;!
Missing character: There is no 확 (U+D655) in font [lmroman10-regular]:+tlig;!
Missing character: There is no 인 (U+C778) in font [lmroman10-regular]:+tlig;!
Missing character: There is no 에 (U+C5D0) in font [lmroman10-regular]:+tlig;!
Missing character: There is no 나 (U+B098) in font [lmroman10-regular]:+tlig;!
Missing character: There is no 와 (U+C640) in font [lmroman10-regular]:+tlig;!
Missing character: There is no 있 (U+C788) in font [lmroman10-regular]:+tlig;!
Missing character: There is no 는 (U+B294) in font [lmroman10-regular]:+tlig;!
Missing character: There is no 대 (U+B300) in font [lmroman10-regular]:+tlig;!
Missing character: There is no 로 (U+B85C) in font [lmroman10-regular]:+tlig;!
Missing character: There is no 에 (U+C5D0) in font [lmroman10-regular]:+tlig;!
Missing character: There is no 구 (U+AD6C) in font [lmroman10-regular]:+tlig;!
Missing character: There is no 성 (U+C131) in font [lmroman10-regular]:+tlig;!
Missing character: There is no 되 (U+B418) in font [lmroman10-regular]:+tlig;!
Missing character: There is no 어 (U+C5B4) in font [lmroman10-regular]:+tlig;!
Missing character: There is no 있 (U+C788) in font [lmroman10-regular]:+tlig;!
Missing character: There is no 는 (U+B294) in font [lmroman10-regular]:+tlig;!
Missing character: There is no 지 (U+C9C0) in font [lmroman10-regular]:+tlig;!
Missing character: There is no 확 (U+D655) in font [lmroman10-regular]:+tlig;!
Missing character: There is no 인 (U+C778) in font [lmroman10-regular]:+tlig;!
Missing character: There is no 안 (U+C548) in font [lmroman10-regular]:+tlig;!
Missing character: There is no 되 (U+B418) in font [lmroman10-regular]:+tlig;!
Missing character: There is no 면 (U+BA74) in font [lmroman10-regular]:+tlig;!
Missing character: There is no 삭 (U+C0AD) in font [lmroman10-regular]:+tlig;!
Missing character: There is no 제 (U+C81C) in font [lmroman10-regular]:+tlig;!
Missing character: There is no 후 (U+D6C4) in font [lmroman10-regular]:+tlig;!
Missing character: There is no 디 (U+B514) in font [lmroman10-regular]:+tlig;!
Missing character: There is no 폴 (U+D3F4) in font [lmroman10-regular]:+tlig;!
Missing character: There is no 트 (U+D2B8) in font [lmroman10-regular]:+tlig;!
Missing character: There is no 상 (U+C0C1) in font [lmroman10-regular]:+tlig;!
Missing character: There is no 태 (U+D0DC) in font [lmroman10-regular]:+tlig;!
Missing character: There is no 로 (U+B85C) in font [lmroman10-regular]:+tlig;!
Missing character: There is no 재 (U+C7AC) in font [lmroman10-regular]:+tlig;!
Missing character: There is no 설 (U+C124) in font [lmroman10-regular]:+tlig;!
Missing character: There is no 치 (U+CE58) in font [lmroman10-regular]:+tlig;!
Missing character: There is no 환 (U+D658) in font [lmroman10-regular]:+tlig;!
Missing character: There is no 경 (U+ACBD) in font [lmroman10-regular]:+tlig;!
Missing character: There is no 변 (U+BCC0) in font [lmroman10-regular]:+tlig;!
Missing character: There is no 수 (U+C218) in font [lmroman10-regular]:+tlig;!
Missing character: There is no 추 (U+CD94) in font [lmroman10-regular]:+tlig;!
Missing character: There is no 가 (U+AC00) in font [lmroman10-regular]:+tlig;!
Missing character: There is no 에 (U+C5D0) in font [lmroman10-regular]:+tlig;!
Missing character: There is no 하 (U+D558) in font [lmroman10-regular]:+tlig;!
Missing character: There is no 여 (U+C5EC) in font [lmroman10-regular]:+tlig;!
Missing character: There is no 설 (U+C124) in font [lmroman10-regular]:+tlig;!
Missing character: There is no 치 (U+CE58) in font [lmroman10-regular]:+tlig;!
Missing character: There is no 메 (U+BA54) in font [lmroman10-regular]:+tlig;!
Missing character: There is no 일 (U+C77C) in font [lmroman10-regular]:+tlig;!
Missing character: There is no 로 (U+B85C) in font [lmroman10-regular]:+tlig;!
Missing character: There is no 문 (U+BB38) in font [lmroman10-regular]:+tlig;!
Missing character: There is no 의 (U+C758) in font [lmroman10-regular]:+tlig;!
<image/page-09.png, id=138, 963.72044pt x 542.025pt>
File: image/page-09.png Graphic file (type png)
<use image/page-09.png>
Package luatex.def Info: image/page-09.png  used on input line 581.
(luatex.def)             Requested size: 963.7181pt x 542.02367pt.

Overfull \hbox (10.96246pt too wide) in paragraph at lines 581--582
[][] 
 []



[16
Missing character: There is no 환 (U+D658) in font [lmsans10-bold]:+tlig;!
Missing character: There is no 경 (U+ACBD) in font [lmsans10-bold]:+tlig;!
Missing character: There is no 변 (U+BCC0) in font [lmsans10-bold]:+tlig;!
Missing character: There is no 수 (U+C218) in font [lmsans10-bold]:+tlig;!
Missing character: There is no 설 (U+C124) in font [lmsans10-bold]:+tlig;!
Missing character: There is no 정 (U+C815) in font [lmsans10-bold]:+tlig;!
Missing character: There is no 환 (U+D658) in font [lmroman10-regular]:+tlig;!
Missing character: There is no 경 (U+ACBD) in font [lmroman10-regular]:+tlig;!
Missing character: There is no 변 (U+BCC0) in font [lmroman10-regular]:+tlig;!
Missing character: There is no 수 (U+C218) in font [lmroman10-regular]:+tlig;!
Missing character: There is no 설 (U+C124) in font [lmroman10-regular]:+tlig;!
Missing character: There is no 정 (U+C815) in font [lmroman10-regular]:+tlig;!
Missing character: There is no 를 (U+B97C) in font [lmroman10-regular]:+tlig;!
Missing character: There is no 환 (U+D658) in font [lmroman10-regular]:+tlig;!
Missing character: There is no 경 (U+ACBD) in font [lmroman10-regular]:+tlig;!
Missing character: There is no 변 (U+BCC0) in font [lmroman10-regular]:+tlig;!
Missing character: There is no 수 (U+C218) in font [lmroman10-regular]:+tlig;!
Missing character: There is no 로 (U+B85C) in font [lmroman10-regular]:+tlig;!
Missing character: There is no 설 (U+C124) in font [lmroman10-regular]:+tlig;!
Missing character: There is no 정 (U+C815) in font [lmroman10-regular]:+tlig;!
Missing character: There is no 해 (U+D574) in font [lmroman10-regular]:+tlig;!
Missing character: There is no 야 (U+C57C) in font [lmroman10-regular]:+tlig;!
Missing character: There is no 합 (U+D569) in font [lmroman10-regular]:+tlig;!
Missing character: There is no 니 (U+B2C8) in font [lmroman10-regular]:+tlig;!
Missing character: There is no 다 (U+B2E4) in font [lmroman10-regular]:+tlig;!
Missing character: There is no 환 (U+D658) in font [lmroman10-regular]:+tlig;!
Missing character: There is no 경 (U+ACBD) in font [lmroman10-regular]:+tlig;!
Missing character: There is no 변 (U+BCC0) in font [lmroman10-regular]:+tlig;!
Missing character: There is no 수 (U+C218) in font [lmroman10-regular]:+tlig;!
Missing character: There is no 설 (U+C124) in font [lmroman10-regular]:+tlig;!
Missing character: There is no 정 (U+C815) in font [lmroman10-regular]:+tlig;!
Missing character: There is no 하 (U+D558) in font [lmroman10-regular]:+tlig;!
Missing character: There is no 기 (U+AE30) in font [lmroman10-regular]:+tlig;!
Missing character: There is no 내 (U+B0B4) in font [lmroman10-regular]:+tlig;!
Missing character: There is no 가 (U+AC00) in font [lmroman10-regular]:+tlig;!
Missing character: There is no 설 (U+C124) in font [lmroman10-regular]:+tlig;!
Missing character: There is no 치 (U+CE58) in font [lmroman10-regular]:+tlig;!
Missing character: There is no 한 (U+D55C) in font [lmroman10-regular]:+tlig;!
Missing character: There is no 폴 (U+D3F4) in font [lmroman10-regular]:+tlig;!
Missing character: There is no 더 (U+B354) in font [lmroman10-regular]:+tlig;!
Missing character: There is no 를 (U+B97C) in font [lmroman10-regular]:+tlig;!
Missing character: There is no 찾 (U+CC3E) in font [lmroman10-regular]:+tlig;!
Missing character: There is no 는 (U+B294) in font [lmroman10-regular]:+tlig;!
Missing character: There is no 다 (U+B2E4) in font [lmroman10-regular]:+tlig;!
Missing character: There is no 폴 (U+D3F4) in font [lmroman10-regular]:+tlig;!
Missing character: There is no 더 (U+B354) in font [lmroman10-regular]:+tlig;!
Missing character: There is no 에 (U+C5D0) in font [lmroman10-regular]:+tlig;!
Missing character: There is no 들 (U+B4E4) in font [lmroman10-regular]:+tlig;!
Missing character: There is no 어 (U+C5B4) in font [lmroman10-regular]:+tlig;!
Missing character: There is no 간 (U+AC04) in font [lmroman10-regular]:+tlig;!
Missing character: There is no 다 (U+B2E4) in font [lmroman10-regular]:+tlig;!
Missing character: There is no 폴 (U+D3F4) in font [lmroman10-regular]:+tlig;!
Missing character: There is no 더 (U+B354) in font [lmroman10-regular]:+tlig;!
Missing character: There is no 에 (U+C5D0) in font [lmroman10-regular]:+tlig;!
Missing character: There is no 들 (U+B4E4) in font [lmroman10-regular]:+tlig;!
Missing character: There is no 어 (U+C5B4) in font [lmroman10-regular]:+tlig;!
Missing character: There is no 간 (U+AC04) in font [lmroman10-regular]:+tlig;!
Missing character: There is no 다 (U+B2E4) in font [lmroman10-regular]:+tlig;!
Missing character: There is no 폴 (U+D3F4) in font [lmroman10-regular]:+tlig;!
Missing character: There is no 더 (U+B354) in font [lmroman10-regular]:+tlig;!
Missing character: There is no 바 (U+BC14) in font [lmroman10-regular]:+tlig;!
Missing character: There is no 탕 (U+D0D5) in font [lmroman10-regular]:+tlig;!
Missing character: There is no 에 (U+C5D0) in font [lmroman10-regular]:+tlig;!
Missing character: There is no 서 (U+C11C) in font [lmroman10-regular]:+tlig;!
Missing character: There is no 오 (U+C624) in font [lmroman10-regular]:+tlig;!
Missing character: There is no 른 (U+B978) in font [lmroman10-regular]:+tlig;!
Missing character: There is no 쪽 (U+CABD) in font [lmroman10-regular]:+tlig;!
Missing character: There is no 키 (U+D0A4) in font [lmroman10-regular]:+tlig;!
Missing character: There is no 를 (U+B97C) in font [lmroman10-regular]:+tlig;!
Missing character: There is no 클 (U+D074) in font [lmroman10-regular]:+tlig;!
Missing character: There is no 릭 (U+B9AD) in font [lmroman10-regular]:+tlig;!
Missing character: There is no 한 (U+D55C) in font [lmroman10-regular]:+tlig;!
Missing character: There is no 다 (U+B2E4) in font [lmroman10-regular]:+tlig;!
Missing character: There is no 속 (U+C18D) in font [lmroman10-regular]:+tlig;!
Missing character: There is no 성 (U+C131) in font [lmroman10-regular]:+tlig;!
Missing character: There is no 을 (U+C744) in font [lmroman10-regular]:+tlig;!
Missing character: There is no 클 (U+D074) in font [lmroman10-regular]:+tlig;!
Missing character: There is no 릭 (U+B9AD) in font [lmroman10-regular]:+tlig;!
Missing character: There is no 한 (U+D55C) in font [lmroman10-regular]:+tlig;!
Missing character: There is no 다 (U+B2E4) in font [lmroman10-regular]:+tlig;!
Missing character: There is no 보 (U+BCF4) in font [lmroman10-regular]:+tlig;!
Missing character: There is no 안 (U+C548) in font [lmroman10-regular]:+tlig;!
Missing character: There is no 탭 (U+D0ED) in font [lmroman10-regular]:+tlig;!
Missing character: There is no 에 (U+C5D0) in font [lmroman10-regular]:+tlig;!
Missing character: There is no 들 (U+B4E4) in font [lmroman10-regular]:+tlig;!
Missing character: There is no 어 (U+C5B4) in font [lmroman10-regular]:+tlig;!
Missing character: There is no 간 (U+AC04) in font [lmroman10-regular]:+tlig;!
Missing character: There is no 다 (U+B2E4) in font [lmroman10-regular]:+tlig;!
Missing character: There is no 개 (U+AC1C) in font [lmroman10-regular]:+tlig;!
Missing character: There is no 체 (U+CCB4) in font [lmroman10-regular]:+tlig;!
Missing character: There is no 이 (U+C774) in font [lmroman10-regular]:+tlig;!
Missing character: There is no 름 (U+B984) in font [lmroman10-regular]:+tlig;!
Missing character: There is no 을 (U+C744) in font [lmroman10-regular]:+tlig;!
Missing character: There is no 복 (U+BCF5) in font [lmroman10-regular]:+tlig;!
Missing character: There is no 사 (U+C0AC) in font [lmroman10-regular]:+tlig;!
Missing character: There is no 한 (U+D55C) in font [lmroman10-regular]:+tlig;!
Missing character: There is no 다 (U+B2E4) in font [lmroman10-regular]:+tlig;!
Missing character: There is no 복 (U+BCF5) in font [lmroman10-regular]:+tlig;!
Missing character: There is no 사 (U+C0AC) in font [lmroman10-regular]:+tlig;!
Missing character: There is no 한 (U+D55C) in font [lmroman10-regular]:+tlig;!
Missing character: There is no 값 (U+AC12) in font [lmroman10-regular]:+tlig;!
Missing character: There is no 은 (U+C740) in font [lmroman10-regular]:+tlig;!
Missing character: There is no 폴 (U+D3F4) in font [lmroman10-regular]:+tlig;!
Missing character: There is no 더 (U+B354) in font [lmroman10-regular]:+tlig;!
Missing character: There is no 의 (U+C758) in font [lmroman10-regular]:+tlig;!
Missing character: There is no 주 (U+C8FC) in font [lmroman10-regular]:+tlig;!
Missing character: There is no 소 (U+C18C) in font [lmroman10-regular]:+tlig;!
Missing character: There is no 이 (U+C774) in font [lmroman10-regular]:+tlig;!
Missing character: There is no 다 (U+B2E4) in font [lmroman10-regular]:+tlig;!
Missing character: There is no 자 (U+C790) in font [lmroman10-regular]:+tlig;!
Missing character: There is no 기 (U+AE30) in font [lmroman10-regular]:+tlig;!
Missing character: There is no 폴 (U+D3F4) in font [lmroman10-regular]:+tlig;!
Missing character: There is no 더 (U+B354) in font [lmroman10-regular]:+tlig;!
Missing character: There is no 의 (U+C758) in font [lmroman10-regular]:+tlig;!
Missing character: There is no 주 (U+C8FC) in font [lmroman10-regular]:+tlig;!
Missing character: There is no 소 (U+C18C) in font [lmroman10-regular]:+tlig;!
Missing character: There is no 값 (U+AC12) in font [lmroman10-regular]:+tlig;!
Missing character: There is no 윈 (U+C708) in font [lmroman10-regular]:+tlig;!
Missing character: There is no 도 (U+B3C4) in font [lmroman10-regular]:+tlig;!
Missing character: There is no 우 (U+C6B0) in font [lmroman10-regular]:+tlig;!
Missing character: There is no 키 (U+D0A4) in font [lmroman10-regular]:+tlig;!
Missing character: There is no 설 (U+C124) in font [lmroman10-regular]:+tlig;!
Missing character: There is no 정 (U+C815) in font [lmroman10-regular]:+tlig;!
Missing character: There is no 시 (U+C2DC) in font [lmroman10-regular]:+tlig;!
Missing character: There is no 스 (U+C2A4) in font [lmroman10-regular]:+tlig;!
Missing character: There is no 템 (U+D15C) in font [lmroman10-regular]:+tlig;!
Missing character: There is no 정 (U+C815) in font [lmroman10-regular]:+tlig;!
Missing character: There is no 보 (U+BCF4) in font [lmroman10-regular]:+tlig;!
Missing character: There is no 고 (U+ACE0) in font [lmroman10-regular]:+tlig;!
Missing character: There is no 급 (U+AE09) in font [lmroman10-regular]:+tlig;!
Missing character: There is no 시 (U+C2DC) in font [lmroman10-regular]:+tlig;!
Missing character: There is no 스 (U+C2A4) in font [lmroman10-regular]:+tlig;!
Missing character: There is no 템 (U+D15C) in font [lmroman10-regular]:+tlig;!
Missing character: There is no 설 (U+C124) in font [lmroman10-regular]:+tlig;!
Missing character: There is no 정 (U+C815) in font [lmroman10-regular]:+tlig;!
Missing character: There is no 고 (U+ACE0) in font [lmroman10-regular]:+tlig;!
Missing character: There is no 급 (U+AE09) in font [lmroman10-regular]:+tlig;!
Missing character: There is no 환 (U+D658) in font [lmroman10-regular]:+tlig;!
Missing character: There is no 경 (U+ACBD) in font [lmroman10-regular]:+tlig;!
Missing character: There is no 변 (U+BCC0) in font [lmroman10-regular]:+tlig;!
Missing character: There is no 수 (U+C218) in font [lmroman10-regular]:+tlig;!
Missing character: There is no 클 (U+D074) in font [lmroman10-regular]:+tlig;!
Missing character: There is no 릭 (U+B9AD) in font [lmroman10-regular]:+tlig;!
Missing character: There is no 클 (U+D074) in font [lmroman10-regular]:+tlig;!
Missing character: There is no 릭 (U+B9AD) in font [lmroman10-regular]:+tlig;!
Missing character: There is no 편 (U+D3B8) in font [lmroman10-regular]:+tlig;!
Missing character: There is no 집 (U+C9D1) in font [lmroman10-regular]:+tlig;!
Missing character: There is no 클 (U+D074) in font [lmroman10-regular]:+tlig;!
Missing character: There is no 릭 (U+B9AD) in font [lmroman10-regular]:+tlig;!
Missing character: There is no 새 (U+C0C8) in font [lmroman10-regular]:+tlig;!
Missing character: There is no 로 (U+B85C) in font [lmroman10-regular]:+tlig;!
Missing character: There is no 만 (U+B9CC) in font [lmroman10-regular]:+tlig;!
Missing character: There is no 들 (U+B4E4) in font [lmroman10-regular]:+tlig;!
Missing character: There is no 기 (U+AE30) in font [lmroman10-regular]:+tlig;!
Missing character: There is no 클 (U+D074) in font [lmroman10-regular]:+tlig;!
Missing character: There is no 릭 (U+B9AD) in font [lmroman10-regular]:+tlig;!
Missing character: There is no 복 (U+BCF5) in font [lmroman10-regular]:+tlig;!
Missing character: There is no 사 (U+C0AC) in font [lmroman10-regular]:+tlig;!
Missing character: There is no 한 (U+D55C) in font [lmroman10-regular]:+tlig;!
Missing character: There is no 주 (U+C8FC) in font [lmroman10-regular]:+tlig;!
Missing character: There is no 소 (U+C18C) in font [lmroman10-regular]:+tlig;!
Missing character: There is no 값 (U+AC12) in font [lmroman10-regular]:+tlig;!
Missing character: There is no 넣 (U+B123) in font [lmroman10-regular]:+tlig;!
Missing character: There is no 기 (U+AE30) in font [lmroman10-regular]:+tlig;!
Missing character: There is no 적 (U+C801) in font [lmroman10-regular]:+tlig;!
Missing character: There is no 용 (U+C6A9) in font [lmroman10-regular]:+tlig;!
Missing character: There is no 켜 (U+CF1C) in font [lmroman10-regular]:+tlig;!
Missing character: There is no 기 (U+AE30) in font [lmroman10-regular]:+tlig;!
Missing character: There is no 작 (U+C791) in font [lmroman10-regular]:+tlig;!
Missing character: There is no 동 (U+B3D9) in font [lmroman10-regular]:+tlig;!
Missing character: There is no 확 (U+D655) in font [lmroman10-regular]:+tlig;!
Missing character: There is no 인 (U+C778) in font [lmroman10-regular]:+tlig;!
Missing character: There is no 에 (U+C5D0) in font [lmroman10-regular]:+tlig;!
Missing character: There is no 나 (U+B098) in font [lmroman10-regular]:+tlig;!
Missing character: There is no 와 (U+C640) in font [lmroman10-regular]:+tlig;!
Missing character: There is no 있 (U+C788) in font [lmroman10-regular]:+tlig;!
Missing character: There is no 는 (U+B294) in font [lmroman10-regular]:+tlig;!
Missing character: There is no 대 (U+B300) in font [lmroman10-regular]:+tlig;!
Missing character: There is no 로 (U+B85C) in font [lmroman10-regular]:+tlig;!
Missing character: There is no 에 (U+C5D0) in font [lmroman10-regular]:+tlig;!
Missing character: There is no 구 (U+AD6C) in font [lmroman10-regular]:+tlig;!
Missing character: There is no 성 (U+C131) in font [lmroman10-regular]:+tlig;!
Missing character: There is no 되 (U+B418) in font [lmroman10-regular]:+tlig;!
Missing character: There is no 어 (U+C5B4) in font [lmroman10-regular]:+tlig;!
Missing character: There is no 있 (U+C788) in font [lmroman10-regular]:+tlig;!
Missing character: There is no 는 (U+B294) in font [lmroman10-regular]:+tlig;!
Missing character: There is no 지 (U+C9C0) in font [lmroman10-regular]:+tlig;!
Missing character: There is no 확 (U+D655) in font [lmroman10-regular]:+tlig;!
Missing character: There is no 인 (U+C778) in font [lmroman10-regular]:+tlig;!
Missing character: There is no 안 (U+C548) in font [lmroman10-regular]:+tlig;!
Missing character: There is no 되 (U+B418) in font [lmroman10-regular]:+tlig;!
Missing character: There is no 면 (U+BA74) in font [lmroman10-regular]:+tlig;!
Missing character: There is no 삭 (U+C0AD) in font [lmroman10-regular]:+tlig;!
Missing character: There is no 제 (U+C81C) in font [lmroman10-regular]:+tlig;!
Missing character: There is no 후 (U+D6C4) in font [lmroman10-regular]:+tlig;!
Missing character: There is no 디 (U+B514) in font [lmroman10-regular]:+tlig;!
Missing character: There is no 폴 (U+D3F4) in font [lmroman10-regular]:+tlig;!
Missing character: There is no 트 (U+D2B8) in font [lmroman10-regular]:+tlig;!
Missing character: There is no 상 (U+C0C1) in font [lmroman10-regular]:+tlig;!
Missing character: There is no 태 (U+D0DC) in font [lmroman10-regular]:+tlig;!
Missing character: There is no 로 (U+B85C) in font [lmroman10-regular]:+tlig;!
Missing character: There is no 재 (U+C7AC) in font [lmroman10-regular]:+tlig;!
Missing character: There is no 설 (U+C124) in font [lmroman10-regular]:+tlig;!
Missing character: There is no 치 (U+CE58) in font [lmroman10-regular]:+tlig;!
Missing character: There is no 환 (U+D658) in font [lmroman10-regular]:+tlig;!
Missing character: There is no 경 (U+ACBD) in font [lmroman10-regular]:+tlig;!
Missing character: There is no 변 (U+BCC0) in font [lmroman10-regular]:+tlig;!
Missing character: There is no 수 (U+C218) in font [lmroman10-regular]:+tlig;!
Missing character: There is no 추 (U+CD94) in font [lmroman10-regular]:+tlig;!
Missing character: There is no 가 (U+AC00) in font [lmroman10-regular]:+tlig;!
Missing character: There is no 에 (U+C5D0) in font [lmroman10-regular]:+tlig;!
Missing character: There is no 하 (U+D558) in font [lmroman10-regular]:+tlig;!
Missing character: There is no 여 (U+C5EC) in font [lmroman10-regular]:+tlig;!
Missing character: There is no 설 (U+C124) in font [lmroman10-regular]:+tlig;!
Missing character: There is no 치 (U+CE58) in font [lmroman10-regular]:+tlig;!
Missing character: There is no 메 (U+BA54) in font [lmroman10-regular]:+tlig;!
Missing character: There is no 일 (U+C77C) in font [lmroman10-regular]:+tlig;!
Missing character: There is no 로 (U+B85C) in font [lmroman10-regular]:+tlig;!
Missing character: There is no 문 (U+BB38) in font [lmroman10-regular]:+tlig;!
Missing character: There is no 의 (U+C758) in font [lmroman10-regular]:+tlig;!
<./image/install_window_down7.jpeg><./image/page-09.png>]
chapter 5.
Missing character: There is no 설 (U+C124) in font [lmsans10-bold]:+tlig;!
Missing character: There is no 치 (U+CE58) in font [lmsans10-bold]:+tlig;!
Missing character: There is no 설 (U+C124) in font [lmsans10-bold]:+tlig;!
Missing character: There is no 치 (U+CE58) in font [lmsans10-bold]:+tlig;!

Underfull \hbox (badness 10000) in paragraph at lines 586--588
[][]\TU/lmr/m/n/10.95 sumo mac build[][] https://sumo.dlr.de/docs/Down-loads.php
#ma-cos down-load sumo
 []

Missing character: There is no 설 (U+C124) in font [lmsans10-bold]:+tlig;!
Missing character: There is no 치 (U+CE58) in font [lmsans10-bold]:+tlig;!
Missing character: There is no 설 (U+C124) in font [lmsans10-bold]:+tlig;!
Missing character: There is no 치 (U+CE58) in font [lmsans10-bold]:+tlig;!
Missing character: There is no 설 (U+C124) in font [lmsans10-bold]:+tlig;!
Missing character: There is no 치 (U+CE58) in font [lmsans10-bold]:+tlig;!
Missing character: There is no 설 (U+C124) in font [lmsans10-bold]:+tlig;!
Missing character: There is no 치 (U+CE58) in font [lmsans10-bold]:+tlig;!
Missing character: There is no 아 (U+C544) in font [lmroman10-regular]:+tlig;!
Missing character: There is no 래 (U+B798) in font [lmroman10-regular]:+tlig;!
Missing character: There is no 블 (U+BE14) in font [lmroman10-regular]:+tlig;!
Missing character: There is no 로 (U+B85C) in font [lmroman10-regular]:+tlig;!
Missing character: There is no 그 (U+ADF8) in font [lmroman10-regular]:+tlig;!
Missing character: There is no 링 (U+B9C1) in font [lmroman10-regular]:+tlig;!
Missing character: There is no 크 (U+D06C) in font [lmroman10-regular]:+tlig;!
Missing character: There is no 따 (U+B530) in font [lmroman10-regular]:+tlig;!
Missing character: There is no 라 (U+B77C) in font [lmroman10-regular]:+tlig;!
Missing character: There is no 하 (U+D558) in font [lmroman10-regular]:+tlig;!
Missing character: There is no 기 (U+AE30) in font [lmroman10-regular]:+tlig;!
Missing character: There is no 아 (U+C544) in font [lmroman10-regular]:+tlig;!
Missing character: There is no 래 (U+B798) in font [lmroman10-regular]:+tlig;!
Missing character: There is no 블 (U+BE14) in font [lmroman10-regular]:+tlig;!
Missing character: There is no 로 (U+B85C) in font [lmroman10-regular]:+tlig;!
Missing character: There is no 그 (U+ADF8) in font [lmroman10-regular]:+tlig;!
Missing character: There is no 링 (U+B9C1) in font [lmroman10-regular]:+tlig;!
Missing character: There is no 크 (U+D06C) in font [lmroman10-regular]:+tlig;!
Missing character: There is no 따 (U+B530) in font [lmroman10-regular]:+tlig;!
Missing character: There is no 라 (U+B77C) in font [lmroman10-regular]:+tlig;!
Missing character: There is no 하 (U+D558) in font [lmroman10-regular]:+tlig;!
Missing character: There is no 기 (U+AE30) in font [lmroman10-regular]:+tlig;!
Missing character: There is no 블 (U+BE14) in font [lmroman10-regular]:+tlig;!
Missing character: There is no 로 (U+B85C) in font [lmroman10-regular]:+tlig;!
Missing character: There is no 그 (U+ADF8) in font [lmroman10-regular]:+tlig;!
Missing character: There is no 블 (U+BE14) in font [lmroman10-regular]:+tlig;!
Missing character: There is no 로 (U+B85C) in font [lmroman10-regular]:+tlig;!
Missing character: There is no 그 (U+ADF8) in font [lmroman10-regular]:+tlig;!
Missing character: There is no 설 (U+C124) in font [lmroman10-regular]:+tlig;!
Missing character: There is no 치 (U+CE58) in font [lmroman10-regular]:+tlig;!
Missing character: There is no 설 (U+C124) in font [lmroman10-regular]:+tlig;!
Missing character: There is no 치 (U+CE58) in font [lmroman10-regular]:+tlig;!
Missing character: There is no 설 (U+C124) in font [lmroman10-regular]:+tlig;!
Missing character: There is no 치 (U+CE58) in font [lmroman10-regular]:+tlig;!
Missing character: There is no 설 (U+C124) in font [lmroman10-regular]:+tlig;!
Missing character: There is no 치 (U+CE58) in font [lmroman10-regular]:+tlig;!
Missing character: There is no 접 (U+C811) in font [lmroman10-regular]:+tlig;!
Missing character: There is no 속 (U+C18D) in font [lmroman10-regular]:+tlig;!
Missing character: There is no 접 (U+C811) in font [lmroman10-regular]:+tlig;!
Missing character: There is no 속 (U+C18D) in font [lmroman10-regular]:+tlig;!
Missing character: There is no 파 (U+D30C) in font [lmroman10-regular]:+tlig;!
Missing character: There is no 일 (U+C77C) in font [lmroman10-regular]:+tlig;!
Missing character: There is no 다 (U+B2E4) in font [lmroman10-regular]:+tlig;!
Missing character: There is no 운 (U+C6B4) in font [lmroman10-regular]:+tlig;!
Missing character: There is no 로 (U+B85C) in font [lmroman10-regular]:+tlig;!
Missing character: There is no 드 (U+B4DC) in font [lmroman10-regular]:+tlig;!
Missing character: There is no 파 (U+D30C) in font [lmroman10-regular]:+tlig;!
Missing character: There is no 일 (U+C77C) in font [lmroman10-regular]:+tlig;!
Missing character: There is no 다 (U+B2E4) in font [lmroman10-regular]:+tlig;!
Missing character: There is no 운 (U+C6B4) in font [lmroman10-regular]:+tlig;!
Missing character: There is no 로 (U+B85C) in font [lmroman10-regular]:+tlig;!
Missing character: There is no 드 (U+B4DC) in font [lmroman10-regular]:+tlig;!
Missing character: There is no 우 (U+C6B0) in font [lmroman10-regular]:+tlig;!
Missing character: There is no 클 (U+D074) in font [lmroman10-regular]:+tlig;!
Missing character: There is no 릭 (U+B9AD) in font [lmroman10-regular]:+tlig;!
Missing character: There is no 다 (U+B2E4) in font [lmroman10-regular]:+tlig;!
Missing character: There is no 운 (U+C6B4) in font [lmroman10-regular]:+tlig;!
Missing character: There is no 로 (U+B85C) in font [lmroman10-regular]:+tlig;!
Missing character: There is no 드 (U+B4DC) in font [lmroman10-regular]:+tlig;!
Missing character: There is no 파 (U+D30C) in font [lmroman10-regular]:+tlig;!
Missing character: There is no 일 (U+C77C) in font [lmroman10-regular]:+tlig;!
Missing character: There is no 진 (U+C9C4) in font [lmroman10-regular]:+tlig;!
Missing character: There is no 행 (U+D589) in font [lmroman10-regular]:+tlig;!
Missing character: There is no 우 (U+C6B0) in font [lmroman10-regular]:+tlig;!
Missing character: There is no 클 (U+D074) in font [lmroman10-regular]:+tlig;!
Missing character: There is no 릭 (U+B9AD) in font [lmroman10-regular]:+tlig;!
Missing character: There is no 다 (U+B2E4) in font [lmroman10-regular]:+tlig;!
Missing character: There is no 운 (U+C6B4) in font [lmroman10-regular]:+tlig;!
Missing character: There is no 로 (U+B85C) in font [lmroman10-regular]:+tlig;!
Missing character: There is no 드 (U+B4DC) in font [lmroman10-regular]:+tlig;!
Missing character: There is no 파 (U+D30C) in font [lmroman10-regular]:+tlig;!
Missing character: There is no 일 (U+C77C) in font [lmroman10-regular]:+tlig;!
Missing character: There is no 진 (U+C9C4) in font [lmroman10-regular]:+tlig;!
Missing character: There is no 행 (U+D589) in font [lmroman10-regular]:+tlig;!
Missing character: There is no 로 (U+B85C) in font [lmroman10-regular]:+tlig;!
Missing character: There is no 그 (U+ADF8) in font [lmroman10-regular]:+tlig;!
Missing character: There is no 아 (U+C544) in font [lmroman10-regular]:+tlig;!
Missing character: There is no 웃 (U+C6C3) in font [lmroman10-regular]:+tlig;!
Missing character: There is no 로 (U+B85C) in font [lmroman10-regular]:+tlig;!
Missing character: There is no 그 (U+ADF8) in font [lmroman10-regular]:+tlig;!
Missing character: There is no 인 (U+C778) in font [lmroman10-regular]:+tlig;!
Missing character: There is no 로 (U+B85C) in font [lmroman10-regular]:+tlig;!
Missing character: There is no 그 (U+ADF8) in font [lmroman10-regular]:+tlig;!
Missing character: There is no 아 (U+C544) in font [lmroman10-regular]:+tlig;!
Missing character: There is no 웃 (U+C6C3) in font [lmroman10-regular]:+tlig;!
Missing character: There is no 로 (U+B85C) in font [lmroman10-regular]:+tlig;!
Missing character: There is no 그 (U+ADF8) in font [lmroman10-regular]:+tlig;!
Missing character: There is no 인 (U+C778) in font [lmroman10-regular]:+tlig;!
Missing character: There is no 기 (U+AE30) in font [lmroman10-regular]:+tlig;!
Missing character: There is no 타 (U+D0C0) in font [lmroman10-regular]:+tlig;!
Missing character: There is no 기 (U+AE30) in font [lmroman10-regular]:+tlig;!
Missing character: There is no 타 (U+D0C0) in font [lmroman10-regular]:+tlig;!
Missing character: There is no 참 (U+CC38) in font [lmroman10-regular]:+tlig;!
Missing character: There is no 고 (U+ACE0) in font [lmroman10-regular]:+tlig;!
Missing character: There is no 설 (U+C124) in font [lmroman10-regular]:+tlig;!
Missing character: There is no 치 (U+CE58) in font [lmroman10-regular]:+tlig;!
Missing character: There is no 참 (U+CC38) in font [lmroman10-regular]:+tlig;!
Missing character: There is no 고 (U+ACE0) in font [lmroman10-regular]:+tlig;!
Missing character: There is no 설 (U+C124) in font [lmroman10-regular]:+tlig;!
Missing character: There is no 치 (U+CE58) in font [lmroman10-regular]:+tlig;!


[17

Missing character: There is no 설 (U+C124) in font [lmsans10-bold]:+tlig;!
Missing character: There is no 치 (U+CE58) in font [lmsans10-bold]:+tlig;!
Missing character: There is no 설 (U+C124) in font [lmsans10-bold]:+tlig;!
Missing character: There is no 치 (U+CE58) in font [lmsans10-bold]:+tlig;!
Missing character: There is no 설 (U+C124) in font [lmsans10-bold]:+tlig;!
Missing character: There is no 치 (U+CE58) in font [lmsans10-bold]:+tlig;!
Missing character: There is no 아 (U+C544) in font [lmroman10-regular]:+tlig;!
Missing character: There is no 래 (U+B798) in font [lmroman10-regular]:+tlig;!
Missing character: There is no 블 (U+BE14) in font [lmroman10-regular]:+tlig;!
Missing character: There is no 로 (U+B85C) in font [lmroman10-regular]:+tlig;!
Missing character: There is no 그 (U+ADF8) in font [lmroman10-regular]:+tlig;!
Missing character: There is no 링 (U+B9C1) in font [lmroman10-regular]:+tlig;!
Missing character: There is no 크 (U+D06C) in font [lmroman10-regular]:+tlig;!
Missing character: There is no 따 (U+B530) in font [lmroman10-regular]:+tlig;!
Missing character: There is no 라 (U+B77C) in font [lmroman10-regular]:+tlig;!
Missing character: There is no 하 (U+D558) in font [lmroman10-regular]:+tlig;!
Missing character: There is no 기 (U+AE30) in font [lmroman10-regular]:+tlig;!
Missing character: There is no 블 (U+BE14) in font [lmroman10-regular]:+tlig;!
Missing character: There is no 로 (U+B85C) in font [lmroman10-regular]:+tlig;!
Missing character: There is no 그 (U+ADF8) in font [lmroman10-regular]:+tlig;!
Missing character: There is no 설 (U+C124) in font [lmroman10-regular]:+tlig;!
Missing character: There is no 치 (U+CE58) in font [lmroman10-regular]:+tlig;!
Missing character: There is no 설 (U+C124) in font [lmroman10-regular]:+tlig;!
Missing character: There is no 치 (U+CE58) in font [lmroman10-regular]:+tlig;!
Missing character: There is no 접 (U+C811) in font [lmroman10-regular]:+tlig;!
Missing character: There is no 속 (U+C18D) in font [lmroman10-regular]:+tlig;!
Missing character: There is no 파 (U+D30C) in font [lmroman10-regular]:+tlig;!
Missing character: There is no 일 (U+C77C) in font [lmroman10-regular]:+tlig;!
Missing character: There is no 다 (U+B2E4) in font [lmroman10-regular]:+tlig;!
Missing character: There is no 운 (U+C6B4) in font [lmroman10-regular]:+tlig;!
Missing character: There is no 로 (U+B85C) in font [lmroman10-regular]:+tlig;!
Missing character: There is no 드 (U+B4DC) in font [lmroman10-regular]:+tlig;!
Missing character: There is no 우 (U+C6B0) in font [lmroman10-regular]:+tlig;!
Missing character: There is no 클 (U+D074) in font [lmroman10-regular]:+tlig;!
Missing character: There is no 릭 (U+B9AD) in font [lmroman10-regular]:+tlig;!
Missing character: There is no 다 (U+B2E4) in font [lmroman10-regular]:+tlig;!
Missing character: There is no 운 (U+C6B4) in font [lmroman10-regular]:+tlig;!
Missing character: There is no 로 (U+B85C) in font [lmroman10-regular]:+tlig;!
Missing character: There is no 드 (U+B4DC) in font [lmroman10-regular]:+tlig;!
Missing character: There is no 파 (U+D30C) in font [lmroman10-regular]:+tlig;!
Missing character: There is no 일 (U+C77C) in font [lmroman10-regular]:+tlig;!
Missing character: There is no 진 (U+C9C4) in font [lmroman10-regular]:+tlig;!
Missing character: There is no 행 (U+D589) in font [lmroman10-regular]:+tlig;!
Missing character: There is no 로 (U+B85C) in font [lmroman10-regular]:+tlig;!
Missing character: There is no 그 (U+ADF8) in font [lmroman10-regular]:+tlig;!
Missing character: There is no 아 (U+C544) in font [lmroman10-regular]:+tlig;!
Missing character: There is no 웃 (U+C6C3) in font [lmroman10-regular]:+tlig;!
Missing character: There is no 로 (U+B85C) in font [lmroman10-regular]:+tlig;!
Missing character: There is no 그 (U+ADF8) in font [lmroman10-regular]:+tlig;!
Missing character: There is no 인 (U+C778) in font [lmroman10-regular]:+tlig;!
]
<image/Pasted image 20251103204710.png, id=163, 624.08156pt x 475.02469pt>
File: image/Pasted image 20251103204710.png Graphic file (type png)
<use image/Pasted image 20251103204710.png>
Package luatex.def Info: image/Pasted image 20251103204710.png  used on input l
ine 681.
(luatex.def)             Requested size: 624.08003pt x 475.02351pt.
Missing character: There is no 켜 (U+CF1C) in font [lmroman10-regular]:+tlig;!
Missing character: There is no 기 (U+AE30) in font [lmroman10-regular]:+tlig;!
Missing character: There is no 켜 (U+CF1C) in font [lmroman10-regular]:+tlig;!
Missing character: There is no 기 (U+AE30) in font [lmroman10-regular]:+tlig;!
Missing character: There is no 켜 (U+CF1C) in font [lmroman10-regular]:+tlig;!
Missing character: There is no 기 (U+AE30) in font [lmroman10-regular]:+tlig;!
Missing character: There is no 켜 (U+CF1C) in font [lmroman10-regular]:+tlig;!
Missing character: There is no 기 (U+AE30) in font [lmroman10-regular]:+tlig;!
Missing character: There is no 켜 (U+CF1C) in font [lmroman10-regular]:+tlig;!
Missing character: There is no 기 (U+AE30) in font [lmroman10-regular]:+tlig;!

Overfull \hbox (50.25832pt too wide) in paragraph at lines 680--682
[]\TU/lmr/m/n/10.95 ter-mi-nal 켜󰀀기󰀀 [] 
 []

Missing character: There is no 순 (U+C21C) in font [lmroman10-regular]:+tlig;!
Missing character: There is no 서 (U+C11C) in font [lmroman10-regular]:+tlig;!
Missing character: There is no 대 (U+B300) in font [lmroman10-regular]:+tlig;!
Missing character: There is no 로 (U+B85C) in font [lmroman10-regular]:+tlig;!
Missing character: There is no 입 (U+C785) in font [lmroman10-regular]:+tlig;!
Missing character: There is no 력 (U+B825) in font [lmroman10-regular]:+tlig;!
Missing character: There is no 복 (U+BCF5) in font [lmroman10-regular]:+tlig;!
Missing character: There is no 붙 (U+BD99) in font [lmroman10-regular]:+tlig;!
Missing character: There is no 순 (U+C21C) in font [lmroman10-regular]:+tlig;!
Missing character: There is no 서 (U+C11C) in font [lmroman10-regular]:+tlig;!
Missing character: There is no 대 (U+B300) in font [lmroman10-regular]:+tlig;!
Missing character: There is no 로 (U+B85C) in font [lmroman10-regular]:+tlig;!
Missing character: There is no 입 (U+C785) in font [lmroman10-regular]:+tlig;!
Missing character: There is no 력 (U+B825) in font [lmroman10-regular]:+tlig;!
Missing character: There is no 복 (U+BCF5) in font [lmroman10-regular]:+tlig;!
Missing character: There is no 붙 (U+BD99) in font [lmroman10-regular]:+tlig;!


[18
Missing character: There is no 기 (U+AE30) in font [lmroman10-regular]:+tlig;!
Missing character: There is no 타 (U+D0C0) in font [lmroman10-regular]:+tlig;!
Missing character: There is no 참 (U+CC38) in font [lmroman10-regular]:+tlig;!
Missing character: There is no 고 (U+ACE0) in font [lmroman10-regular]:+tlig;!
Missing character: There is no 설 (U+C124) in font [lmroman10-regular]:+tlig;!
Missing character: There is no 치 (U+CE58) in font [lmroman10-regular]:+tlig;!
Missing character: There is no 켜 (U+CF1C) in font [lmroman10-regular]:+tlig;!
Missing character: There is no 기 (U+AE30) in font [lmroman10-regular]:+tlig;!
Missing character: There is no 순 (U+C21C) in font [lmroman10-regular]:+tlig;!
Missing character: There is no 서 (U+C11C) in font [lmroman10-regular]:+tlig;!
Missing character: There is no 대 (U+B300) in font [lmroman10-regular]:+tlig;!
Missing character: There is no 로 (U+B85C) in font [lmroman10-regular]:+tlig;!
Missing character: There is no 입 (U+C785) in font [lmroman10-regular]:+tlig;!
Missing character: There is no 력 (U+B825) in font [lmroman10-regular]:+tlig;!
Missing character: There is no 복 (U+BCF5) in font [lmroman10-regular]:+tlig;!
Missing character: There is no 붙 (U+BD99) in font [lmroman10-regular]:+tlig;!
<./image/Pasted image 20251103204710.png>]

[19]
part II.
Package scrkbase Info: You've told me to use the font selection of the element
(scrkbase)             `partprefix' that is an alias of element `partnumber'
(scrkbase)              on input line 772.
Missing character: There is no 기 (U+AE30) in font [lmsans10-bold]:+tlig;!
Missing character: There is no 초 (U+CD08) in font [lmsans10-bold]:+tlig;!
Missing character: There is no 실 (U+C2E4) in font [lmsans10-bold]:+tlig;!
Missing character: There is no 습 (U+C2B5) in font [lmsans10-bold]:+tlig;!
Missing character: There is no 기 (U+AE30) in font [lmsans10-bold]:+tlig;!
Missing character: There is no 초 (U+CD08) in font [lmsans10-bold]:+tlig;!
Missing character: There is no 실 (U+C2E4) in font [lmsans10-bold]:+tlig;!
Missing character: There is no 습 (U+C2B5) in font [lmsans10-bold]:+tlig;!


[20

Missing character: There is no 기 (U+AE30) in font [lmsans10-bold]:+tlig;!
Missing character: There is no 초 (U+CD08) in font [lmsans10-bold]:+tlig;!
Missing character: There is no 실 (U+C2E4) in font [lmsans10-bold]:+tlig;!
Missing character: There is no 습 (U+C2B5) in font [lmsans10-bold]:+tlig;!
]
Missing character: There is no 간 (U+AC04) in font [lmroman10-regular]:+tlig;!
Missing character: There is no 단 (U+B2E8) in font [lmroman10-regular]:+tlig;!
Missing character: There is no 한 (U+D55C) in font [lmroman10-regular]:+tlig;!
Missing character: There is no 네 (U+B124) in font [lmroman10-regular]:+tlig;!
Missing character: There is no 트 (U+D2B8) in font [lmroman10-regular]:+tlig;!
Missing character: There is no 워 (U+C6CC) in font [lmroman10-regular]:+tlig;!
Missing character: There is no 크 (U+D06C) in font [lmroman10-regular]:+tlig;!
Missing character: There is no 만 (U+B9CC) in font [lmroman10-regular]:+tlig;!
Missing character: There is no 들 (U+B4E4) in font [lmroman10-regular]:+tlig;!
Missing character: There is no 기 (U+AE30) in font [lmroman10-regular]:+tlig;!
Missing character: There is no 와 (U+C640) in font [lmroman10-regular]:+tlig;!
Missing character: There is no 통 (U+D1B5) in font [lmroman10-regular]:+tlig;!
Missing character: There is no 행 (U+D589) in font [lmroman10-regular]:+tlig;!
Missing character: There is no 생 (U+C0DD) in font [lmroman10-regular]:+tlig;!
Missing character: There is no 성 (U+C131) in font [lmroman10-regular]:+tlig;!
Missing character: There is no 을 (U+C744) in font [lmroman10-regular]:+tlig;!
Missing character: There is no 통 (U+D1B5) in font [lmroman10-regular]:+tlig;!
Missing character: There is no 해 (U+D574) in font [lmroman10-regular]:+tlig;!
Missing character: There is no 서 (U+C11C) in font [lmroman10-regular]:+tlig;!
Missing character: There is no 시 (U+C2DC) in font [lmroman10-regular]:+tlig;!
Missing character: There is no 뮬 (U+BBAC) in font [lmroman10-regular]:+tlig;!
Missing character: There is no 레 (U+B808) in font [lmroman10-regular]:+tlig;!
Missing character: There is no 이 (U+C774) in font [lmroman10-regular]:+tlig;!
Missing character: There is no 션 (U+C158) in font [lmroman10-regular]:+tlig;!
Missing character: There is no 을 (U+C744) in font [lmroman10-regular]:+tlig;!
Missing character: There is no 해 (U+D574) in font [lmroman10-regular]:+tlig;!
Missing character: There is no 보 (U+BCF4) in font [lmroman10-regular]:+tlig;!
Missing character: There is no 는 (U+B294) in font [lmroman10-regular]:+tlig;!
Missing character: There is no 장 (U+C7A5) in font [lmroman10-regular]:+tlig;!
Missing character: There is no 입 (U+C785) in font [lmroman10-regular]:+tlig;!
Missing character: There is no 니 (U+B2C8) in font [lmroman10-regular]:+tlig;!
Missing character: There is no 다 (U+B2E4) in font [lmroman10-regular]:+tlig;!
Missing character: There is no 간 (U+AC04) in font [lmroman10-regular]:+tlig;!
Missing character: There is no 단 (U+B2E8) in font [lmroman10-regular]:+tlig;!
Missing character: There is no 한 (U+D55C) in font [lmroman10-regular]:+tlig;!
Missing character: There is no 실 (U+C2E4) in font [lmroman10-regular]:+tlig;!
Missing character: There is no 습 (U+C2B5) in font [lmroman10-regular]:+tlig;!
Missing character: There is no 을 (U+C744) in font [lmroman10-regular]:+tlig;!
Missing character: There is no 통 (U+D1B5) in font [lmroman10-regular]:+tlig;!
Missing character: There is no 해 (U+D574) in font [lmroman10-regular]:+tlig;!
Missing character: There is no 서 (U+C11C) in font [lmroman10-regular]:+tlig;!
Missing character: There is no 를 (U+B97C) in font [lmroman10-regular]:+tlig;!
Missing character: There is no 사 (U+C0AC) in font [lmroman10-regular]:+tlig;!
Missing character: There is no 용 (U+C6A9) in font [lmroman10-regular]:+tlig;!
Missing character: There is no 해 (U+D574) in font [lmroman10-regular]:+tlig;!
Missing character: There is no 보 (U+BCF4) in font [lmroman10-regular]:+tlig;!
Missing character: There is no 는 (U+B294) in font [lmroman10-regular]:+tlig;!
Missing character: There is no 것 (U+AC83) in font [lmroman10-regular]:+tlig;!
Missing character: There is no 이 (U+C774) in font [lmroman10-regular]:+tlig;!
Missing character: There is no 목 (U+BAA9) in font [lmroman10-regular]:+tlig;!
Missing character: There is no 적 (U+C801) in font [lmroman10-regular]:+tlig;!
Missing character: There is no 입 (U+C785) in font [lmroman10-regular]:+tlig;!
Missing character: There is no 니 (U+B2C8) in font [lmroman10-regular]:+tlig;!
Missing character: There is no 다 (U+B2E4) in font [lmroman10-regular]:+tlig;!
Missing character: There is no 이 (U+C774) in font [lmroman10-regular]:+tlig;!
Missing character: There is no 실 (U+C2E4) in font [lmroman10-regular]:+tlig;!
Missing character: There is no 습 (U+C2B5) in font [lmroman10-regular]:+tlig;!
Missing character: There is no 장 (U+C7A5) in font [lmroman10-regular]:+tlig;!
Missing character: There is no 이 (U+C774) in font [lmroman10-regular]:+tlig;!
Missing character: There is no 후 (U+D6C4) in font [lmroman10-regular]:+tlig;!
Missing character: There is no 에 (U+C5D0) in font [lmroman10-regular]:+tlig;!
Missing character: There is no 이 (U+C774) in font [lmroman10-regular]:+tlig;!
Missing character: There is no 론 (U+B860) in font [lmroman10-regular]:+tlig;!
Missing character: There is no 과 (U+ACFC) in font [lmroman10-regular]:+tlig;!
Missing character: There is no 동 (U+B3D9) in font [lmroman10-regular]:+tlig;!
Missing character: There is no 작 (U+C791) in font [lmroman10-regular]:+tlig;!
Missing character: There is no 순 (U+C21C) in font [lmroman10-regular]:+tlig;!
Missing character: There is no 서 (U+C11C) in font [lmroman10-regular]:+tlig;!
Missing character: There is no 를 (U+B97C) in font [lmroman10-regular]:+tlig;!
Missing character: There is no 설 (U+C124) in font [lmroman10-regular]:+tlig;!
Missing character: There is no 명 (U+BA85) in font [lmroman10-regular]:+tlig;!
Missing character: There is no 하 (U+D558) in font [lmroman10-regular]:+tlig;!
Missing character: There is no 겠 (U+ACA0) in font [lmroman10-regular]:+tlig;!
Missing character: There is no 습 (U+C2B5) in font [lmroman10-regular]:+tlig;!
Missing character: There is no 니 (U+B2C8) in font [lmroman10-regular]:+tlig;!
Missing character: There is no 다 (U+B2E4) in font [lmroman10-regular]:+tlig;!
Missing character: There is no 이 (U+C774) in font [lmroman10-regular]:+tlig;!
Missing character: There is no 런 (U+B7F0) in font [lmroman10-regular]:+tlig;!
Missing character: There is no 프 (U+D504) in font [lmroman10-regular]:+tlig;!
Missing character: There is no 로 (U+B85C) in font [lmroman10-regular]:+tlig;!
Missing character: There is no 그 (U+ADF8) in font [lmroman10-regular]:+tlig;!
Missing character: There is no 램 (U+B7A8) in font [lmroman10-regular]:+tlig;!
Missing character: There is no 은 (U+C740) in font [lmroman10-regular]:+tlig;!
Missing character: There is no 우 (U+C6B0) in font [lmroman10-regular]:+tlig;!
Missing character: There is no 선 (U+C120) in font [lmroman10-regular]:+tlig;!
Missing character: There is no 일 (U+C77C) in font [lmroman10-regular]:+tlig;!
Missing character: There is no 단 (U+B2E8) in font [lmroman10-regular]:+tlig;!
Missing character: There is no 한 (U+D55C) in font [lmroman10-regular]:+tlig;!
Missing character: There is no 번 (U+BC88) in font [lmroman10-regular]:+tlig;!
Missing character: There is no 돌 (U+B3CC) in font [lmroman10-regular]:+tlig;!
Missing character: There is no 려 (U+B824) in font [lmroman10-regular]:+tlig;!
Missing character: There is no 보 (U+BCF4) in font [lmroman10-regular]:+tlig;!
Missing character: There is no 면 (U+BA74) in font [lmroman10-regular]:+tlig;!
Missing character: There is no 사 (U+C0AC) in font [lmroman10-regular]:+tlig;!
Missing character: There is no 용 (U+C6A9) in font [lmroman10-regular]:+tlig;!
Missing character: There is no 순 (U+C21C) in font [lmroman10-regular]:+tlig;!
Missing character: There is no 서 (U+C11C) in font [lmroman10-regular]:+tlig;!
Missing character: There is no 나 (U+B098) in font [lmroman10-regular]:+tlig;!
Missing character: There is no 프 (U+D504) in font [lmroman10-regular]:+tlig;!
Missing character: There is no 로 (U+B85C) in font [lmroman10-regular]:+tlig;!
Missing character: There is no 그 (U+ADF8) in font [lmroman10-regular]:+tlig;!
Missing character: There is no 램 (U+B7A8) in font [lmroman10-regular]:+tlig;!
Missing character: There is no 이 (U+C774) in font [lmroman10-regular]:+tlig;!
Missing character: There is no 구 (U+AD6C) in font [lmroman10-regular]:+tlig;!
Missing character: There is no 현 (U+D604) in font [lmroman10-regular]:+tlig;!
Missing character: There is no 하 (U+D558) in font [lmroman10-regular]:+tlig;!
Missing character: There is no 고 (U+ACE0) in font [lmroman10-regular]:+tlig;!
Missing character: There is no 자 (U+C790) in font [lmroman10-regular]:+tlig;!
Missing character: There is no 하 (U+D558) in font [lmroman10-regular]:+tlig;!
Missing character: There is no 는 (U+B294) in font [lmroman10-regular]:+tlig;!
Missing character: There is no 개 (U+AC1C) in font [lmroman10-regular]:+tlig;!
Missing character: There is no 념 (U+B150) in font [lmroman10-regular]:+tlig;!
Missing character: There is no 을 (U+C744) in font [lmroman10-regular]:+tlig;!
Missing character: There is no 쉽 (U+C27D) in font [lmroman10-regular]:+tlig;!
Missing character: There is no 게 (U+AC8C) in font [lmroman10-regular]:+tlig;!
Missing character: There is no 이 (U+C774) in font [lmroman10-regular]:+tlig;!
Missing character: There is no 해 (U+D574) in font [lmroman10-regular]:+tlig;!
Missing character: There is no 할 (U+D560) in font [lmroman10-regular]:+tlig;!
Missing character: There is no 수 (U+C218) in font [lmroman10-regular]:+tlig;!
Missing character: There is no 있 (U+C788) in font [lmroman10-regular]:+tlig;!
Missing character: There is no 는 (U+B294) in font [lmroman10-regular]:+tlig;!
Missing character: There is no 것 (U+AC83) in font [lmroman10-regular]:+tlig;!
Missing character: There is no 같 (U+AC19) in font [lmroman10-regular]:+tlig;!
Missing character: There is no 습 (U+C2B5) in font [lmroman10-regular]:+tlig;!
Missing character: There is no 니 (U+B2C8) in font [lmroman10-regular]:+tlig;!
Missing character: There is no 다 (U+B2E4) in font [lmroman10-regular]:+tlig;!
Missing character: There is no 간 (U+AC04) in font [lmroman10-regular]:+tlig;!
Missing character: There is no 단 (U+B2E8) in font [lmroman10-regular]:+tlig;!
Missing character: There is no 한 (U+D55C) in font [lmroman10-regular]:+tlig;!
Missing character: There is no 네 (U+B124) in font [lmroman10-regular]:+tlig;!
Missing character: There is no 트 (U+D2B8) in font [lmroman10-regular]:+tlig;!
Missing character: There is no 워 (U+C6CC) in font [lmroman10-regular]:+tlig;!
Missing character: There is no 크 (U+D06C) in font [lmroman10-regular]:+tlig;!
Missing character: There is no 만 (U+B9CC) in font [lmroman10-regular]:+tlig;!
Missing character: There is no 들 (U+B4E4) in font [lmroman10-regular]:+tlig;!
Missing character: There is no 기 (U+AE30) in font [lmroman10-regular]:+tlig;!
Missing character: There is no 와 (U+C640) in font [lmroman10-regular]:+tlig;!
Missing character: There is no 통 (U+D1B5) in font [lmroman10-regular]:+tlig;!
Missing character: There is no 행 (U+D589) in font [lmroman10-regular]:+tlig;!
Missing character: There is no 생 (U+C0DD) in font [lmroman10-regular]:+tlig;!
Missing character: There is no 성 (U+C131) in font [lmroman10-regular]:+tlig;!
Missing character: There is no 을 (U+C744) in font [lmroman10-regular]:+tlig;!
Missing character: There is no 통 (U+D1B5) in font [lmroman10-regular]:+tlig;!
Missing character: There is no 해 (U+D574) in font [lmroman10-regular]:+tlig;!
Missing character: There is no 서 (U+C11C) in font [lmroman10-regular]:+tlig;!
Missing character: There is no 시 (U+C2DC) in font [lmroman10-regular]:+tlig;!
Missing character: There is no 뮬 (U+BBAC) in font [lmroman10-regular]:+tlig;!
Missing character: There is no 레 (U+B808) in font [lmroman10-regular]:+tlig;!
Missing character: There is no 이 (U+C774) in font [lmroman10-regular]:+tlig;!
Missing character: There is no 션 (U+C158) in font [lmroman10-regular]:+tlig;!
Missing character: There is no 을 (U+C744) in font [lmroman10-regular]:+tlig;!
Missing character: There is no 해 (U+D574) in font [lmroman10-regular]:+tlig;!
Missing character: There is no 보 (U+BCF4) in font [lmroman10-regular]:+tlig;!
Missing character: There is no 는 (U+B294) in font [lmroman10-regular]:+tlig;!
Missing character: There is no 장 (U+C7A5) in font [lmroman10-regular]:+tlig;!
Missing character: There is no 입 (U+C785) in font [lmroman10-regular]:+tlig;!
Missing character: There is no 니 (U+B2C8) in font [lmroman10-regular]:+tlig;!
Missing character: There is no 다 (U+B2E4) in font [lmroman10-regular]:+tlig;!
Missing character: There is no 간 (U+AC04) in font [lmroman10-regular]:+tlig;!
Missing character: There is no 단 (U+B2E8) in font [lmroman10-regular]:+tlig;!
Missing character: There is no 한 (U+D55C) in font [lmroman10-regular]:+tlig;!
Missing character: There is no 실 (U+C2E4) in font [lmroman10-regular]:+tlig;!
Missing character: There is no 습 (U+C2B5) in font [lmroman10-regular]:+tlig;!
Missing character: There is no 을 (U+C744) in font [lmroman10-regular]:+tlig;!
Missing character: There is no 통 (U+D1B5) in font [lmroman10-regular]:+tlig;!
Missing character: There is no 해 (U+D574) in font [lmroman10-regular]:+tlig;!
Missing character: There is no 서 (U+C11C) in font [lmroman10-regular]:+tlig;!
Missing character: There is no 를 (U+B97C) in font [lmroman10-regular]:+tlig;!
Missing character: There is no 사 (U+C0AC) in font [lmroman10-regular]:+tlig;!
Missing character: There is no 용 (U+C6A9) in font [lmroman10-regular]:+tlig;!
Missing character: There is no 해 (U+D574) in font [lmroman10-regular]:+tlig;!
Missing character: There is no 보 (U+BCF4) in font [lmroman10-regular]:+tlig;!
Missing character: There is no 는 (U+B294) in font [lmroman10-regular]:+tlig;!
Missing character: There is no 것 (U+AC83) in font [lmroman10-regular]:+tlig;!
Missing character: There is no 이 (U+C774) in font [lmroman10-regular]:+tlig;!
Missing character: There is no 목 (U+BAA9) in font [lmroman10-regular]:+tlig;!
Missing character: There is no 적 (U+C801) in font [lmroman10-regular]:+tlig;!
Missing character: There is no 입 (U+C785) in font [lmroman10-regular]:+tlig;!
Missing character: There is no 니 (U+B2C8) in font [lmroman10-regular]:+tlig;!
Missing character: There is no 다 (U+B2E4) in font [lmroman10-regular]:+tlig;!
Missing character: There is no 이 (U+C774) in font [lmroman10-regular]:+tlig;!
Missing character: There is no 실 (U+C2E4) in font [lmroman10-regular]:+tlig;!
Missing character: There is no 습 (U+C2B5) in font [lmroman10-regular]:+tlig;!
Missing character: There is no 장 (U+C7A5) in font [lmroman10-regular]:+tlig;!
Missing character: There is no 이 (U+C774) in font [lmroman10-regular]:+tlig;!
Missing character: There is no 후 (U+D6C4) in font [lmroman10-regular]:+tlig;!
Missing character: There is no 에 (U+C5D0) in font [lmroman10-regular]:+tlig;!
Missing character: There is no 이 (U+C774) in font [lmroman10-regular]:+tlig;!
Missing character: There is no 론 (U+B860) in font [lmroman10-regular]:+tlig;!
Missing character: There is no 과 (U+ACFC) in font [lmroman10-regular]:+tlig;!
Missing character: There is no 동 (U+B3D9) in font [lmroman10-regular]:+tlig;!
Missing character: There is no 작 (U+C791) in font [lmroman10-regular]:+tlig;!
Missing character: There is no 순 (U+C21C) in font [lmroman10-regular]:+tlig;!
Missing character: There is no 서 (U+C11C) in font [lmroman10-regular]:+tlig;!
Missing character: There is no 를 (U+B97C) in font [lmroman10-regular]:+tlig;!
Missing character: There is no 설 (U+C124) in font [lmroman10-regular]:+tlig;!
Missing character: There is no 명 (U+BA85) in font [lmroman10-regular]:+tlig;!
Missing character: There is no 하 (U+D558) in font [lmroman10-regular]:+tlig;!
Missing character: There is no 겠 (U+ACA0) in font [lmroman10-regular]:+tlig;!
Missing character: There is no 습 (U+C2B5) in font [lmroman10-regular]:+tlig;!
Missing character: There is no 니 (U+B2C8) in font [lmroman10-regular]:+tlig;!
Missing character: There is no 다 (U+B2E4) in font [lmroman10-regular]:+tlig;!
Missing character: There is no 이 (U+C774) in font [lmroman10-regular]:+tlig;!
Missing character: There is no 런 (U+B7F0) in font [lmroman10-regular]:+tlig;!
Missing character: There is no 간 (U+AC04) in font [lmroman10-regular]:+tlig;!
Missing character: There is no 단 (U+B2E8) in font [lmroman10-regular]:+tlig;!
Missing character: There is no 한 (U+D55C) in font [lmroman10-regular]:+tlig;!
Missing character: There is no 네 (U+B124) in font [lmroman10-regular]:+tlig;!
Missing character: There is no 트 (U+D2B8) in font [lmroman10-regular]:+tlig;!
Missing character: There is no 워 (U+C6CC) in font [lmroman10-regular]:+tlig;!
Missing character: There is no 크 (U+D06C) in font [lmroman10-regular]:+tlig;!
Missing character: There is no 만 (U+B9CC) in font [lmroman10-regular]:+tlig;!
Missing character: There is no 들 (U+B4E4) in font [lmroman10-regular]:+tlig;!
Missing character: There is no 기 (U+AE30) in font [lmroman10-regular]:+tlig;!
Missing character: There is no 와 (U+C640) in font [lmroman10-regular]:+tlig;!
Missing character: There is no 통 (U+D1B5) in font [lmroman10-regular]:+tlig;!
Missing character: There is no 행 (U+D589) in font [lmroman10-regular]:+tlig;!
Missing character: There is no 생 (U+C0DD) in font [lmroman10-regular]:+tlig;!
Missing character: There is no 성 (U+C131) in font [lmroman10-regular]:+tlig;!
Missing character: There is no 을 (U+C744) in font [lmroman10-regular]:+tlig;!
Missing character: There is no 통 (U+D1B5) in font [lmroman10-regular]:+tlig;!
Missing character: There is no 해 (U+D574) in font [lmroman10-regular]:+tlig;!
Missing character: There is no 서 (U+C11C) in font [lmroman10-regular]:+tlig;!
Missing character: There is no 시 (U+C2DC) in font [lmroman10-regular]:+tlig;!
Missing character: There is no 뮬 (U+BBAC) in font [lmroman10-regular]:+tlig;!
Missing character: There is no 레 (U+B808) in font [lmroman10-regular]:+tlig;!
Missing character: There is no 이 (U+C774) in font [lmroman10-regular]:+tlig;!
Missing character: There is no 션 (U+C158) in font [lmroman10-regular]:+tlig;!
Missing character: There is no 을 (U+C744) in font [lmroman10-regular]:+tlig;!
Missing character: There is no 해 (U+D574) in font [lmroman10-regular]:+tlig;!
Missing character: There is no 보 (U+BCF4) in font [lmroman10-regular]:+tlig;!
Missing character: There is no 는 (U+B294) in font [lmroman10-regular]:+tlig;!
Missing character: There is no 장 (U+C7A5) in font [lmroman10-regular]:+tlig;!
Missing character: There is no 입 (U+C785) in font [lmroman10-regular]:+tlig;!
Missing character: There is no 니 (U+B2C8) in font [lmroman10-regular]:+tlig;!
Missing character: There is no 다 (U+B2E4) in font [lmroman10-regular]:+tlig;!
Missing character: There is no 간 (U+AC04) in font [lmroman10-regular]:+tlig;!
Missing character: There is no 단 (U+B2E8) in font [lmroman10-regular]:+tlig;!
Missing character: There is no 한 (U+D55C) in font [lmroman10-regular]:+tlig;!
Missing character: There is no 실 (U+C2E4) in font [lmroman10-regular]:+tlig;!
Missing character: There is no 습 (U+C2B5) in font [lmroman10-regular]:+tlig;!
Missing character: There is no 을 (U+C744) in font [lmroman10-regular]:+tlig;!
Missing character: There is no 통 (U+D1B5) in font [lmroman10-regular]:+tlig;!
Missing character: There is no 해 (U+D574) in font [lmroman10-regular]:+tlig;!
Missing character: There is no 서 (U+C11C) in font [lmroman10-regular]:+tlig;!
Missing character: There is no 를 (U+B97C) in font [lmroman10-regular]:+tlig;!
Missing character: There is no 사 (U+C0AC) in font [lmroman10-regular]:+tlig;!
Missing character: There is no 용 (U+C6A9) in font [lmroman10-regular]:+tlig;!
Missing character: There is no 해 (U+D574) in font [lmroman10-regular]:+tlig;!
Missing character: There is no 보 (U+BCF4) in font [lmroman10-regular]:+tlig;!
Missing character: There is no 는 (U+B294) in font [lmroman10-regular]:+tlig;!
Missing character: There is no 것 (U+AC83) in font [lmroman10-regular]:+tlig;!
Missing character: There is no 이 (U+C774) in font [lmroman10-regular]:+tlig;!
Missing character: There is no 목 (U+BAA9) in font [lmroman10-regular]:+tlig;!
Missing character: There is no 적 (U+C801) in font [lmroman10-regular]:+tlig;!
Missing character: There is no 입 (U+C785) in font [lmroman10-regular]:+tlig;!
Missing character: There is no 니 (U+B2C8) in font [lmroman10-regular]:+tlig;!
Missing character: There is no 다 (U+B2E4) in font [lmroman10-regular]:+tlig;!
Missing character: There is no 이 (U+C774) in font [lmroman10-regular]:+tlig;!
Missing character: There is no 실 (U+C2E4) in font [lmroman10-regular]:+tlig;!
Missing character: There is no 습 (U+C2B5) in font [lmroman10-regular]:+tlig;!
Missing character: There is no 장 (U+C7A5) in font [lmroman10-regular]:+tlig;!
Missing character: There is no 이 (U+C774) in font [lmroman10-regular]:+tlig;!
Missing character: There is no 후 (U+D6C4) in font [lmroman10-regular]:+tlig;!
Missing character: There is no 에 (U+C5D0) in font [lmroman10-regular]:+tlig;!
Missing character: There is no 이 (U+C774) in font [lmroman10-regular]:+tlig;!
Missing character: There is no 론 (U+B860) in font [lmroman10-regular]:+tlig;!
Missing character: There is no 과 (U+ACFC) in font [lmroman10-regular]:+tlig;!
Missing character: There is no 동 (U+B3D9) in font [lmroman10-regular]:+tlig;!
Missing character: There is no 작 (U+C791) in font [lmroman10-regular]:+tlig;!
Missing character: There is no 순 (U+C21C) in font [lmroman10-regular]:+tlig;!
Missing character: There is no 서 (U+C11C) in font [lmroman10-regular]:+tlig;!
Missing character: There is no 를 (U+B97C) in font [lmroman10-regular]:+tlig;!
Missing character: There is no 설 (U+C124) in font [lmroman10-regular]:+tlig;!
Missing character: There is no 명 (U+BA85) in font [lmroman10-regular]:+tlig;!
Missing character: There is no 하 (U+D558) in font [lmroman10-regular]:+tlig;!
Missing character: There is no 겠 (U+ACA0) in font [lmroman10-regular]:+tlig;!
Missing character: There is no 습 (U+C2B5) in font [lmroman10-regular]:+tlig;!
Missing character: There is no 니 (U+B2C8) in font [lmroman10-regular]:+tlig;!
Missing character: There is no 다 (U+B2E4) in font [lmroman10-regular]:+tlig;!
Missing character: There is no 이 (U+C774) in font [lmroman10-regular]:+tlig;!
Missing character: There is no 런 (U+B7F0) in font [lmroman10-regular]:+tlig;!
Missing character: There is no 프 (U+D504) in font [lmroman10-regular]:+tlig;!
Missing character: There is no 로 (U+B85C) in font [lmroman10-regular]:+tlig;!
Missing character: There is no 그 (U+ADF8) in font [lmroman10-regular]:+tlig;!
Missing character: There is no 램 (U+B7A8) in font [lmroman10-regular]:+tlig;!
Missing character: There is no 은 (U+C740) in font [lmroman10-regular]:+tlig;!
Missing character: There is no 우 (U+C6B0) in font [lmroman10-regular]:+tlig;!
Missing character: There is no 선 (U+C120) in font [lmroman10-regular]:+tlig;!
Missing character: There is no 일 (U+C77C) in font [lmroman10-regular]:+tlig;!
Missing character: There is no 단 (U+B2E8) in font [lmroman10-regular]:+tlig;!
Missing character: There is no 한 (U+D55C) in font [lmroman10-regular]:+tlig;!
Missing character: There is no 번 (U+BC88) in font [lmroman10-regular]:+tlig;!
Missing character: There is no 돌 (U+B3CC) in font [lmroman10-regular]:+tlig;!
Missing character: There is no 려 (U+B824) in font [lmroman10-regular]:+tlig;!
Missing character: There is no 보 (U+BCF4) in font [lmroman10-regular]:+tlig;!
Missing character: There is no 면 (U+BA74) in font [lmroman10-regular]:+tlig;!
Missing character: There is no 사 (U+C0AC) in font [lmroman10-regular]:+tlig;!
Missing character: There is no 용 (U+C6A9) in font [lmroman10-regular]:+tlig;!
Missing character: There is no 순 (U+C21C) in font [lmroman10-regular]:+tlig;!
Missing character: There is no 서 (U+C11C) in font [lmroman10-regular]:+tlig;!
Missing character: There is no 나 (U+B098) in font [lmroman10-regular]:+tlig;!
Missing character: There is no 프 (U+D504) in font [lmroman10-regular]:+tlig;!
Missing character: There is no 로 (U+B85C) in font [lmroman10-regular]:+tlig;!
Missing character: There is no 그 (U+ADF8) in font [lmroman10-regular]:+tlig;!
Missing character: There is no 램 (U+B7A8) in font [lmroman10-regular]:+tlig;!
Missing character: There is no 이 (U+C774) in font [lmroman10-regular]:+tlig;!
Missing character: There is no 구 (U+AD6C) in font [lmroman10-regular]:+tlig;!
Missing character: There is no 현 (U+D604) in font [lmroman10-regular]:+tlig;!
Missing character: There is no 하 (U+D558) in font [lmroman10-regular]:+tlig;!
Missing character: There is no 고 (U+ACE0) in font [lmroman10-regular]:+tlig;!
Missing character: There is no 자 (U+C790) in font [lmroman10-regular]:+tlig;!
Missing character: There is no 하 (U+D558) in font [lmroman10-regular]:+tlig;!
Missing character: There is no 는 (U+B294) in font [lmroman10-regular]:+tlig;!
Missing character: There is no 개 (U+AC1C) in font [lmroman10-regular]:+tlig;!
Missing character: There is no 념 (U+B150) in font [lmroman10-regular]:+tlig;!
Missing character: There is no 을 (U+C744) in font [lmroman10-regular]:+tlig;!
Missing character: There is no 쉽 (U+C27D) in font [lmroman10-regular]:+tlig;!
Missing character: There is no 게 (U+AC8C) in font [lmroman10-regular]:+tlig;!
Missing character: There is no 이 (U+C774) in font [lmroman10-regular]:+tlig;!
Missing character: There is no 해 (U+D574) in font [lmroman10-regular]:+tlig;!
Missing character: There is no 할 (U+D560) in font [lmroman10-regular]:+tlig;!
Missing character: There is no 수 (U+C218) in font [lmroman10-regular]:+tlig;!
Missing character: There is no 있 (U+C788) in font [lmroman10-regular]:+tlig;!
Missing character: There is no 는 (U+B294) in font [lmroman10-regular]:+tlig;!
Missing character: There is no 것 (U+AC83) in font [lmroman10-regular]:+tlig;!
Missing character: There is no 같 (U+AC19) in font [lmroman10-regular]:+tlig;!
Missing character: There is no 습 (U+C2B5) in font [lmroman10-regular]:+tlig;!
Missing character: There is no 니 (U+B2C8) in font [lmroman10-regular]:+tlig;!
Missing character: There is no 다 (U+B2E4) in font [lmroman10-regular]:+tlig;!
Missing character: There is no 실 (U+C2E4) in font [lmroman10-regular]:+tlig;!
Missing character: There is no 습 (U+C2B5) in font [lmroman10-regular]:+tlig;!
Missing character: There is no 을 (U+C744) in font [lmroman10-regular]:+tlig;!
Missing character: There is no 하 (U+D558) in font [lmroman10-regular]:+tlig;!
Missing character: There is no 기 (U+AE30) in font [lmroman10-regular]:+tlig;!
Missing character: There is no 이 (U+C774) in font [lmroman10-regular]:+tlig;!
Missing character: There is no 전 (U+C804) in font [lmroman10-regular]:+tlig;!
Missing character: There is no 에 (U+C5D0) in font [lmroman10-regular]:+tlig;!
Missing character: There is no 프 (U+D504) in font [lmroman10-regular]:+tlig;!
Missing character: There is no 로 (U+B85C) in font [lmroman10-regular]:+tlig;!
Missing character: There is no 젝 (U+C81D) in font [lmroman10-regular]:+tlig;!
Missing character: There is no 트 (U+D2B8) in font [lmroman10-regular]:+tlig;!
Missing character: There is no 폴 (U+D3F4) in font [lmroman10-regular]:+tlig;!
Missing character: There is no 더 (U+B354) in font [lmroman10-regular]:+tlig;!
Missing character: There is no 만 (U+B9CC) in font [lmroman10-regular]:+tlig;!
Missing character: There is no 들 (U+B4E4) in font [lmroman10-regular]:+tlig;!
Missing character: There is no 기 (U+AE30) in font [lmroman10-regular]:+tlig;!
Missing character: There is no 프 (U+D504) in font [lmroman10-regular]:+tlig;!
Missing character: There is no 로 (U+B85C) in font [lmroman10-regular]:+tlig;!
Missing character: There is no 그 (U+ADF8) in font [lmroman10-regular]:+tlig;!
Missing character: There is no 램 (U+B7A8) in font [lmroman10-regular]:+tlig;!
Missing character: There is no 여 (U+C5EC) in font [lmroman10-regular]:+tlig;!
Missing character: There is no 는 (U+B294) in font [lmroman10-regular]:+tlig;!
Missing character: There is no 법 (U+BC95) in font [lmroman10-regular]:+tlig;!
Missing character: There is no 에 (U+C5D0) in font [lmroman10-regular]:+tlig;!
Missing character: There is no 서 (U+C11C) in font [lmroman10-regular]:+tlig;!
Missing character: There is no 네 (U+B124) in font [lmroman10-regular]:+tlig;!
Missing character: There is no 트 (U+D2B8) in font [lmroman10-regular]:+tlig;!
Missing character: There is no 워 (U+C6CC) in font [lmroman10-regular]:+tlig;!
Missing character: There is no 크 (U+D06C) in font [lmroman10-regular]:+tlig;!
Missing character: There is no 저 (U+C800) in font [lmroman10-regular]:+tlig;!
Missing character: There is no 장 (U+C7A5) in font [lmroman10-regular]:+tlig;!
Missing character: There is no 하 (U+D558) in font [lmroman10-regular]:+tlig;!
Missing character: There is no 는 (U+B294) in font [lmroman10-regular]:+tlig;!
Missing character: There is no 법 (U+BC95) in font [lmroman10-regular]:+tlig;!
Missing character: There is no 에 (U+C5D0) in font [lmroman10-regular]:+tlig;!
Missing character: There is no 서 (U+C11C) in font [lmroman10-regular]:+tlig;!
Missing character: There is no 프 (U+D504) in font [lmroman10-regular]:+tlig;!
Missing character: There is no 로 (U+B85C) in font [lmroman10-regular]:+tlig;!
Missing character: There is no 젝 (U+C81D) in font [lmroman10-regular]:+tlig;!
Missing character: There is no 트 (U+D2B8) in font [lmroman10-regular]:+tlig;!
Missing character: There is no 폴 (U+D3F4) in font [lmroman10-regular]:+tlig;!
Missing character: There is no 더 (U+B354) in font [lmroman10-regular]:+tlig;!
Missing character: There is no 여 (U+C5EC) in font [lmroman10-regular]:+tlig;!
Missing character: There is no 는 (U+B294) in font [lmroman10-regular]:+tlig;!
Missing character: There is no 법 (U+BC95) in font [lmroman10-regular]:+tlig;!
Missing character: There is no 에 (U+C5D0) in font [lmroman10-regular]:+tlig;!
Missing character: There is no 서 (U+C11C) in font [lmroman10-regular]:+tlig;!
Missing character: There is no 여 (U+C5EC) in font [lmroman10-regular]:+tlig;!
Missing character: There is no 는 (U+B294) in font [lmroman10-regular]:+tlig;!
Missing character: There is no 법 (U+BC95) in font [lmroman10-regular]:+tlig;!
Missing character: There is no 을 (U+C744) in font [lmroman10-regular]:+tlig;!
Missing character: There is no 먼 (U+BA3C) in font [lmroman10-regular]:+tlig;!
Missing character: There is no 저 (U+C800) in font [lmroman10-regular]:+tlig;!
Missing character: There is no 설 (U+C124) in font [lmroman10-regular]:+tlig;!
Missing character: There is no 명 (U+BA85) in font [lmroman10-regular]:+tlig;!
Missing character: There is no 드 (U+B4DC) in font [lmroman10-regular]:+tlig;!
Missing character: There is no 리 (U+B9AC) in font [lmroman10-regular]:+tlig;!
Missing character: There is no 겠 (U+ACA0) in font [lmroman10-regular]:+tlig;!
Missing character: There is no 습 (U+C2B5) in font [lmroman10-regular]:+tlig;!
Missing character: There is no 니 (U+B2C8) in font [lmroman10-regular]:+tlig;!
Missing character: There is no 다 (U+B2E4) in font [lmroman10-regular]:+tlig;!
Missing character: There is no 실 (U+C2E4) in font [lmroman10-regular]:+tlig;!
Missing character: There is no 습 (U+C2B5) in font [lmroman10-regular]:+tlig;!
Missing character: There is no 을 (U+C744) in font [lmroman10-regular]:+tlig;!
Missing character: There is no 하 (U+D558) in font [lmroman10-regular]:+tlig;!
Missing character: There is no 기 (U+AE30) in font [lmroman10-regular]:+tlig;!
Missing character: There is no 이 (U+C774) in font [lmroman10-regular]:+tlig;!
Missing character: There is no 전 (U+C804) in font [lmroman10-regular]:+tlig;!
Missing character: There is no 에 (U+C5D0) in font [lmroman10-regular]:+tlig;!
Missing character: There is no 프 (U+D504) in font [lmroman10-regular]:+tlig;!
Missing character: There is no 로 (U+B85C) in font [lmroman10-regular]:+tlig;!
Missing character: There is no 젝 (U+C81D) in font [lmroman10-regular]:+tlig;!
Missing character: There is no 트 (U+D2B8) in font [lmroman10-regular]:+tlig;!
Missing character: There is no 폴 (U+D3F4) in font [lmroman10-regular]:+tlig;!
Missing character: There is no 더 (U+B354) in font [lmroman10-regular]:+tlig;!
Missing character: There is no 만 (U+B9CC) in font [lmroman10-regular]:+tlig;!
Missing character: There is no 들 (U+B4E4) in font [lmroman10-regular]:+tlig;!
Missing character: There is no 기 (U+AE30) in font [lmroman10-regular]:+tlig;!
Missing character: There is no 프 (U+D504) in font [lmroman10-regular]:+tlig;!
Missing character: There is no 로 (U+B85C) in font [lmroman10-regular]:+tlig;!
Missing character: There is no 그 (U+ADF8) in font [lmroman10-regular]:+tlig;!
Missing character: There is no 램 (U+B7A8) in font [lmroman10-regular]:+tlig;!
Missing character: There is no 여 (U+C5EC) in font [lmroman10-regular]:+tlig;!
Missing character: There is no 는 (U+B294) in font [lmroman10-regular]:+tlig;!
Missing character: There is no 법 (U+BC95) in font [lmroman10-regular]:+tlig;!
Missing character: There is no 에 (U+C5D0) in font [lmroman10-regular]:+tlig;!
Missing character: There is no 서 (U+C11C) in font [lmroman10-regular]:+tlig;!
Missing character: There is no 네 (U+B124) in font [lmroman10-regular]:+tlig;!
Missing character: There is no 트 (U+D2B8) in font [lmroman10-regular]:+tlig;!
Missing character: There is no 워 (U+C6CC) in font [lmroman10-regular]:+tlig;!
Missing character: There is no 크 (U+D06C) in font [lmroman10-regular]:+tlig;!
Missing character: There is no 저 (U+C800) in font [lmroman10-regular]:+tlig;!
Missing character: There is no 장 (U+C7A5) in font [lmroman10-regular]:+tlig;!
Missing character: There is no 하 (U+D558) in font [lmroman10-regular]:+tlig;!
Missing character: There is no 는 (U+B294) in font [lmroman10-regular]:+tlig;!
Missing character: There is no 법 (U+BC95) in font [lmroman10-regular]:+tlig;!
Missing character: There is no 에 (U+C5D0) in font [lmroman10-regular]:+tlig;!
Missing character: There is no 서 (U+C11C) in font [lmroman10-regular]:+tlig;!
Missing character: There is no 프 (U+D504) in font [lmroman10-regular]:+tlig;!
Missing character: There is no 로 (U+B85C) in font [lmroman10-regular]:+tlig;!
Missing character: There is no 젝 (U+C81D) in font [lmroman10-regular]:+tlig;!
Missing character: There is no 트 (U+D2B8) in font [lmroman10-regular]:+tlig;!
Missing character: There is no 폴 (U+D3F4) in font [lmroman10-regular]:+tlig;!
Missing character: There is no 더 (U+B354) in font [lmroman10-regular]:+tlig;!
Missing character: There is no 여 (U+C5EC) in font [lmroman10-regular]:+tlig;!
Missing character: There is no 는 (U+B294) in font [lmroman10-regular]:+tlig;!
Missing character: There is no 법 (U+BC95) in font [lmroman10-regular]:+tlig;!
Missing character: There is no 에 (U+C5D0) in font [lmroman10-regular]:+tlig;!
Missing character: There is no 서 (U+C11C) in font [lmroman10-regular]:+tlig;!
Missing character: There is no 여 (U+C5EC) in font [lmroman10-regular]:+tlig;!
Missing character: There is no 는 (U+B294) in font [lmroman10-regular]:+tlig;!
Missing character: There is no 실 (U+C2E4) in font [lmroman10-regular]:+tlig;!
Missing character: There is no 습 (U+C2B5) in font [lmroman10-regular]:+tlig;!
Missing character: There is no 을 (U+C744) in font [lmroman10-regular]:+tlig;!
Missing character: There is no 하 (U+D558) in font [lmroman10-regular]:+tlig;!
Missing character: There is no 기 (U+AE30) in font [lmroman10-regular]:+tlig;!
Missing character: There is no 이 (U+C774) in font [lmroman10-regular]:+tlig;!
Missing character: There is no 전 (U+C804) in font [lmroman10-regular]:+tlig;!
Missing character: There is no 에 (U+C5D0) in font [lmroman10-regular]:+tlig;!
Missing character: There is no 프 (U+D504) in font [lmroman10-regular]:+tlig;!
Missing character: There is no 로 (U+B85C) in font [lmroman10-regular]:+tlig;!
Missing character: There is no 젝 (U+C81D) in font [lmroman10-regular]:+tlig;!
Missing character: There is no 트 (U+D2B8) in font [lmroman10-regular]:+tlig;!
Missing character: There is no 폴 (U+D3F4) in font [lmroman10-regular]:+tlig;!
Missing character: There is no 더 (U+B354) in font [lmroman10-regular]:+tlig;!
Missing character: There is no 만 (U+B9CC) in font [lmroman10-regular]:+tlig;!
Missing character: There is no 들 (U+B4E4) in font [lmroman10-regular]:+tlig;!
Missing character: There is no 기 (U+AE30) in font [lmroman10-regular]:+tlig;!
Missing character: There is no 프 (U+D504) in font [lmroman10-regular]:+tlig;!
Missing character: There is no 로 (U+B85C) in font [lmroman10-regular]:+tlig;!
Missing character: There is no 그 (U+ADF8) in font [lmroman10-regular]:+tlig;!
Missing character: There is no 램 (U+B7A8) in font [lmroman10-regular]:+tlig;!
Missing character: There is no 여 (U+C5EC) in font [lmroman10-regular]:+tlig;!
Missing character: There is no 는 (U+B294) in font [lmroman10-regular]:+tlig;!
Missing character: There is no 법 (U+BC95) in font [lmroman10-regular]:+tlig;!
Missing character: There is no 에 (U+C5D0) in font [lmroman10-regular]:+tlig;!
Missing character: There is no 서 (U+C11C) in font [lmroman10-regular]:+tlig;!
Missing character: There is no 네 (U+B124) in font [lmroman10-regular]:+tlig;!
Missing character: There is no 트 (U+D2B8) in font [lmroman10-regular]:+tlig;!
Missing character: There is no 워 (U+C6CC) in font [lmroman10-regular]:+tlig;!
Missing character: There is no 크 (U+D06C) in font [lmroman10-regular]:+tlig;!
Missing character: There is no 저 (U+C800) in font [lmroman10-regular]:+tlig;!
Missing character: There is no 장 (U+C7A5) in font [lmroman10-regular]:+tlig;!
Missing character: There is no 하 (U+D558) in font [lmroman10-regular]:+tlig;!
Missing character: There is no 는 (U+B294) in font [lmroman10-regular]:+tlig;!
Missing character: There is no 법 (U+BC95) in font [lmroman10-regular]:+tlig;!
Missing character: There is no 에 (U+C5D0) in font [lmroman10-regular]:+tlig;!
Missing character: There is no 서 (U+C11C) in font [lmroman10-regular]:+tlig;!
Missing character: There is no 프 (U+D504) in font [lmroman10-regular]:+tlig;!
Missing character: There is no 로 (U+B85C) in font [lmroman10-regular]:+tlig;!
Missing character: There is no 젝 (U+C81D) in font [lmroman10-regular]:+tlig;!
Missing character: There is no 트 (U+D2B8) in font [lmroman10-regular]:+tlig;!
Missing character: There is no 폴 (U+D3F4) in font [lmroman10-regular]:+tlig;!
Missing character: There is no 더 (U+B354) in font [lmroman10-regular]:+tlig;!
Missing character: There is no 여 (U+C5EC) in font [lmroman10-regular]:+tlig;!
Missing character: There is no 는 (U+B294) in font [lmroman10-regular]:+tlig;!
Missing character: There is no 법 (U+BC95) in font [lmroman10-regular]:+tlig;!
Missing character: There is no 에 (U+C5D0) in font [lmroman10-regular]:+tlig;!
Missing character: There is no 서 (U+C11C) in font [lmroman10-regular]:+tlig;!
Missing character: There is no 여 (U+C5EC) in font [lmroman10-regular]:+tlig;!
Missing character: There is no 는 (U+B294) in font [lmroman10-regular]:+tlig;!
Missing character: There is no 법 (U+BC95) in font [lmroman10-regular]:+tlig;!
Missing character: There is no 을 (U+C744) in font [lmroman10-regular]:+tlig;!
Missing character: There is no 먼 (U+BA3C) in font [lmroman10-regular]:+tlig;!
Missing character: There is no 저 (U+C800) in font [lmroman10-regular]:+tlig;!
Missing character: There is no 설 (U+C124) in font [lmroman10-regular]:+tlig;!
Missing character: There is no 명 (U+BA85) in font [lmroman10-regular]:+tlig;!
Missing character: There is no 드 (U+B4DC) in font [lmroman10-regular]:+tlig;!
Missing character: There is no 리 (U+B9AC) in font [lmroman10-regular]:+tlig;!
Missing character: There is no 겠 (U+ACA0) in font [lmroman10-regular]:+tlig;!
Missing character: There is no 습 (U+C2B5) in font [lmroman10-regular]:+tlig;!
Missing character: There is no 니 (U+B2C8) in font [lmroman10-regular]:+tlig;!
Missing character: There is no 다 (U+B2E4) in font [lmroman10-regular]:+tlig;!
Missing character: There is no 프 (U+D504) in font [lmsans10-bold]:+tlig;!
Missing character: There is no 로 (U+B85C) in font [lmsans10-bold]:+tlig;!
Missing character: There is no 젝 (U+C81D) in font [lmsans10-bold]:+tlig;!
Missing character: There is no 트 (U+D2B8) in font [lmsans10-bold]:+tlig;!
Missing character: There is no 폴 (U+D3F4) in font [lmsans10-bold]:+tlig;!
Missing character: There is no 더 (U+B354) in font [lmsans10-bold]:+tlig;!
Missing character: There is no 생 (U+C0DD) in font [lmsans10-bold]:+tlig;!
Missing character: There is no 성 (U+C131) in font [lmsans10-bold]:+tlig;!
Missing character: There is no 프 (U+D504) in font [lmsans10-bold]:+tlig;!
Missing character: There is no 로 (U+B85C) in font [lmsans10-bold]:+tlig;!
Missing character: There is no 젝 (U+C81D) in font [lmsans10-bold]:+tlig;!
Missing character: There is no 트 (U+D2B8) in font [lmsans10-bold]:+tlig;!
Missing character: There is no 폴 (U+D3F4) in font [lmsans10-bold]:+tlig;!
Missing character: There is no 더 (U+B354) in font [lmsans10-bold]:+tlig;!
Missing character: There is no 생 (U+C0DD) in font [lmsans10-bold]:+tlig;!
Missing character: There is no 성 (U+C131) in font [lmsans10-bold]:+tlig;!
Missing character: There is no 시 (U+C2DC) in font [lmroman10-regular]:+tlig;!
Missing character: There is no 뮬 (U+BBAC) in font [lmroman10-regular]:+tlig;!
Missing character: There is no 레 (U+B808) in font [lmroman10-regular]:+tlig;!
Missing character: There is no 이 (U+C774) in font [lmroman10-regular]:+tlig;!
Missing character: There is no 션 (U+C158) in font [lmroman10-regular]:+tlig;!
Missing character: There is no 을 (U+C744) in font [lmroman10-regular]:+tlig;!
Missing character: There is no 위 (U+C704) in font [lmroman10-regular]:+tlig;!
Missing character: There is no 해 (U+D574) in font [lmroman10-regular]:+tlig;!
Missing character: There is no 서 (U+C11C) in font [lmroman10-regular]:+tlig;!
Missing character: There is no 는 (U+B294) in font [lmroman10-regular]:+tlig;!
Missing character: There is no 많 (U+B9CE) in font [lmroman10-regular]:+tlig;!
Missing character: There is no 은 (U+C740) in font [lmroman10-regular]:+tlig;!
Missing character: There is no 입 (U+C785) in font [lmroman10-regular]:+tlig;!
Missing character: There is no 력 (U+B825) in font [lmroman10-regular]:+tlig;!
Missing character: There is no 파 (U+D30C) in font [lmroman10-regular]:+tlig;!
Missing character: There is no 일 (U+C77C) in font [lmroman10-regular]:+tlig;!
Missing character: There is no 이 (U+C774) in font [lmroman10-regular]:+tlig;!
Missing character: There is no 필 (U+D544) in font [lmroman10-regular]:+tlig;!
Missing character: There is no 요 (U+C694) in font [lmroman10-regular]:+tlig;!
Missing character: There is no 합 (U+D569) in font [lmroman10-regular]:+tlig;!
Missing character: There is no 니 (U+B2C8) in font [lmroman10-regular]:+tlig;!
Missing character: There is no 다 (U+B2E4) in font [lmroman10-regular]:+tlig;!
Missing character: There is no 한 (U+D55C) in font [lmroman10-regular]:+tlig;!
Missing character: There is no 개 (U+AC1C) in font [lmroman10-regular]:+tlig;!
Missing character: There is no 의 (U+C758) in font [lmroman10-regular]:+tlig;!
Missing character: There is no 폴 (U+D3F4) in font [lmroman10-regular]:+tlig;!
Missing character: There is no 더 (U+B354) in font [lmroman10-regular]:+tlig;!
Missing character: There is no 에 (U+C5D0) in font [lmroman10-regular]:+tlig;!
Missing character: There is no 서 (U+C11C) in font [lmroman10-regular]:+tlig;!
Missing character: There is no 시 (U+C2DC) in font [lmroman10-regular]:+tlig;!
Missing character: There is no 뮬 (U+BBAC) in font [lmroman10-regular]:+tlig;!
Missing character: There is no 레 (U+B808) in font [lmroman10-regular]:+tlig;!
Missing character: There is no 이 (U+C774) in font [lmroman10-regular]:+tlig;!
Missing character: There is no 션 (U+C158) in font [lmroman10-regular]:+tlig;!
Missing character: There is no 입 (U+C785) in font [lmroman10-regular]:+tlig;!
Missing character: There is no 력 (U+B825) in font [lmroman10-regular]:+tlig;!
Missing character: There is no 파 (U+D30C) in font [lmroman10-regular]:+tlig;!
Missing character: There is no 일 (U+C77C) in font [lmroman10-regular]:+tlig;!
Missing character: There is no 을 (U+C744) in font [lmroman10-regular]:+tlig;!
Missing character: There is no 관 (U+AD00) in font [lmroman10-regular]:+tlig;!
Missing character: There is no 리 (U+B9AC) in font [lmroman10-regular]:+tlig;!
Missing character: There is no 하 (U+D558) in font [lmroman10-regular]:+tlig;!
Missing character: There is no 는 (U+B294) in font [lmroman10-regular]:+tlig;!
Missing character: There is no 것 (U+AC83) in font [lmroman10-regular]:+tlig;!
Missing character: There is no 이 (U+C774) in font [lmroman10-regular]:+tlig;!
Missing character: There is no 오 (U+C624) in font [lmroman10-regular]:+tlig;!
Missing character: There is no 류 (U+B958) in font [lmroman10-regular]:+tlig;!
Missing character: There is no 를 (U+B97C) in font [lmroman10-regular]:+tlig;!
Missing character: There is no 찾 (U+CC3E) in font [lmroman10-regular]:+tlig;!
Missing character: There is no 고 (U+ACE0) in font [lmroman10-regular]:+tlig;!
Missing character: There is no 고 (U+ACE0) in font [lmroman10-regular]:+tlig;!
Missing character: There is no 치 (U+CE58) in font [lmroman10-regular]:+tlig;!
Missing character: There is no 기 (U+AE30) in font [lmroman10-regular]:+tlig;!
Missing character: There is no 에 (U+C5D0) in font [lmroman10-regular]:+tlig;!
Missing character: There is no 더 (U+B354) in font [lmroman10-regular]:+tlig;!
Missing character: There is no 쉽 (U+C27D) in font [lmroman10-regular]:+tlig;!
Missing character: There is no 습 (U+C2B5) in font [lmroman10-regular]:+tlig;!
Missing character: There is no 니 (U+B2C8) in font [lmroman10-regular]:+tlig;!
Missing character: There is no 다 (U+B2E4) in font [lmroman10-regular]:+tlig;!
Missing character: There is no 그 (U+ADF8) in font [lmroman10-regular]:+tlig;!
Missing character: There is no 래 (U+B798) in font [lmroman10-regular]:+tlig;!
Missing character: There is no 서 (U+C11C) in font [lmroman10-regular]:+tlig;!
Missing character: There is no 하 (U+D558) in font [lmroman10-regular]:+tlig;!
Missing character: There is no 나 (U+B098) in font [lmroman10-regular]:+tlig;!
Missing character: There is no 의 (U+C758) in font [lmroman10-regular]:+tlig;!
Missing character: There is no 시 (U+C2DC) in font [lmroman10-regular]:+tlig;!
Missing character: There is no 뮬 (U+BBAC) in font [lmroman10-regular]:+tlig;!
Missing character: There is no 레 (U+B808) in font [lmroman10-regular]:+tlig;!
Missing character: There is no 이 (U+C774) in font [lmroman10-regular]:+tlig;!
Missing character: There is no 션 (U+C158) in font [lmroman10-regular]:+tlig;!
Missing character: There is no 에 (U+C5D0) in font [lmroman10-regular]:+tlig;!
Missing character: There is no 하 (U+D558) in font [lmroman10-regular]:+tlig;!
Missing character: There is no 나 (U+B098) in font [lmroman10-regular]:+tlig;!
Missing character: There is no 의 (U+C758) in font [lmroman10-regular]:+tlig;!
Missing character: There is no 폴 (U+D3F4) in font [lmroman10-regular]:+tlig;!
Missing character: There is no 더 (U+B354) in font [lmroman10-regular]:+tlig;!
Missing character: There is no 를 (U+B97C) in font [lmroman10-regular]:+tlig;!
Missing character: There is no 만 (U+B9CC) in font [lmroman10-regular]:+tlig;!
Missing character: There is no 드 (U+B4DC) in font [lmroman10-regular]:+tlig;!
Missing character: There is no 는 (U+B294) in font [lmroman10-regular]:+tlig;!
Missing character: There is no 것 (U+AC83) in font [lmroman10-regular]:+tlig;!
Missing character: There is no 이 (U+C774) in font [lmroman10-regular]:+tlig;!
Missing character: There is no 좋 (U+C88B) in font [lmroman10-regular]:+tlig;!
Missing character: There is no 습 (U+C2B5) in font [lmroman10-regular]:+tlig;!
Missing character: There is no 니 (U+B2C8) in font [lmroman10-regular]:+tlig;!
Missing character: There is no 다 (U+B2E4) in font [lmroman10-regular]:+tlig;!
Missing character: There is no 시 (U+C2DC) in font [lmroman10-regular]:+tlig;!
Missing character: There is no 뮬 (U+BBAC) in font [lmroman10-regular]:+tlig;!
Missing character: There is no 레 (U+B808) in font [lmroman10-regular]:+tlig;!
Missing character: There is no 이 (U+C774) in font [lmroman10-regular]:+tlig;!
Missing character: There is no 션 (U+C158) in font [lmroman10-regular]:+tlig;!
Missing character: There is no 을 (U+C744) in font [lmroman10-regular]:+tlig;!
Missing character: There is no 위 (U+C704) in font [lmroman10-regular]:+tlig;!
Missing character: There is no 해 (U+D574) in font [lmroman10-regular]:+tlig;!
Missing character: There is no 서 (U+C11C) in font [lmroman10-regular]:+tlig;!
Missing character: There is no 는 (U+B294) in font [lmroman10-regular]:+tlig;!
Missing character: There is no 많 (U+B9CE) in font [lmroman10-regular]:+tlig;!
Missing character: There is no 은 (U+C740) in font [lmroman10-regular]:+tlig;!
Missing character: There is no 입 (U+C785) in font [lmroman10-regular]:+tlig;!
Missing character: There is no 력 (U+B825) in font [lmroman10-regular]:+tlig;!
Missing character: There is no 파 (U+D30C) in font [lmroman10-regular]:+tlig;!
Missing character: There is no 일 (U+C77C) in font [lmroman10-regular]:+tlig;!
Missing character: There is no 이 (U+C774) in font [lmroman10-regular]:+tlig;!
Missing character: There is no 필 (U+D544) in font [lmroman10-regular]:+tlig;!
Missing character: There is no 요 (U+C694) in font [lmroman10-regular]:+tlig;!
Missing character: There is no 합 (U+D569) in font [lmroman10-regular]:+tlig;!
Missing character: There is no 니 (U+B2C8) in font [lmroman10-regular]:+tlig;!
Missing character: There is no 다 (U+B2E4) in font [lmroman10-regular]:+tlig;!
Missing character: There is no 한 (U+D55C) in font [lmroman10-regular]:+tlig;!
Missing character: There is no 개 (U+AC1C) in font [lmroman10-regular]:+tlig;!
Missing character: There is no 의 (U+C758) in font [lmroman10-regular]:+tlig;!
Missing character: There is no 폴 (U+D3F4) in font [lmroman10-regular]:+tlig;!
Missing character: There is no 더 (U+B354) in font [lmroman10-regular]:+tlig;!
Missing character: There is no 에 (U+C5D0) in font [lmroman10-regular]:+tlig;!
Missing character: There is no 서 (U+C11C) in font [lmroman10-regular]:+tlig;!
Missing character: There is no 시 (U+C2DC) in font [lmroman10-regular]:+tlig;!
Missing character: There is no 뮬 (U+BBAC) in font [lmroman10-regular]:+tlig;!
Missing character: There is no 레 (U+B808) in font [lmroman10-regular]:+tlig;!
Missing character: There is no 이 (U+C774) in font [lmroman10-regular]:+tlig;!
Missing character: There is no 션 (U+C158) in font [lmroman10-regular]:+tlig;!
Missing character: There is no 입 (U+C785) in font [lmroman10-regular]:+tlig;!
Missing character: There is no 력 (U+B825) in font [lmroman10-regular]:+tlig;!
Missing character: There is no 파 (U+D30C) in font [lmroman10-regular]:+tlig;!
Missing character: There is no 일 (U+C77C) in font [lmroman10-regular]:+tlig;!
Missing character: There is no 을 (U+C744) in font [lmroman10-regular]:+tlig;!
Missing character: There is no 관 (U+AD00) in font [lmroman10-regular]:+tlig;!
Missing character: There is no 리 (U+B9AC) in font [lmroman10-regular]:+tlig;!
Missing character: There is no 하 (U+D558) in font [lmroman10-regular]:+tlig;!
Missing character: There is no 는 (U+B294) in font [lmroman10-regular]:+tlig;!
Missing character: There is no 것 (U+AC83) in font [lmroman10-regular]:+tlig;!
Missing character: There is no 이 (U+C774) in font [lmroman10-regular]:+tlig;!
Missing character: There is no 오 (U+C624) in font [lmroman10-regular]:+tlig;!
Missing character: There is no 류 (U+B958) in font [lmroman10-regular]:+tlig;!
Missing character: There is no 를 (U+B97C) in font [lmroman10-regular]:+tlig;!
Missing character: There is no 찾 (U+CC3E) in font [lmroman10-regular]:+tlig;!
Missing character: There is no 고 (U+ACE0) in font [lmroman10-regular]:+tlig;!
Missing character: There is no 고 (U+ACE0) in font [lmroman10-regular]:+tlig;!
Missing character: There is no 치 (U+CE58) in font [lmroman10-regular]:+tlig;!
Missing character: There is no 기 (U+AE30) in font [lmroman10-regular]:+tlig;!
Missing character: There is no 에 (U+C5D0) in font [lmroman10-regular]:+tlig;!
Missing character: There is no 더 (U+B354) in font [lmroman10-regular]:+tlig;!
Missing character: There is no 쉽 (U+C27D) in font [lmroman10-regular]:+tlig;!
Missing character: There is no 습 (U+C2B5) in font [lmroman10-regular]:+tlig;!
Missing character: There is no 니 (U+B2C8) in font [lmroman10-regular]:+tlig;!
Missing character: There is no 다 (U+B2E4) in font [lmroman10-regular]:+tlig;!
Missing character: There is no 그 (U+ADF8) in font [lmroman10-regular]:+tlig;!
Missing character: There is no 래 (U+B798) in font [lmroman10-regular]:+tlig;!
Missing character: There is no 서 (U+C11C) in font [lmroman10-regular]:+tlig;!
Missing character: There is no 하 (U+D558) in font [lmroman10-regular]:+tlig;!
Missing character: There is no 나 (U+B098) in font [lmroman10-regular]:+tlig;!
Missing character: There is no 의 (U+C758) in font [lmroman10-regular]:+tlig;!
Missing character: There is no 시 (U+C2DC) in font [lmroman10-regular]:+tlig;!
Missing character: There is no 뮬 (U+BBAC) in font [lmroman10-regular]:+tlig;!
Missing character: There is no 레 (U+B808) in font [lmroman10-regular]:+tlig;!
Missing character: There is no 이 (U+C774) in font [lmroman10-regular]:+tlig;!
Missing character: There is no 션 (U+C158) in font [lmroman10-regular]:+tlig;!
Missing character: There is no 에 (U+C5D0) in font [lmroman10-regular]:+tlig;!
Missing character: There is no 하 (U+D558) in font [lmroman10-regular]:+tlig;!
Missing character: There is no 나 (U+B098) in font [lmroman10-regular]:+tlig;!
Missing character: There is no 의 (U+C758) in font [lmroman10-regular]:+tlig;!
Missing character: There is no 폴 (U+D3F4) in font [lmroman10-regular]:+tlig;!
Missing character: There is no 더 (U+B354) in font [lmroman10-regular]:+tlig;!
Missing character: There is no 를 (U+B97C) in font [lmroman10-regular]:+tlig;!
Missing character: There is no 만 (U+B9CC) in font [lmroman10-regular]:+tlig;!
Missing character: There is no 드 (U+B4DC) in font [lmroman10-regular]:+tlig;!
Missing character: There is no 는 (U+B294) in font [lmroman10-regular]:+tlig;!
Missing character: There is no 것 (U+AC83) in font [lmroman10-regular]:+tlig;!
Missing character: There is no 이 (U+C774) in font [lmroman10-regular]:+tlig;!
Missing character: There is no 좋 (U+C88B) in font [lmroman10-regular]:+tlig;!
Missing character: There is no 습 (U+C2B5) in font [lmroman10-regular]:+tlig;!
Missing character: There is no 니 (U+B2C8) in font [lmroman10-regular]:+tlig;!
Missing character: There is no 다 (U+B2E4) in font [lmroman10-regular]:+tlig;!
<image/basic_1.jpeg, id=182, 1870.99pt x 1009.7725pt>
File: image/basic_1.jpeg Graphic file (type jpg)
<use image/basic_1.jpeg>
Package luatex.def Info: image/basic_1.jpeg  used on input line 798.
(luatex.def)             Requested size: 1870.98546pt x 1009.77003pt.
Missing character: There is no 폴 (U+D3F4) in font [lmroman10-regular]:+tlig;!
Missing character: There is no 더 (U+B354) in font [lmroman10-regular]:+tlig;!
Missing character: There is no 경 (U+ACBD) in font [lmroman10-regular]:+tlig;!
Missing character: There is no 로 (U+B85C) in font [lmroman10-regular]:+tlig;!
Missing character: There is no 명 (U+BA85) in font [lmroman10-regular]:+tlig;!
Missing character: There is no 에 (U+C5D0) in font [lmroman10-regular]:+tlig;!
Missing character: There is no 한 (U+D55C) in font [lmroman10-regular]:+tlig;!
Missing character: There is no 글 (U+AE00) in font [lmroman10-regular]:+tlig;!
Missing character: There is no 이 (U+C774) in font [lmroman10-regular]:+tlig;!
Missing character: There is no 있 (U+C788) in font [lmroman10-regular]:+tlig;!
Missing character: There is no 으 (U+C73C) in font [lmroman10-regular]:+tlig;!
Missing character: There is no 면 (U+BA74) in font [lmroman10-regular]:+tlig;!
Missing character: There is no 오 (U+C624) in font [lmroman10-regular]:+tlig;!
Missing character: There is no 류 (U+B958) in font [lmroman10-regular]:+tlig;!
Missing character: There is no 가 (U+AC00) in font [lmroman10-regular]:+tlig;!
Missing character: There is no 생 (U+C0DD) in font [lmroman10-regular]:+tlig;!
Missing character: There is no 길 (U+AE38) in font [lmroman10-regular]:+tlig;!
Missing character: There is no 수 (U+C218) in font [lmroman10-regular]:+tlig;!
Missing character: There is no 있 (U+C788) in font [lmroman10-regular]:+tlig;!
Missing character: There is no 습 (U+C2B5) in font [lmroman10-regular]:+tlig;!
Missing character: There is no 니 (U+B2C8) in font [lmroman10-regular]:+tlig;!
Missing character: There is no 다 (U+B2E4) in font [lmroman10-regular]:+tlig;!
Missing character: There is no 영 (U+C601) in font [lmroman10-regular]:+tlig;!
Missing character: There is no 문 (U+BB38) in font [lmroman10-regular]:+tlig;!
Missing character: There is no 으 (U+C73C) in font [lmroman10-regular]:+tlig;!
Missing character: There is no 로 (U+B85C) in font [lmroman10-regular]:+tlig;!
Missing character: There is no 된 (U+B41C) in font [lmroman10-regular]:+tlig;!
Missing character: There is no 경 (U+ACBD) in font [lmroman10-regular]:+tlig;!
Missing character: There is no 로 (U+B85C) in font [lmroman10-regular]:+tlig;!
Missing character: There is no 에 (U+C5D0) in font [lmroman10-regular]:+tlig;!
Missing character: There is no 시 (U+C2DC) in font [lmroman10-regular]:+tlig;!
Missing character: There is no 뮬 (U+BBAC) in font [lmroman10-regular]:+tlig;!
Missing character: There is no 레 (U+B808) in font [lmroman10-regular]:+tlig;!
Missing character: There is no 이 (U+C774) in font [lmroman10-regular]:+tlig;!
Missing character: There is no 션 (U+C158) in font [lmroman10-regular]:+tlig;!
Missing character: There is no 프 (U+D504) in font [lmroman10-regular]:+tlig;!
Missing character: There is no 로 (U+B85C) in font [lmroman10-regular]:+tlig;!
Missing character: There is no 젝 (U+C81D) in font [lmroman10-regular]:+tlig;!
Missing character: There is no 트 (U+D2B8) in font [lmroman10-regular]:+tlig;!
Missing character: There is no 를 (U+B97C) in font [lmroman10-regular]:+tlig;!
Missing character: There is no 생 (U+C0DD) in font [lmroman10-regular]:+tlig;!
Missing character: There is no 성 (U+C131) in font [lmroman10-regular]:+tlig;!
Missing character: There is no 하 (U+D558) in font [lmroman10-regular]:+tlig;!
Missing character: There is no 는 (U+B294) in font [lmroman10-regular]:+tlig;!
Missing character: There is no 것 (U+AC83) in font [lmroman10-regular]:+tlig;!
Missing character: There is no 이 (U+C774) in font [lmroman10-regular]:+tlig;!
Missing character: There is no 좋 (U+C88B) in font [lmroman10-regular]:+tlig;!
Missing character: There is no 습 (U+C2B5) in font [lmroman10-regular]:+tlig;!
Missing character: There is no 니 (U+B2C8) in font [lmroman10-regular]:+tlig;!
Missing character: There is no 다 (U+B2E4) in font [lmroman10-regular]:+tlig;!
Missing character: There is no 과 (U+ACFC) in font [lmroman10-regular]:+tlig;!
Missing character: There is no 같 (U+AC19) in font [lmroman10-regular]:+tlig;!
Missing character: There is no 은 (U+C740) in font [lmroman10-regular]:+tlig;!
Missing character: There is no 경 (U+ACBD) in font [lmroman10-regular]:+tlig;!
Missing character: There is no 로 (U+B85C) in font [lmroman10-regular]:+tlig;!
Missing character: There is no 를 (U+B97C) in font [lmroman10-regular]:+tlig;!
Missing character: There is no 권 (U+AD8C) in font [lmroman10-regular]:+tlig;!
Missing character: There is no 장 (U+C7A5) in font [lmroman10-regular]:+tlig;!
Missing character: There is no 합 (U+D569) in font [lmroman10-regular]:+tlig;!
Missing character: There is no 니 (U+B2C8) in font [lmroman10-regular]:+tlig;!
Missing character: There is no 다 (U+B2E4) in font [lmroman10-regular]:+tlig;!
Missing character: There is no 폴 (U+D3F4) in font [lmroman10-regular]:+tlig;!
Missing character: There is no 더 (U+B354) in font [lmroman10-regular]:+tlig;!
Missing character: There is no 경 (U+ACBD) in font [lmroman10-regular]:+tlig;!
Missing character: There is no 로 (U+B85C) in font [lmroman10-regular]:+tlig;!
Missing character: There is no 명 (U+BA85) in font [lmroman10-regular]:+tlig;!
Missing character: There is no 에 (U+C5D0) in font [lmroman10-regular]:+tlig;!
Missing character: There is no 한 (U+D55C) in font [lmroman10-regular]:+tlig;!
Missing character: There is no 글 (U+AE00) in font [lmroman10-regular]:+tlig;!
Missing character: There is no 이 (U+C774) in font [lmroman10-regular]:+tlig;!
Missing character: There is no 있 (U+C788) in font [lmroman10-regular]:+tlig;!
Missing character: There is no 으 (U+C73C) in font [lmroman10-regular]:+tlig;!
Missing character: There is no 면 (U+BA74) in font [lmroman10-regular]:+tlig;!
Missing character: There is no 오 (U+C624) in font [lmroman10-regular]:+tlig;!
Missing character: There is no 류 (U+B958) in font [lmroman10-regular]:+tlig;!
Missing character: There is no 가 (U+AC00) in font [lmroman10-regular]:+tlig;!
Missing character: There is no 생 (U+C0DD) in font [lmroman10-regular]:+tlig;!
Missing character: There is no 길 (U+AE38) in font [lmroman10-regular]:+tlig;!
Missing character: There is no 수 (U+C218) in font [lmroman10-regular]:+tlig;!
Missing character: There is no 있 (U+C788) in font [lmroman10-regular]:+tlig;!
Missing character: There is no 습 (U+C2B5) in font [lmroman10-regular]:+tlig;!
Missing character: There is no 니 (U+B2C8) in font [lmroman10-regular]:+tlig;!
Missing character: There is no 다 (U+B2E4) in font [lmroman10-regular]:+tlig;!
Missing character: There is no 영 (U+C601) in font [lmroman10-regular]:+tlig;!
Missing character: There is no 문 (U+BB38) in font [lmroman10-regular]:+tlig;!
Missing character: There is no 으 (U+C73C) in font [lmroman10-regular]:+tlig;!
Missing character: There is no 로 (U+B85C) in font [lmroman10-regular]:+tlig;!
Missing character: There is no 된 (U+B41C) in font [lmroman10-regular]:+tlig;!
Missing character: There is no 경 (U+ACBD) in font [lmroman10-regular]:+tlig;!
Missing character: There is no 로 (U+B85C) in font [lmroman10-regular]:+tlig;!
Missing character: There is no 에 (U+C5D0) in font [lmroman10-regular]:+tlig;!
Missing character: There is no 시 (U+C2DC) in font [lmroman10-regular]:+tlig;!
Missing character: There is no 뮬 (U+BBAC) in font [lmroman10-regular]:+tlig;!
Missing character: There is no 레 (U+B808) in font [lmroman10-regular]:+tlig;!
Missing character: There is no 이 (U+C774) in font [lmroman10-regular]:+tlig;!
Missing character: There is no 션 (U+C158) in font [lmroman10-regular]:+tlig;!
Missing character: There is no 프 (U+D504) in font [lmroman10-regular]:+tlig;!
Missing character: There is no 로 (U+B85C) in font [lmroman10-regular]:+tlig;!
Missing character: There is no 젝 (U+C81D) in font [lmroman10-regular]:+tlig;!
Missing character: There is no 트 (U+D2B8) in font [lmroman10-regular]:+tlig;!
Missing character: There is no 를 (U+B97C) in font [lmroman10-regular]:+tlig;!
Missing character: There is no 생 (U+C0DD) in font [lmroman10-regular]:+tlig;!
Missing character: There is no 성 (U+C131) in font [lmroman10-regular]:+tlig;!
Missing character: There is no 하 (U+D558) in font [lmroman10-regular]:+tlig;!
Missing character: There is no 는 (U+B294) in font [lmroman10-regular]:+tlig;!
Missing character: There is no 것 (U+AC83) in font [lmroman10-regular]:+tlig;!
Missing character: There is no 이 (U+C774) in font [lmroman10-regular]:+tlig;!
Missing character: There is no 좋 (U+C88B) in font [lmroman10-regular]:+tlig;!
Missing character: There is no 습 (U+C2B5) in font [lmroman10-regular]:+tlig;!
Missing character: There is no 니 (U+B2C8) in font [lmroman10-regular]:+tlig;!
Missing character: There is no 다 (U+B2E4) in font [lmroman10-regular]:+tlig;!
Missing character: There is no 과 (U+ACFC) in font [lmroman10-regular]:+tlig;!
Missing character: There is no 같 (U+AC19) in font [lmroman10-regular]:+tlig;!
Missing character: There is no 은 (U+C740) in font [lmroman10-regular]:+tlig;!
Missing character: There is no 경 (U+ACBD) in font [lmroman10-regular]:+tlig;!
Missing character: There is no 로 (U+B85C) in font [lmroman10-regular]:+tlig;!
Missing character: There is no 를 (U+B97C) in font [lmroman10-regular]:+tlig;!
Missing character: There is no 권 (U+AD8C) in font [lmroman10-regular]:+tlig;!
Missing character: There is no 장 (U+C7A5) in font [lmroman10-regular]:+tlig;!
Missing character: There is no 합 (U+D569) in font [lmroman10-regular]:+tlig;!
Missing character: There is no 니 (U+B2C8) in font [lmroman10-regular]:+tlig;!
Missing character: There is no 다 (U+B2E4) in font [lmroman10-regular]:+tlig;!
Missing character: There is no 폴 (U+D3F4) in font [lmroman10-regular]:+tlig;!
Missing character: There is no 더 (U+B354) in font [lmroman10-regular]:+tlig;!
Missing character: There is no 경 (U+ACBD) in font [lmroman10-regular]:+tlig;!
Missing character: There is no 로 (U+B85C) in font [lmroman10-regular]:+tlig;!
Missing character: There is no 명 (U+BA85) in font [lmroman10-regular]:+tlig;!
Missing character: There is no 에 (U+C5D0) in font [lmroman10-regular]:+tlig;!
Missing character: There is no 한 (U+D55C) in font [lmroman10-regular]:+tlig;!
Missing character: There is no 글 (U+AE00) in font [lmroman10-regular]:+tlig;!
Missing character: There is no 이 (U+C774) in font [lmroman10-regular]:+tlig;!
Missing character: There is no 있 (U+C788) in font [lmroman10-regular]:+tlig;!
Missing character: There is no 으 (U+C73C) in font [lmroman10-regular]:+tlig;!
Missing character: There is no 면 (U+BA74) in font [lmroman10-regular]:+tlig;!
Missing character: There is no 오 (U+C624) in font [lmroman10-regular]:+tlig;!
Missing character: There is no 류 (U+B958) in font [lmroman10-regular]:+tlig;!
Missing character: There is no 가 (U+AC00) in font [lmroman10-regular]:+tlig;!
Missing character: There is no 생 (U+C0DD) in font [lmroman10-regular]:+tlig;!
Missing character: There is no 길 (U+AE38) in font [lmroman10-regular]:+tlig;!
Missing character: There is no 수 (U+C218) in font [lmroman10-regular]:+tlig;!
Missing character: There is no 있 (U+C788) in font [lmroman10-regular]:+tlig;!
Missing character: There is no 습 (U+C2B5) in font [lmroman10-regular]:+tlig;!
Missing character: There is no 니 (U+B2C8) in font [lmroman10-regular]:+tlig;!
Missing character: There is no 다 (U+B2E4) in font [lmroman10-regular]:+tlig;!
Missing character: There is no 영 (U+C601) in font [lmroman10-regular]:+tlig;!
Missing character: There is no 문 (U+BB38) in font [lmroman10-regular]:+tlig;!
Missing character: There is no 으 (U+C73C) in font [lmroman10-regular]:+tlig;!
Missing character: There is no 로 (U+B85C) in font [lmroman10-regular]:+tlig;!
Missing character: There is no 된 (U+B41C) in font [lmroman10-regular]:+tlig;!
Missing character: There is no 경 (U+ACBD) in font [lmroman10-regular]:+tlig;!
Missing character: There is no 로 (U+B85C) in font [lmroman10-regular]:+tlig;!
Missing character: There is no 에 (U+C5D0) in font [lmroman10-regular]:+tlig;!
Missing character: There is no 시 (U+C2DC) in font [lmroman10-regular]:+tlig;!
Missing character: There is no 뮬 (U+BBAC) in font [lmroman10-regular]:+tlig;!
Missing character: There is no 레 (U+B808) in font [lmroman10-regular]:+tlig;!
Missing character: There is no 이 (U+C774) in font [lmroman10-regular]:+tlig;!
Missing character: There is no 션 (U+C158) in font [lmroman10-regular]:+tlig;!
Missing character: There is no 프 (U+D504) in font [lmroman10-regular]:+tlig;!
Missing character: There is no 로 (U+B85C) in font [lmroman10-regular]:+tlig;!
Missing character: There is no 젝 (U+C81D) in font [lmroman10-regular]:+tlig;!
Missing character: There is no 트 (U+D2B8) in font [lmroman10-regular]:+tlig;!
Missing character: There is no 를 (U+B97C) in font [lmroman10-regular]:+tlig;!
Missing character: There is no 생 (U+C0DD) in font [lmroman10-regular]:+tlig;!
Missing character: There is no 성 (U+C131) in font [lmroman10-regular]:+tlig;!
Missing character: There is no 하 (U+D558) in font [lmroman10-regular]:+tlig;!
Missing character: There is no 는 (U+B294) in font [lmroman10-regular]:+tlig;!
Missing character: There is no 것 (U+AC83) in font [lmroman10-regular]:+tlig;!
Missing character: There is no 이 (U+C774) in font [lmroman10-regular]:+tlig;!
Missing character: There is no 좋 (U+C88B) in font [lmroman10-regular]:+tlig;!
Missing character: There is no 습 (U+C2B5) in font [lmroman10-regular]:+tlig;!
Missing character: There is no 니 (U+B2C8) in font [lmroman10-regular]:+tlig;!
Missing character: There is no 다 (U+B2E4) in font [lmroman10-regular]:+tlig;!
Missing character: There is no 과 (U+ACFC) in font [lmroman10-regular]:+tlig;!
Missing character: There is no 같 (U+AC19) in font [lmroman10-regular]:+tlig;!
Missing character: There is no 은 (U+C740) in font [lmroman10-regular]:+tlig;!
Missing character: There is no 경 (U+ACBD) in font [lmroman10-regular]:+tlig;!
Missing character: There is no 로 (U+B85C) in font [lmroman10-regular]:+tlig;!
Missing character: There is no 를 (U+B97C) in font [lmroman10-regular]:+tlig;!
Missing character: There is no 권 (U+AD8C) in font [lmroman10-regular]:+tlig;!
Missing character: There is no 장 (U+C7A5) in font [lmroman10-regular]:+tlig;!
Missing character: There is no 합 (U+D569) in font [lmroman10-regular]:+tlig;!
Missing character: There is no 니 (U+B2C8) in font [lmroman10-regular]:+tlig;!
Missing character: There is no 다 (U+B2E4) in font [lmroman10-regular]:+tlig;!
Missing character: There is no 폴 (U+D3F4) in font [lmroman10-regular]:+tlig;!
Missing character: There is no 더 (U+B354) in font [lmroman10-regular]:+tlig;!
Missing character: There is no 경 (U+ACBD) in font [lmroman10-regular]:+tlig;!
Missing character: There is no 로 (U+B85C) in font [lmroman10-regular]:+tlig;!
Missing character: There is no 명 (U+BA85) in font [lmroman10-regular]:+tlig;!
Missing character: There is no 에 (U+C5D0) in font [lmroman10-regular]:+tlig;!
Missing character: There is no 한 (U+D55C) in font [lmroman10-regular]:+tlig;!
Missing character: There is no 글 (U+AE00) in font [lmroman10-regular]:+tlig;!
Missing character: There is no 이 (U+C774) in font [lmroman10-regular]:+tlig;!
Missing character: There is no 있 (U+C788) in font [lmroman10-regular]:+tlig;!
Missing character: There is no 으 (U+C73C) in font [lmroman10-regular]:+tlig;!
Missing character: There is no 면 (U+BA74) in font [lmroman10-regular]:+tlig;!
Missing character: There is no 오 (U+C624) in font [lmroman10-regular]:+tlig;!
Missing character: There is no 류 (U+B958) in font [lmroman10-regular]:+tlig;!
Missing character: There is no 가 (U+AC00) in font [lmroman10-regular]:+tlig;!
Missing character: There is no 생 (U+C0DD) in font [lmroman10-regular]:+tlig;!
Missing character: There is no 길 (U+AE38) in font [lmroman10-regular]:+tlig;!
Missing character: There is no 수 (U+C218) in font [lmroman10-regular]:+tlig;!
Missing character: There is no 있 (U+C788) in font [lmroman10-regular]:+tlig;!
Missing character: There is no 습 (U+C2B5) in font [lmroman10-regular]:+tlig;!
Missing character: There is no 니 (U+B2C8) in font [lmroman10-regular]:+tlig;!
Missing character: There is no 다 (U+B2E4) in font [lmroman10-regular]:+tlig;!
Missing character: There is no 영 (U+C601) in font [lmroman10-regular]:+tlig;!
Missing character: There is no 문 (U+BB38) in font [lmroman10-regular]:+tlig;!
Missing character: There is no 으 (U+C73C) in font [lmroman10-regular]:+tlig;!
Missing character: There is no 로 (U+B85C) in font [lmroman10-regular]:+tlig;!
Missing character: There is no 된 (U+B41C) in font [lmroman10-regular]:+tlig;!
Missing character: There is no 경 (U+ACBD) in font [lmroman10-regular]:+tlig;!
Missing character: There is no 로 (U+B85C) in font [lmroman10-regular]:+tlig;!
Missing character: There is no 에 (U+C5D0) in font [lmroman10-regular]:+tlig;!
Missing character: There is no 시 (U+C2DC) in font [lmroman10-regular]:+tlig;!
Missing character: There is no 뮬 (U+BBAC) in font [lmroman10-regular]:+tlig;!
Missing character: There is no 레 (U+B808) in font [lmroman10-regular]:+tlig;!
Missing character: There is no 이 (U+C774) in font [lmroman10-regular]:+tlig;!
Missing character: There is no 션 (U+C158) in font [lmroman10-regular]:+tlig;!
Missing character: There is no 프 (U+D504) in font [lmroman10-regular]:+tlig;!
Missing character: There is no 로 (U+B85C) in font [lmroman10-regular]:+tlig;!
Missing character: There is no 젝 (U+C81D) in font [lmroman10-regular]:+tlig;!
Missing character: There is no 트 (U+D2B8) in font [lmroman10-regular]:+tlig;!
Missing character: There is no 를 (U+B97C) in font [lmroman10-regular]:+tlig;!
Missing character: There is no 생 (U+C0DD) in font [lmroman10-regular]:+tlig;!
Missing character: There is no 성 (U+C131) in font [lmroman10-regular]:+tlig;!
Missing character: There is no 하 (U+D558) in font [lmroman10-regular]:+tlig;!
Missing character: There is no 는 (U+B294) in font [lmroman10-regular]:+tlig;!
Missing character: There is no 것 (U+AC83) in font [lmroman10-regular]:+tlig;!
Missing character: There is no 이 (U+C774) in font [lmroman10-regular]:+tlig;!
Missing character: There is no 좋 (U+C88B) in font [lmroman10-regular]:+tlig;!
Missing character: There is no 습 (U+C2B5) in font [lmroman10-regular]:+tlig;!
Missing character: There is no 니 (U+B2C8) in font [lmroman10-regular]:+tlig;!
Missing character: There is no 다 (U+B2E4) in font [lmroman10-regular]:+tlig;!
Missing character: There is no 과 (U+ACFC) in font [lmroman10-regular]:+tlig;!
Missing character: There is no 같 (U+AC19) in font [lmroman10-regular]:+tlig;!
Missing character: There is no 은 (U+C740) in font [lmroman10-regular]:+tlig;!
Missing character: There is no 폴 (U+D3F4) in font [lmroman10-regular]:+tlig;!
Missing character: There is no 더 (U+B354) in font [lmroman10-regular]:+tlig;!
Missing character: There is no 경 (U+ACBD) in font [lmroman10-regular]:+tlig;!
Missing character: There is no 로 (U+B85C) in font [lmroman10-regular]:+tlig;!
Missing character: There is no 명 (U+BA85) in font [lmroman10-regular]:+tlig;!
Missing character: There is no 에 (U+C5D0) in font [lmroman10-regular]:+tlig;!
Missing character: There is no 한 (U+D55C) in font [lmroman10-regular]:+tlig;!
Missing character: There is no 글 (U+AE00) in font [lmroman10-regular]:+tlig;!
Missing character: There is no 이 (U+C774) in font [lmroman10-regular]:+tlig;!
Missing character: There is no 있 (U+C788) in font [lmroman10-regular]:+tlig;!
Missing character: There is no 으 (U+C73C) in font [lmroman10-regular]:+tlig;!
Missing character: There is no 면 (U+BA74) in font [lmroman10-regular]:+tlig;!
Missing character: There is no 오 (U+C624) in font [lmroman10-regular]:+tlig;!
Missing character: There is no 류 (U+B958) in font [lmroman10-regular]:+tlig;!
Missing character: There is no 가 (U+AC00) in font [lmroman10-regular]:+tlig;!
Missing character: There is no 생 (U+C0DD) in font [lmroman10-regular]:+tlig;!
Missing character: There is no 길 (U+AE38) in font [lmroman10-regular]:+tlig;!
Missing character: There is no 수 (U+C218) in font [lmroman10-regular]:+tlig;!
Missing character: There is no 있 (U+C788) in font [lmroman10-regular]:+tlig;!
Missing character: There is no 습 (U+C2B5) in font [lmroman10-regular]:+tlig;!
Missing character: There is no 니 (U+B2C8) in font [lmroman10-regular]:+tlig;!
Missing character: There is no 다 (U+B2E4) in font [lmroman10-regular]:+tlig;!
Missing character: There is no 영 (U+C601) in font [lmroman10-regular]:+tlig;!
Missing character: There is no 문 (U+BB38) in font [lmroman10-regular]:+tlig;!
Missing character: There is no 으 (U+C73C) in font [lmroman10-regular]:+tlig;!
Missing character: There is no 로 (U+B85C) in font [lmroman10-regular]:+tlig;!
Missing character: There is no 된 (U+B41C) in font [lmroman10-regular]:+tlig;!
Missing character: There is no 경 (U+ACBD) in font [lmroman10-regular]:+tlig;!
Missing character: There is no 로 (U+B85C) in font [lmroman10-regular]:+tlig;!
Missing character: There is no 에 (U+C5D0) in font [lmroman10-regular]:+tlig;!
Missing character: There is no 시 (U+C2DC) in font [lmroman10-regular]:+tlig;!
Missing character: There is no 뮬 (U+BBAC) in font [lmroman10-regular]:+tlig;!
Missing character: There is no 레 (U+B808) in font [lmroman10-regular]:+tlig;!
Missing character: There is no 이 (U+C774) in font [lmroman10-regular]:+tlig;!
Missing character: There is no 션 (U+C158) in font [lmroman10-regular]:+tlig;!
Missing character: There is no 프 (U+D504) in font [lmroman10-regular]:+tlig;!
Missing character: There is no 로 (U+B85C) in font [lmroman10-regular]:+tlig;!
Missing character: There is no 젝 (U+C81D) in font [lmroman10-regular]:+tlig;!
Missing character: There is no 트 (U+D2B8) in font [lmroman10-regular]:+tlig;!
Missing character: There is no 를 (U+B97C) in font [lmroman10-regular]:+tlig;!
Missing character: There is no 생 (U+C0DD) in font [lmroman10-regular]:+tlig;!
Missing character: There is no 성 (U+C131) in font [lmroman10-regular]:+tlig;!
Missing character: There is no 하 (U+D558) in font [lmroman10-regular]:+tlig;!
Missing character: There is no 는 (U+B294) in font [lmroman10-regular]:+tlig;!
Missing character: There is no 것 (U+AC83) in font [lmroman10-regular]:+tlig;!
Missing character: There is no 이 (U+C774) in font [lmroman10-regular]:+tlig;!
Missing character: There is no 좋 (U+C88B) in font [lmroman10-regular]:+tlig;!
Missing character: There is no 습 (U+C2B5) in font [lmroman10-regular]:+tlig;!
Missing character: There is no 니 (U+B2C8) in font [lmroman10-regular]:+tlig;!
Missing character: There is no 다 (U+B2E4) in font [lmroman10-regular]:+tlig;!
Missing character: There is no 과 (U+ACFC) in font [lmroman10-regular]:+tlig;!
Missing character: There is no 같 (U+AC19) in font [lmroman10-regular]:+tlig;!
Missing character: There is no 은 (U+C740) in font [lmroman10-regular]:+tlig;!
Missing character: There is no 경 (U+ACBD) in font [lmroman10-regular]:+tlig;!
Missing character: There is no 로 (U+B85C) in font [lmroman10-regular]:+tlig;!
Missing character: There is no 를 (U+B97C) in font [lmroman10-regular]:+tlig;!
Missing character: There is no 권 (U+AD8C) in font [lmroman10-regular]:+tlig;!
Missing character: There is no 장 (U+C7A5) in font [lmroman10-regular]:+tlig;!
Missing character: There is no 합 (U+D569) in font [lmroman10-regular]:+tlig;!
Missing character: There is no 니 (U+B2C8) in font [lmroman10-regular]:+tlig;!
Missing character: There is no 다 (U+B2E4) in font [lmroman10-regular]:+tlig;!
Missing character: There is no 경 (U+ACBD) in font [lmroman10-regular]:+tlig;!
Missing character: There is no 로 (U+B85C) in font [lmroman10-regular]:+tlig;!
Missing character: There is no 를 (U+B97C) in font [lmroman10-regular]:+tlig;!
Missing character: There is no 권 (U+AD8C) in font [lmroman10-regular]:+tlig;!
Missing character: There is no 장 (U+C7A5) in font [lmroman10-regular]:+tlig;!
Missing character: There is no 합 (U+D569) in font [lmroman10-regular]:+tlig;!
Missing character: There is no 니 (U+B2C8) in font [lmroman10-regular]:+tlig;!
Missing character: There is no 다 (U+B2E4) in font [lmroman10-regular]:+tlig;!

Overfull \hbox (44.86093pt too wide) in paragraph at lines 794--799
\TU/lmr/m/n/10.95 경󰀀로󰀀를󰀀 권󰀀장󰀀합󰀀니󰀀다󰀀. []
 
 []

Missing character: There is no 은 (U+C740) in font [lmroman10-regular]:+tlig;!
Missing character: There is no 네 (U+B124) in font [lmroman10-regular]:+tlig;!
Missing character: There is no 트 (U+D2B8) in font [lmroman10-regular]:+tlig;!
Missing character: There is no 워 (U+C6CC) in font [lmroman10-regular]:+tlig;!
Missing character: There is no 크 (U+D06C) in font [lmroman10-regular]:+tlig;!
Missing character: There is no 를 (U+B97C) in font [lmroman10-regular]:+tlig;!
Missing character: There is no 생 (U+C0DD) in font [lmroman10-regular]:+tlig;!
Missing character: There is no 성 (U+C131) in font [lmroman10-regular]:+tlig;!
Missing character: There is no 편 (U+D3B8) in font [lmroman10-regular]:+tlig;!
Missing character: There is no 집 (U+C9D1) in font [lmroman10-regular]:+tlig;!
Missing character: There is no 할 (U+D560) in font [lmroman10-regular]:+tlig;!
Missing character: There is no 수 (U+C218) in font [lmroman10-regular]:+tlig;!
Missing character: There is no 있 (U+C788) in font [lmroman10-regular]:+tlig;!
Missing character: There is no 는 (U+B294) in font [lmroman10-regular]:+tlig;!
Missing character: There is no 프 (U+D504) in font [lmroman10-regular]:+tlig;!
Missing character: There is no 로 (U+B85C) in font [lmroman10-regular]:+tlig;!
Missing character: There is no 그 (U+ADF8) in font [lmroman10-regular]:+tlig;!
Missing character: There is no 램 (U+B7A8) in font [lmroman10-regular]:+tlig;!
Missing character: There is no 입 (U+C785) in font [lmroman10-regular]:+tlig;!
Missing character: There is no 니 (U+B2C8) in font [lmroman10-regular]:+tlig;!
Missing character: There is no 다 (U+B2E4) in font [lmroman10-regular]:+tlig;!
Missing character: There is no 를 (U+B97C) in font [lmroman10-regular]:+tlig;!
Missing character: There is no 설 (U+C124) in font [lmroman10-regular]:+tlig;!
Missing character: There is no 치 (U+CE58) in font [lmroman10-regular]:+tlig;!
Missing character: There is no 한 (U+D55C) in font [lmroman10-regular]:+tlig;!
Missing character: There is no 후 (U+D6C4) in font [lmroman10-regular]:+tlig;!
Missing character: There is no 윈 (U+C708) in font [lmroman10-regular]:+tlig;!
Missing character: There is no 도 (U+B3C4) in font [lmroman10-regular]:+tlig;!
Missing character: There is no 우 (U+C6B0) in font [lmroman10-regular]:+tlig;!
Missing character: There is no 프 (U+D504) in font [lmroman10-regular]:+tlig;!
Missing character: There is no 로 (U+B85C) in font [lmroman10-regular]:+tlig;!
Missing character: There is no 그 (U+ADF8) in font [lmroman10-regular]:+tlig;!
Missing character: There is no 램 (U+B7A8) in font [lmroman10-regular]:+tlig;!
Missing character: There is no 창 (U+CC3D) in font [lmroman10-regular]:+tlig;!
Missing character: There is no 에 (U+C5D0) in font [lmroman10-regular]:+tlig;!
Missing character: There is no 을 (U+C744) in font [lmroman10-regular]:+tlig;!
Missing character: There is no 검 (U+AC80) in font [lmroman10-regular]:+tlig;!
Missing character: There is no 색 (U+C0C9) in font [lmroman10-regular]:+tlig;!
Missing character: There is no 하 (U+D558) in font [lmroman10-regular]:+tlig;!
Missing character: There is no 여 (U+C5EC) in font [lmroman10-regular]:+tlig;!
Missing character: There is no 프 (U+D504) in font [lmroman10-regular]:+tlig;!
Missing character: There is no 로 (U+B85C) in font [lmroman10-regular]:+tlig;!
Missing character: There is no 그 (U+ADF8) in font [lmroman10-regular]:+tlig;!
Missing character: There is no 램 (U+B7A8) in font [lmroman10-regular]:+tlig;!
Missing character: There is no 을 (U+C744) in font [lmroman10-regular]:+tlig;!
Missing character: There is no 찾 (U+CC3E) in font [lmroman10-regular]:+tlig;!
Missing character: There is no 고 (U+ACE0) in font [lmroman10-regular]:+tlig;!
Missing character: There is no 열 (U+C5F4) in font [lmroman10-regular]:+tlig;!
Missing character: There is no 수 (U+C218) in font [lmroman10-regular]:+tlig;!
Missing character: There is no 있 (U+C788) in font [lmroman10-regular]:+tlig;!
Missing character: There is no 습 (U+C2B5) in font [lmroman10-regular]:+tlig;!
Missing character: There is no 니 (U+B2C8) in font [lmroman10-regular]:+tlig;!
Missing character: There is no 다 (U+B2E4) in font [lmroman10-regular]:+tlig;!
Missing character: There is no 혹 (U+D639) in font [lmmono10-regular]:!
Missing character: There is no 은 (U+C740) in font [lmmono10-regular]:!
Missing character: There is no 로 (U+B85C) in font [lmroman10-regular]:+tlig;!
Missing character: There is no 네 (U+B124) in font [lmroman10-regular]:+tlig;!
Missing character: There is no 트 (U+D2B8) in font [lmroman10-regular]:+tlig;!
Missing character: There is no 워 (U+C6CC) in font [lmroman10-regular]:+tlig;!
Missing character: There is no 크 (U+D06C) in font [lmroman10-regular]:+tlig;!
Missing character: There is no 를 (U+B97C) in font [lmroman10-regular]:+tlig;!
Missing character: There is no 저 (U+C800) in font [lmroman10-regular]:+tlig;!
Missing character: There is no 장 (U+C7A5) in font [lmroman10-regular]:+tlig;!
Missing character: There is no 할 (U+D560) in font [lmroman10-regular]:+tlig;!
Missing character: There is no 수 (U+C218) in font [lmroman10-regular]:+tlig;!
Missing character: There is no 있 (U+C788) in font [lmroman10-regular]:+tlig;!
Missing character: There is no 습 (U+C2B5) in font [lmroman10-regular]:+tlig;!
Missing character: There is no 니 (U+B2C8) in font [lmroman10-regular]:+tlig;!
Missing character: There is no 다 (U+B2E4) in font [lmroman10-regular]:+tlig;!
Missing character: There is no 은 (U+C740) in font [lmroman10-regular]:+tlig;!
Missing character: There is no 네 (U+B124) in font [lmroman10-regular]:+tlig;!
Missing character: There is no 트 (U+D2B8) in font [lmroman10-regular]:+tlig;!
Missing character: There is no 워 (U+C6CC) in font [lmroman10-regular]:+tlig;!
Missing character: There is no 크 (U+D06C) in font [lmroman10-regular]:+tlig;!
Missing character: There is no 를 (U+B97C) in font [lmroman10-regular]:+tlig;!
Missing character: There is no 생 (U+C0DD) in font [lmroman10-regular]:+tlig;!
Missing character: There is no 성 (U+C131) in font [lmroman10-regular]:+tlig;!
Missing character: There is no 편 (U+D3B8) in font [lmroman10-regular]:+tlig;!
Missing character: There is no 집 (U+C9D1) in font [lmroman10-regular]:+tlig;!
Missing character: There is no 할 (U+D560) in font [lmroman10-regular]:+tlig;!
Missing character: There is no 수 (U+C218) in font [lmroman10-regular]:+tlig;!
Missing character: There is no 있 (U+C788) in font [lmroman10-regular]:+tlig;!
Missing character: There is no 는 (U+B294) in font [lmroman10-regular]:+tlig;!
Missing character: There is no 프 (U+D504) in font [lmroman10-regular]:+tlig;!
Missing character: There is no 로 (U+B85C) in font [lmroman10-regular]:+tlig;!
Missing character: There is no 그 (U+ADF8) in font [lmroman10-regular]:+tlig;!
Missing character: There is no 램 (U+B7A8) in font [lmroman10-regular]:+tlig;!
Missing character: There is no 입 (U+C785) in font [lmroman10-regular]:+tlig;!
Missing character: There is no 니 (U+B2C8) in font [lmroman10-regular]:+tlig;!
Missing character: There is no 다 (U+B2E4) in font [lmroman10-regular]:+tlig;!
Missing character: There is no 를 (U+B97C) in font [lmroman10-regular]:+tlig;!
Missing character: There is no 설 (U+C124) in font [lmroman10-regular]:+tlig;!
Missing character: There is no 치 (U+CE58) in font [lmroman10-regular]:+tlig;!
Missing character: There is no 한 (U+D55C) in font [lmroman10-regular]:+tlig;!
Missing character: There is no 후 (U+D6C4) in font [lmroman10-regular]:+tlig;!
Missing character: There is no 윈 (U+C708) in font [lmroman10-regular]:+tlig;!
Missing character: There is no 도 (U+B3C4) in font [lmroman10-regular]:+tlig;!
Missing character: There is no 우 (U+C6B0) in font [lmroman10-regular]:+tlig;!
Missing character: There is no 프 (U+D504) in font [lmroman10-regular]:+tlig;!
Missing character: There is no 로 (U+B85C) in font [lmroman10-regular]:+tlig;!
Missing character: There is no 그 (U+ADF8) in font [lmroman10-regular]:+tlig;!
Missing character: There is no 램 (U+B7A8) in font [lmroman10-regular]:+tlig;!
Missing character: There is no 창 (U+CC3D) in font [lmroman10-regular]:+tlig;!
Missing character: There is no 에 (U+C5D0) in font [lmroman10-regular]:+tlig;!
Missing character: There is no 을 (U+C744) in font [lmroman10-regular]:+tlig;!
Missing character: There is no 검 (U+AC80) in font [lmroman10-regular]:+tlig;!
Missing character: There is no 색 (U+C0C9) in font [lmroman10-regular]:+tlig;!
Missing character: There is no 하 (U+D558) in font [lmroman10-regular]:+tlig;!
Missing character: There is no 여 (U+C5EC) in font [lmroman10-regular]:+tlig;!
Missing character: There is no 프 (U+D504) in font [lmroman10-regular]:+tlig;!
Missing character: There is no 로 (U+B85C) in font [lmroman10-regular]:+tlig;!
Missing character: There is no 그 (U+ADF8) in font [lmroman10-regular]:+tlig;!
Missing character: There is no 램 (U+B7A8) in font [lmroman10-regular]:+tlig;!
Missing character: There is no 을 (U+C744) in font [lmroman10-regular]:+tlig;!
Missing character: There is no 찾 (U+CC3E) in font [lmroman10-regular]:+tlig;!
Missing character: There is no 고 (U+ACE0) in font [lmroman10-regular]:+tlig;!
Missing character: There is no 열 (U+C5F4) in font [lmroman10-regular]:+tlig;!
Missing character: There is no 수 (U+C218) in font [lmroman10-regular]:+tlig;!
Missing character: There is no 있 (U+C788) in font [lmroman10-regular]:+tlig;!
Missing character: There is no 습 (U+C2B5) in font [lmroman10-regular]:+tlig;!
Missing character: There is no 니 (U+B2C8) in font [lmroman10-regular]:+tlig;!
Missing character: There is no 다 (U+B2E4) in font [lmroman10-regular]:+tlig;!
Missing character: There is no 은 (U+C740) in font [lmroman10-regular]:+tlig;!
Missing character: There is no 네 (U+B124) in font [lmroman10-regular]:+tlig;!
Missing character: There is no 트 (U+D2B8) in font [lmroman10-regular]:+tlig;!
Missing character: There is no 워 (U+C6CC) in font [lmroman10-regular]:+tlig;!
Missing character: There is no 크 (U+D06C) in font [lmroman10-regular]:+tlig;!
Missing character: There is no 를 (U+B97C) in font [lmroman10-regular]:+tlig;!
Missing character: There is no 생 (U+C0DD) in font [lmroman10-regular]:+tlig;!
Missing character: There is no 성 (U+C131) in font [lmroman10-regular]:+tlig;!
Missing character: There is no 편 (U+D3B8) in font [lmroman10-regular]:+tlig;!
Missing character: There is no 집 (U+C9D1) in font [lmroman10-regular]:+tlig;!
Missing character: There is no 할 (U+D560) in font [lmroman10-regular]:+tlig;!
Missing character: There is no 수 (U+C218) in font [lmroman10-regular]:+tlig;!
Missing character: There is no 있 (U+C788) in font [lmroman10-regular]:+tlig;!
Missing character: There is no 는 (U+B294) in font [lmroman10-regular]:+tlig;!
Missing character: There is no 프 (U+D504) in font [lmroman10-regular]:+tlig;!
Missing character: There is no 로 (U+B85C) in font [lmroman10-regular]:+tlig;!
Missing character: There is no 그 (U+ADF8) in font [lmroman10-regular]:+tlig;!
Missing character: There is no 램 (U+B7A8) in font [lmroman10-regular]:+tlig;!
Missing character: There is no 입 (U+C785) in font [lmroman10-regular]:+tlig;!
Missing character: There is no 니 (U+B2C8) in font [lmroman10-regular]:+tlig;!
Missing character: There is no 다 (U+B2E4) in font [lmroman10-regular]:+tlig;!
Missing character: There is no 를 (U+B97C) in font [lmroman10-regular]:+tlig;!
Missing character: There is no 설 (U+C124) in font [lmroman10-regular]:+tlig;!
Missing character: There is no 치 (U+CE58) in font [lmroman10-regular]:+tlig;!
Missing character: There is no 한 (U+D55C) in font [lmroman10-regular]:+tlig;!
Missing character: There is no 후 (U+D6C4) in font [lmroman10-regular]:+tlig;!
Missing character: There is no 윈 (U+C708) in font [lmroman10-regular]:+tlig;!
Missing character: There is no 도 (U+B3C4) in font [lmroman10-regular]:+tlig;!
Missing character: There is no 우 (U+C6B0) in font [lmroman10-regular]:+tlig;!
Missing character: There is no 프 (U+D504) in font [lmroman10-regular]:+tlig;!
Missing character: There is no 로 (U+B85C) in font [lmroman10-regular]:+tlig;!
Missing character: There is no 그 (U+ADF8) in font [lmroman10-regular]:+tlig;!
Missing character: There is no 램 (U+B7A8) in font [lmroman10-regular]:+tlig;!
Missing character: There is no 창 (U+CC3D) in font [lmroman10-regular]:+tlig;!
Missing character: There is no 에 (U+C5D0) in font [lmroman10-regular]:+tlig;!
Missing character: There is no 을 (U+C744) in font [lmroman10-regular]:+tlig;!
Missing character: There is no 검 (U+AC80) in font [lmroman10-regular]:+tlig;!
Missing character: There is no 색 (U+C0C9) in font [lmroman10-regular]:+tlig;!
Missing character: There is no 하 (U+D558) in font [lmroman10-regular]:+tlig;!
Missing character: There is no 여 (U+C5EC) in font [lmroman10-regular]:+tlig;!
Missing character: There is no 프 (U+D504) in font [lmroman10-regular]:+tlig;!
Missing character: There is no 로 (U+B85C) in font [lmroman10-regular]:+tlig;!
Missing character: There is no 그 (U+ADF8) in font [lmroman10-regular]:+tlig;!
Missing character: There is no 램 (U+B7A8) in font [lmroman10-regular]:+tlig;!
Missing character: There is no 을 (U+C744) in font [lmroman10-regular]:+tlig;!
Missing character: There is no 찾 (U+CC3E) in font [lmroman10-regular]:+tlig;!
Missing character: There is no 고 (U+ACE0) in font [lmroman10-regular]:+tlig;!
Missing character: There is no 열 (U+C5F4) in font [lmroman10-regular]:+tlig;!
Missing character: There is no 수 (U+C218) in font [lmroman10-regular]:+tlig;!
Missing character: There is no 있 (U+C788) in font [lmroman10-regular]:+tlig;!
Missing character: There is no 습 (U+C2B5) in font [lmroman10-regular]:+tlig;!
Missing character: There is no 니 (U+B2C8) in font [lmroman10-regular]:+tlig;!
Missing character: There is no 다 (U+B2E4) in font [lmroman10-regular]:+tlig;!
Missing character: There is no 혹 (U+D639) in font [lmmono10-regular]:!
Missing character: There is no 은 (U+C740) in font [lmmono10-regular]:!
Missing character: There is no 로 (U+B85C) in font [lmroman10-regular]:+tlig;!
Missing character: There is no 네 (U+B124) in font [lmroman10-regular]:+tlig;!
Missing character: There is no 트 (U+D2B8) in font [lmroman10-regular]:+tlig;!
Missing character: There is no 워 (U+C6CC) in font [lmroman10-regular]:+tlig;!
Missing character: There is no 크 (U+D06C) in font [lmroman10-regular]:+tlig;!
Missing character: There is no 를 (U+B97C) in font [lmroman10-regular]:+tlig;!
Missing character: There is no 저 (U+C800) in font [lmroman10-regular]:+tlig;!
Missing character: There is no 장 (U+C7A5) in font [lmroman10-regular]:+tlig;!
Missing character: There is no 할 (U+D560) in font [lmroman10-regular]:+tlig;!
Missing character: There is no 수 (U+C218) in font [lmroman10-regular]:+tlig;!
Missing character: There is no 있 (U+C788) in font [lmroman10-regular]:+tlig;!
Missing character: There is no 습 (U+C2B5) in font [lmroman10-regular]:+tlig;!
Missing character: There is no 니 (U+B2C8) in font [lmroman10-regular]:+tlig;!
Missing character: There is no 다 (U+B2E4) in font [lmroman10-regular]:+tlig;!
<image/page-14.png, id=183, 963.72044pt x 542.025pt>
File: image/page-14.png Graphic file (type png)
<use image/page-14.png>
Package luatex.def Info: image/page-14.png  used on input line 811.
(luatex.def)             Requested size: 963.7181pt x 542.02367pt.

Overfull \hbox (10.96246pt too wide) in paragraph at lines 811--812
[][] 
 []



[21
Missing character: There is no 간 (U+AC04) in font [lmroman10-regular]:+tlig;!
Missing character: There is no 단 (U+B2E8) in font [lmroman10-regular]:+tlig;!
Missing character: There is no 한 (U+D55C) in font [lmroman10-regular]:+tlig;!
Missing character: There is no 네 (U+B124) in font [lmroman10-regular]:+tlig;!
Missing character: There is no 트 (U+D2B8) in font [lmroman10-regular]:+tlig;!
Missing character: There is no 워 (U+C6CC) in font [lmroman10-regular]:+tlig;!
Missing character: There is no 크 (U+D06C) in font [lmroman10-regular]:+tlig;!
Missing character: There is no 만 (U+B9CC) in font [lmroman10-regular]:+tlig;!
Missing character: There is no 들 (U+B4E4) in font [lmroman10-regular]:+tlig;!
Missing character: There is no 기 (U+AE30) in font [lmroman10-regular]:+tlig;!
Missing character: There is no 와 (U+C640) in font [lmroman10-regular]:+tlig;!
Missing character: There is no 통 (U+D1B5) in font [lmroman10-regular]:+tlig;!
Missing character: There is no 행 (U+D589) in font [lmroman10-regular]:+tlig;!
Missing character: There is no 생 (U+C0DD) in font [lmroman10-regular]:+tlig;!
Missing character: There is no 성 (U+C131) in font [lmroman10-regular]:+tlig;!
Missing character: There is no 을 (U+C744) in font [lmroman10-regular]:+tlig;!
Missing character: There is no 통 (U+D1B5) in font [lmroman10-regular]:+tlig;!
Missing character: There is no 해 (U+D574) in font [lmroman10-regular]:+tlig;!
Missing character: There is no 서 (U+C11C) in font [lmroman10-regular]:+tlig;!
Missing character: There is no 시 (U+C2DC) in font [lmroman10-regular]:+tlig;!
Missing character: There is no 뮬 (U+BBAC) in font [lmroman10-regular]:+tlig;!
Missing character: There is no 레 (U+B808) in font [lmroman10-regular]:+tlig;!
Missing character: There is no 이 (U+C774) in font [lmroman10-regular]:+tlig;!
Missing character: There is no 션 (U+C158) in font [lmroman10-regular]:+tlig;!
Missing character: There is no 을 (U+C744) in font [lmroman10-regular]:+tlig;!
Missing character: There is no 해 (U+D574) in font [lmroman10-regular]:+tlig;!
Missing character: There is no 보 (U+BCF4) in font [lmroman10-regular]:+tlig;!
Missing character: There is no 는 (U+B294) in font [lmroman10-regular]:+tlig;!
Missing character: There is no 장 (U+C7A5) in font [lmroman10-regular]:+tlig;!
Missing character: There is no 입 (U+C785) in font [lmroman10-regular]:+tlig;!
Missing character: There is no 니 (U+B2C8) in font [lmroman10-regular]:+tlig;!
Missing character: There is no 다 (U+B2E4) in font [lmroman10-regular]:+tlig;!
Missing character: There is no 간 (U+AC04) in font [lmroman10-regular]:+tlig;!
Missing character: There is no 단 (U+B2E8) in font [lmroman10-regular]:+tlig;!
Missing character: There is no 한 (U+D55C) in font [lmroman10-regular]:+tlig;!
Missing character: There is no 실 (U+C2E4) in font [lmroman10-regular]:+tlig;!
Missing character: There is no 습 (U+C2B5) in font [lmroman10-regular]:+tlig;!
Missing character: There is no 을 (U+C744) in font [lmroman10-regular]:+tlig;!
Missing character: There is no 통 (U+D1B5) in font [lmroman10-regular]:+tlig;!
Missing character: There is no 해 (U+D574) in font [lmroman10-regular]:+tlig;!
Missing character: There is no 서 (U+C11C) in font [lmroman10-regular]:+tlig;!
Missing character: There is no 를 (U+B97C) in font [lmroman10-regular]:+tlig;!
Missing character: There is no 사 (U+C0AC) in font [lmroman10-regular]:+tlig;!
Missing character: There is no 용 (U+C6A9) in font [lmroman10-regular]:+tlig;!
Missing character: There is no 해 (U+D574) in font [lmroman10-regular]:+tlig;!
Missing character: There is no 보 (U+BCF4) in font [lmroman10-regular]:+tlig;!
Missing character: There is no 는 (U+B294) in font [lmroman10-regular]:+tlig;!
Missing character: There is no 것 (U+AC83) in font [lmroman10-regular]:+tlig;!
Missing character: There is no 이 (U+C774) in font [lmroman10-regular]:+tlig;!
Missing character: There is no 목 (U+BAA9) in font [lmroman10-regular]:+tlig;!
Missing character: There is no 적 (U+C801) in font [lmroman10-regular]:+tlig;!
Missing character: There is no 입 (U+C785) in font [lmroman10-regular]:+tlig;!
Missing character: There is no 니 (U+B2C8) in font [lmroman10-regular]:+tlig;!
Missing character: There is no 다 (U+B2E4) in font [lmroman10-regular]:+tlig;!
Missing character: There is no 이 (U+C774) in font [lmroman10-regular]:+tlig;!
Missing character: There is no 실 (U+C2E4) in font [lmroman10-regular]:+tlig;!
Missing character: There is no 습 (U+C2B5) in font [lmroman10-regular]:+tlig;!
Missing character: There is no 장 (U+C7A5) in font [lmroman10-regular]:+tlig;!
Missing character: There is no 이 (U+C774) in font [lmroman10-regular]:+tlig;!
Missing character: There is no 후 (U+D6C4) in font [lmroman10-regular]:+tlig;!
Missing character: There is no 에 (U+C5D0) in font [lmroman10-regular]:+tlig;!
Missing character: There is no 이 (U+C774) in font [lmroman10-regular]:+tlig;!
Missing character: There is no 론 (U+B860) in font [lmroman10-regular]:+tlig;!
Missing character: There is no 과 (U+ACFC) in font [lmroman10-regular]:+tlig;!
Missing character: There is no 동 (U+B3D9) in font [lmroman10-regular]:+tlig;!
Missing character: There is no 작 (U+C791) in font [lmroman10-regular]:+tlig;!
Missing character: There is no 순 (U+C21C) in font [lmroman10-regular]:+tlig;!
Missing character: There is no 서 (U+C11C) in font [lmroman10-regular]:+tlig;!
Missing character: There is no 를 (U+B97C) in font [lmroman10-regular]:+tlig;!
Missing character: There is no 설 (U+C124) in font [lmroman10-regular]:+tlig;!
Missing character: There is no 명 (U+BA85) in font [lmroman10-regular]:+tlig;!
Missing character: There is no 하 (U+D558) in font [lmroman10-regular]:+tlig;!
Missing character: There is no 겠 (U+ACA0) in font [lmroman10-regular]:+tlig;!
Missing character: There is no 습 (U+C2B5) in font [lmroman10-regular]:+tlig;!
Missing character: There is no 니 (U+B2C8) in font [lmroman10-regular]:+tlig;!
Missing character: There is no 다 (U+B2E4) in font [lmroman10-regular]:+tlig;!
Missing character: There is no 이 (U+C774) in font [lmroman10-regular]:+tlig;!
Missing character: There is no 런 (U+B7F0) in font [lmroman10-regular]:+tlig;!
Missing character: There is no 프 (U+D504) in font [lmroman10-regular]:+tlig;!
Missing character: There is no 로 (U+B85C) in font [lmroman10-regular]:+tlig;!
Missing character: There is no 그 (U+ADF8) in font [lmroman10-regular]:+tlig;!
Missing character: There is no 램 (U+B7A8) in font [lmroman10-regular]:+tlig;!
Missing character: There is no 은 (U+C740) in font [lmroman10-regular]:+tlig;!
Missing character: There is no 우 (U+C6B0) in font [lmroman10-regular]:+tlig;!
Missing character: There is no 선 (U+C120) in font [lmroman10-regular]:+tlig;!
Missing character: There is no 일 (U+C77C) in font [lmroman10-regular]:+tlig;!
Missing character: There is no 단 (U+B2E8) in font [lmroman10-regular]:+tlig;!
Missing character: There is no 한 (U+D55C) in font [lmroman10-regular]:+tlig;!
Missing character: There is no 번 (U+BC88) in font [lmroman10-regular]:+tlig;!
Missing character: There is no 돌 (U+B3CC) in font [lmroman10-regular]:+tlig;!
Missing character: There is no 려 (U+B824) in font [lmroman10-regular]:+tlig;!
Missing character: There is no 보 (U+BCF4) in font [lmroman10-regular]:+tlig;!
Missing character: There is no 면 (U+BA74) in font [lmroman10-regular]:+tlig;!
Missing character: There is no 사 (U+C0AC) in font [lmroman10-regular]:+tlig;!
Missing character: There is no 용 (U+C6A9) in font [lmroman10-regular]:+tlig;!
Missing character: There is no 순 (U+C21C) in font [lmroman10-regular]:+tlig;!
Missing character: There is no 서 (U+C11C) in font [lmroman10-regular]:+tlig;!
Missing character: There is no 나 (U+B098) in font [lmroman10-regular]:+tlig;!
Missing character: There is no 프 (U+D504) in font [lmroman10-regular]:+tlig;!
Missing character: There is no 로 (U+B85C) in font [lmroman10-regular]:+tlig;!
Missing character: There is no 그 (U+ADF8) in font [lmroman10-regular]:+tlig;!
Missing character: There is no 램 (U+B7A8) in font [lmroman10-regular]:+tlig;!
Missing character: There is no 이 (U+C774) in font [lmroman10-regular]:+tlig;!
Missing character: There is no 구 (U+AD6C) in font [lmroman10-regular]:+tlig;!
Missing character: There is no 현 (U+D604) in font [lmroman10-regular]:+tlig;!
Missing character: There is no 하 (U+D558) in font [lmroman10-regular]:+tlig;!
Missing character: There is no 고 (U+ACE0) in font [lmroman10-regular]:+tlig;!
Missing character: There is no 자 (U+C790) in font [lmroman10-regular]:+tlig;!
Missing character: There is no 하 (U+D558) in font [lmroman10-regular]:+tlig;!
Missing character: There is no 는 (U+B294) in font [lmroman10-regular]:+tlig;!
Missing character: There is no 개 (U+AC1C) in font [lmroman10-regular]:+tlig;!
Missing character: There is no 념 (U+B150) in font [lmroman10-regular]:+tlig;!
Missing character: There is no 을 (U+C744) in font [lmroman10-regular]:+tlig;!
Missing character: There is no 쉽 (U+C27D) in font [lmroman10-regular]:+tlig;!
Missing character: There is no 게 (U+AC8C) in font [lmroman10-regular]:+tlig;!
Missing character: There is no 이 (U+C774) in font [lmroman10-regular]:+tlig;!
Missing character: There is no 해 (U+D574) in font [lmroman10-regular]:+tlig;!
Missing character: There is no 할 (U+D560) in font [lmroman10-regular]:+tlig;!
Missing character: There is no 수 (U+C218) in font [lmroman10-regular]:+tlig;!
Missing character: There is no 있 (U+C788) in font [lmroman10-regular]:+tlig;!
Missing character: There is no 는 (U+B294) in font [lmroman10-regular]:+tlig;!
Missing character: There is no 것 (U+AC83) in font [lmroman10-regular]:+tlig;!
Missing character: There is no 같 (U+AC19) in font [lmroman10-regular]:+tlig;!
Missing character: There is no 습 (U+C2B5) in font [lmroman10-regular]:+tlig;!
Missing character: There is no 니 (U+B2C8) in font [lmroman10-regular]:+tlig;!
Missing character: There is no 다 (U+B2E4) in font [lmroman10-regular]:+tlig;!
Missing character: There is no 실 (U+C2E4) in font [lmroman10-regular]:+tlig;!
Missing character: There is no 습 (U+C2B5) in font [lmroman10-regular]:+tlig;!
Missing character: There is no 을 (U+C744) in font [lmroman10-regular]:+tlig;!
Missing character: There is no 하 (U+D558) in font [lmroman10-regular]:+tlig;!
Missing character: There is no 기 (U+AE30) in font [lmroman10-regular]:+tlig;!
Missing character: There is no 이 (U+C774) in font [lmroman10-regular]:+tlig;!
Missing character: There is no 전 (U+C804) in font [lmroman10-regular]:+tlig;!
Missing character: There is no 에 (U+C5D0) in font [lmroman10-regular]:+tlig;!
Missing character: There is no 프 (U+D504) in font [lmroman10-regular]:+tlig;!
Missing character: There is no 로 (U+B85C) in font [lmroman10-regular]:+tlig;!
Missing character: There is no 젝 (U+C81D) in font [lmroman10-regular]:+tlig;!
Missing character: There is no 트 (U+D2B8) in font [lmroman10-regular]:+tlig;!
Missing character: There is no 폴 (U+D3F4) in font [lmroman10-regular]:+tlig;!
Missing character: There is no 더 (U+B354) in font [lmroman10-regular]:+tlig;!
Missing character: There is no 만 (U+B9CC) in font [lmroman10-regular]:+tlig;!
Missing character: There is no 들 (U+B4E4) in font [lmroman10-regular]:+tlig;!
Missing character: There is no 기 (U+AE30) in font [lmroman10-regular]:+tlig;!
Missing character: There is no 프 (U+D504) in font [lmroman10-regular]:+tlig;!
Missing character: There is no 로 (U+B85C) in font [lmroman10-regular]:+tlig;!
Missing character: There is no 그 (U+ADF8) in font [lmroman10-regular]:+tlig;!
Missing character: There is no 램 (U+B7A8) in font [lmroman10-regular]:+tlig;!
Missing character: There is no 여 (U+C5EC) in font [lmroman10-regular]:+tlig;!
Missing character: There is no 는 (U+B294) in font [lmroman10-regular]:+tlig;!
Missing character: There is no 법 (U+BC95) in font [lmroman10-regular]:+tlig;!
Missing character: There is no 에 (U+C5D0) in font [lmroman10-regular]:+tlig;!
Missing character: There is no 서 (U+C11C) in font [lmroman10-regular]:+tlig;!
Missing character: There is no 네 (U+B124) in font [lmroman10-regular]:+tlig;!
Missing character: There is no 트 (U+D2B8) in font [lmroman10-regular]:+tlig;!
Missing character: There is no 워 (U+C6CC) in font [lmroman10-regular]:+tlig;!
Missing character: There is no 크 (U+D06C) in font [lmroman10-regular]:+tlig;!
Missing character: There is no 저 (U+C800) in font [lmroman10-regular]:+tlig;!
Missing character: There is no 장 (U+C7A5) in font [lmroman10-regular]:+tlig;!
Missing character: There is no 하 (U+D558) in font [lmroman10-regular]:+tlig;!
Missing character: There is no 는 (U+B294) in font [lmroman10-regular]:+tlig;!
Missing character: There is no 법 (U+BC95) in font [lmroman10-regular]:+tlig;!
Missing character: There is no 에 (U+C5D0) in font [lmroman10-regular]:+tlig;!
Missing character: There is no 서 (U+C11C) in font [lmroman10-regular]:+tlig;!
Missing character: There is no 프 (U+D504) in font [lmroman10-regular]:+tlig;!
Missing character: There is no 로 (U+B85C) in font [lmroman10-regular]:+tlig;!
Missing character: There is no 젝 (U+C81D) in font [lmroman10-regular]:+tlig;!
Missing character: There is no 트 (U+D2B8) in font [lmroman10-regular]:+tlig;!
Missing character: There is no 폴 (U+D3F4) in font [lmroman10-regular]:+tlig;!
Missing character: There is no 더 (U+B354) in font [lmroman10-regular]:+tlig;!
Missing character: There is no 여 (U+C5EC) in font [lmroman10-regular]:+tlig;!
Missing character: There is no 는 (U+B294) in font [lmroman10-regular]:+tlig;!
Missing character: There is no 법 (U+BC95) in font [lmroman10-regular]:+tlig;!
Missing character: There is no 에 (U+C5D0) in font [lmroman10-regular]:+tlig;!
Missing character: There is no 서 (U+C11C) in font [lmroman10-regular]:+tlig;!
Missing character: There is no 여 (U+C5EC) in font [lmroman10-regular]:+tlig;!
Missing character: There is no 는 (U+B294) in font [lmroman10-regular]:+tlig;!
Missing character: There is no 법 (U+BC95) in font [lmroman10-regular]:+tlig;!
Missing character: There is no 을 (U+C744) in font [lmroman10-regular]:+tlig;!
Missing character: There is no 먼 (U+BA3C) in font [lmroman10-regular]:+tlig;!
Missing character: There is no 저 (U+C800) in font [lmroman10-regular]:+tlig;!
Missing character: There is no 설 (U+C124) in font [lmroman10-regular]:+tlig;!
Missing character: There is no 명 (U+BA85) in font [lmroman10-regular]:+tlig;!
Missing character: There is no 드 (U+B4DC) in font [lmroman10-regular]:+tlig;!
Missing character: There is no 리 (U+B9AC) in font [lmroman10-regular]:+tlig;!
Missing character: There is no 겠 (U+ACA0) in font [lmroman10-regular]:+tlig;!
Missing character: There is no 습 (U+C2B5) in font [lmroman10-regular]:+tlig;!
Missing character: There is no 니 (U+B2C8) in font [lmroman10-regular]:+tlig;!
Missing character: There is no 다 (U+B2E4) in font [lmroman10-regular]:+tlig;!
Missing character: There is no 프 (U+D504) in font [lmsans10-bold]:+tlig;!
Missing character: There is no 로 (U+B85C) in font [lmsans10-bold]:+tlig;!
Missing character: There is no 젝 (U+C81D) in font [lmsans10-bold]:+tlig;!
Missing character: There is no 트 (U+D2B8) in font [lmsans10-bold]:+tlig;!
Missing character: There is no 폴 (U+D3F4) in font [lmsans10-bold]:+tlig;!
Missing character: There is no 더 (U+B354) in font [lmsans10-bold]:+tlig;!
Missing character: There is no 생 (U+C0DD) in font [lmsans10-bold]:+tlig;!
Missing character: There is no 성 (U+C131) in font [lmsans10-bold]:+tlig;!
Missing character: There is no 시 (U+C2DC) in font [lmroman10-regular]:+tlig;!
Missing character: There is no 뮬 (U+BBAC) in font [lmroman10-regular]:+tlig;!
Missing character: There is no 레 (U+B808) in font [lmroman10-regular]:+tlig;!
Missing character: There is no 이 (U+C774) in font [lmroman10-regular]:+tlig;!
Missing character: There is no 션 (U+C158) in font [lmroman10-regular]:+tlig;!
Missing character: There is no 을 (U+C744) in font [lmroman10-regular]:+tlig;!
Missing character: There is no 위 (U+C704) in font [lmroman10-regular]:+tlig;!
Missing character: There is no 해 (U+D574) in font [lmroman10-regular]:+tlig;!
Missing character: There is no 서 (U+C11C) in font [lmroman10-regular]:+tlig;!
Missing character: There is no 는 (U+B294) in font [lmroman10-regular]:+tlig;!
Missing character: There is no 많 (U+B9CE) in font [lmroman10-regular]:+tlig;!
Missing character: There is no 은 (U+C740) in font [lmroman10-regular]:+tlig;!
Missing character: There is no 입 (U+C785) in font [lmroman10-regular]:+tlig;!
Missing character: There is no 력 (U+B825) in font [lmroman10-regular]:+tlig;!
Missing character: There is no 파 (U+D30C) in font [lmroman10-regular]:+tlig;!
Missing character: There is no 일 (U+C77C) in font [lmroman10-regular]:+tlig;!
Missing character: There is no 이 (U+C774) in font [lmroman10-regular]:+tlig;!
Missing character: There is no 필 (U+D544) in font [lmroman10-regular]:+tlig;!
Missing character: There is no 요 (U+C694) in font [lmroman10-regular]:+tlig;!
Missing character: There is no 합 (U+D569) in font [lmroman10-regular]:+tlig;!
Missing character: There is no 니 (U+B2C8) in font [lmroman10-regular]:+tlig;!
Missing character: There is no 다 (U+B2E4) in font [lmroman10-regular]:+tlig;!
Missing character: There is no 한 (U+D55C) in font [lmroman10-regular]:+tlig;!
Missing character: There is no 개 (U+AC1C) in font [lmroman10-regular]:+tlig;!
Missing character: There is no 의 (U+C758) in font [lmroman10-regular]:+tlig;!
Missing character: There is no 폴 (U+D3F4) in font [lmroman10-regular]:+tlig;!
Missing character: There is no 더 (U+B354) in font [lmroman10-regular]:+tlig;!
Missing character: There is no 에 (U+C5D0) in font [lmroman10-regular]:+tlig;!
Missing character: There is no 서 (U+C11C) in font [lmroman10-regular]:+tlig;!
Missing character: There is no 시 (U+C2DC) in font [lmroman10-regular]:+tlig;!
Missing character: There is no 뮬 (U+BBAC) in font [lmroman10-regular]:+tlig;!
Missing character: There is no 레 (U+B808) in font [lmroman10-regular]:+tlig;!
Missing character: There is no 이 (U+C774) in font [lmroman10-regular]:+tlig;!
Missing character: There is no 션 (U+C158) in font [lmroman10-regular]:+tlig;!
Missing character: There is no 입 (U+C785) in font [lmroman10-regular]:+tlig;!
Missing character: There is no 력 (U+B825) in font [lmroman10-regular]:+tlig;!
Missing character: There is no 파 (U+D30C) in font [lmroman10-regular]:+tlig;!
Missing character: There is no 일 (U+C77C) in font [lmroman10-regular]:+tlig;!
Missing character: There is no 을 (U+C744) in font [lmroman10-regular]:+tlig;!
Missing character: There is no 관 (U+AD00) in font [lmroman10-regular]:+tlig;!
Missing character: There is no 리 (U+B9AC) in font [lmroman10-regular]:+tlig;!
Missing character: There is no 하 (U+D558) in font [lmroman10-regular]:+tlig;!
Missing character: There is no 는 (U+B294) in font [lmroman10-regular]:+tlig;!
Missing character: There is no 것 (U+AC83) in font [lmroman10-regular]:+tlig;!
Missing character: There is no 이 (U+C774) in font [lmroman10-regular]:+tlig;!
Missing character: There is no 오 (U+C624) in font [lmroman10-regular]:+tlig;!
Missing character: There is no 류 (U+B958) in font [lmroman10-regular]:+tlig;!
Missing character: There is no 를 (U+B97C) in font [lmroman10-regular]:+tlig;!
Missing character: There is no 찾 (U+CC3E) in font [lmroman10-regular]:+tlig;!
Missing character: There is no 고 (U+ACE0) in font [lmroman10-regular]:+tlig;!
Missing character: There is no 고 (U+ACE0) in font [lmroman10-regular]:+tlig;!
Missing character: There is no 치 (U+CE58) in font [lmroman10-regular]:+tlig;!
Missing character: There is no 기 (U+AE30) in font [lmroman10-regular]:+tlig;!
Missing character: There is no 에 (U+C5D0) in font [lmroman10-regular]:+tlig;!
Missing character: There is no 더 (U+B354) in font [lmroman10-regular]:+tlig;!
Missing character: There is no 쉽 (U+C27D) in font [lmroman10-regular]:+tlig;!
Missing character: There is no 습 (U+C2B5) in font [lmroman10-regular]:+tlig;!
Missing character: There is no 니 (U+B2C8) in font [lmroman10-regular]:+tlig;!
Missing character: There is no 다 (U+B2E4) in font [lmroman10-regular]:+tlig;!
Missing character: There is no 그 (U+ADF8) in font [lmroman10-regular]:+tlig;!
Missing character: There is no 래 (U+B798) in font [lmroman10-regular]:+tlig;!
Missing character: There is no 서 (U+C11C) in font [lmroman10-regular]:+tlig;!
Missing character: There is no 하 (U+D558) in font [lmroman10-regular]:+tlig;!
Missing character: There is no 나 (U+B098) in font [lmroman10-regular]:+tlig;!
Missing character: There is no 의 (U+C758) in font [lmroman10-regular]:+tlig;!
Missing character: There is no 시 (U+C2DC) in font [lmroman10-regular]:+tlig;!
Missing character: There is no 뮬 (U+BBAC) in font [lmroman10-regular]:+tlig;!
Missing character: There is no 레 (U+B808) in font [lmroman10-regular]:+tlig;!
Missing character: There is no 이 (U+C774) in font [lmroman10-regular]:+tlig;!
Missing character: There is no 션 (U+C158) in font [lmroman10-regular]:+tlig;!
Missing character: There is no 에 (U+C5D0) in font [lmroman10-regular]:+tlig;!
Missing character: There is no 하 (U+D558) in font [lmroman10-regular]:+tlig;!
Missing character: There is no 나 (U+B098) in font [lmroman10-regular]:+tlig;!
Missing character: There is no 의 (U+C758) in font [lmroman10-regular]:+tlig;!
Missing character: There is no 폴 (U+D3F4) in font [lmroman10-regular]:+tlig;!
Missing character: There is no 더 (U+B354) in font [lmroman10-regular]:+tlig;!
Missing character: There is no 를 (U+B97C) in font [lmroman10-regular]:+tlig;!
Missing character: There is no 만 (U+B9CC) in font [lmroman10-regular]:+tlig;!
Missing character: There is no 드 (U+B4DC) in font [lmroman10-regular]:+tlig;!
Missing character: There is no 는 (U+B294) in font [lmroman10-regular]:+tlig;!
Missing character: There is no 것 (U+AC83) in font [lmroman10-regular]:+tlig;!
Missing character: There is no 이 (U+C774) in font [lmroman10-regular]:+tlig;!
Missing character: There is no 좋 (U+C88B) in font [lmroman10-regular]:+tlig;!
Missing character: There is no 습 (U+C2B5) in font [lmroman10-regular]:+tlig;!
Missing character: There is no 니 (U+B2C8) in font [lmroman10-regular]:+tlig;!
Missing character: There is no 다 (U+B2E4) in font [lmroman10-regular]:+tlig;!
Missing character: There is no 폴 (U+D3F4) in font [lmroman10-regular]:+tlig;!
Missing character: There is no 더 (U+B354) in font [lmroman10-regular]:+tlig;!
Missing character: There is no 경 (U+ACBD) in font [lmroman10-regular]:+tlig;!
Missing character: There is no 로 (U+B85C) in font [lmroman10-regular]:+tlig;!
Missing character: There is no 명 (U+BA85) in font [lmroman10-regular]:+tlig;!
Missing character: There is no 에 (U+C5D0) in font [lmroman10-regular]:+tlig;!
Missing character: There is no 한 (U+D55C) in font [lmroman10-regular]:+tlig;!
Missing character: There is no 글 (U+AE00) in font [lmroman10-regular]:+tlig;!
Missing character: There is no 이 (U+C774) in font [lmroman10-regular]:+tlig;!
Missing character: There is no 있 (U+C788) in font [lmroman10-regular]:+tlig;!
Missing character: There is no 으 (U+C73C) in font [lmroman10-regular]:+tlig;!
Missing character: There is no 면 (U+BA74) in font [lmroman10-regular]:+tlig;!
Missing character: There is no 오 (U+C624) in font [lmroman10-regular]:+tlig;!
Missing character: There is no 류 (U+B958) in font [lmroman10-regular]:+tlig;!
Missing character: There is no 가 (U+AC00) in font [lmroman10-regular]:+tlig;!
Missing character: There is no 생 (U+C0DD) in font [lmroman10-regular]:+tlig;!
Missing character: There is no 길 (U+AE38) in font [lmroman10-regular]:+tlig;!
Missing character: There is no 수 (U+C218) in font [lmroman10-regular]:+tlig;!
Missing character: There is no 있 (U+C788) in font [lmroman10-regular]:+tlig;!
Missing character: There is no 습 (U+C2B5) in font [lmroman10-regular]:+tlig;!
Missing character: There is no 니 (U+B2C8) in font [lmroman10-regular]:+tlig;!
Missing character: There is no 다 (U+B2E4) in font [lmroman10-regular]:+tlig;!
Missing character: There is no 영 (U+C601) in font [lmroman10-regular]:+tlig;!
Missing character: There is no 문 (U+BB38) in font [lmroman10-regular]:+tlig;!
Missing character: There is no 으 (U+C73C) in font [lmroman10-regular]:+tlig;!
Missing character: There is no 로 (U+B85C) in font [lmroman10-regular]:+tlig;!
Missing character: There is no 된 (U+B41C) in font [lmroman10-regular]:+tlig;!
Missing character: There is no 경 (U+ACBD) in font [lmroman10-regular]:+tlig;!
Missing character: There is no 로 (U+B85C) in font [lmroman10-regular]:+tlig;!
Missing character: There is no 에 (U+C5D0) in font [lmroman10-regular]:+tlig;!
Missing character: There is no 시 (U+C2DC) in font [lmroman10-regular]:+tlig;!
Missing character: There is no 뮬 (U+BBAC) in font [lmroman10-regular]:+tlig;!
Missing character: There is no 레 (U+B808) in font [lmroman10-regular]:+tlig;!
Missing character: There is no 이 (U+C774) in font [lmroman10-regular]:+tlig;!
Missing character: There is no 션 (U+C158) in font [lmroman10-regular]:+tlig;!
Missing character: There is no 프 (U+D504) in font [lmroman10-regular]:+tlig;!
Missing character: There is no 로 (U+B85C) in font [lmroman10-regular]:+tlig;!
Missing character: There is no 젝 (U+C81D) in font [lmroman10-regular]:+tlig;!
Missing character: There is no 트 (U+D2B8) in font [lmroman10-regular]:+tlig;!
Missing character: There is no 를 (U+B97C) in font [lmroman10-regular]:+tlig;!
Missing character: There is no 생 (U+C0DD) in font [lmroman10-regular]:+tlig;!
Missing character: There is no 성 (U+C131) in font [lmroman10-regular]:+tlig;!
Missing character: There is no 하 (U+D558) in font [lmroman10-regular]:+tlig;!
Missing character: There is no 는 (U+B294) in font [lmroman10-regular]:+tlig;!
Missing character: There is no 것 (U+AC83) in font [lmroman10-regular]:+tlig;!
Missing character: There is no 이 (U+C774) in font [lmroman10-regular]:+tlig;!
Missing character: There is no 좋 (U+C88B) in font [lmroman10-regular]:+tlig;!
Missing character: There is no 습 (U+C2B5) in font [lmroman10-regular]:+tlig;!
Missing character: There is no 니 (U+B2C8) in font [lmroman10-regular]:+tlig;!
Missing character: There is no 다 (U+B2E4) in font [lmroman10-regular]:+tlig;!
Missing character: There is no 과 (U+ACFC) in font [lmroman10-regular]:+tlig;!
Missing character: There is no 같 (U+AC19) in font [lmroman10-regular]:+tlig;!
Missing character: There is no 은 (U+C740) in font [lmroman10-regular]:+tlig;!
Missing character: There is no 경 (U+ACBD) in font [lmroman10-regular]:+tlig;!
Missing character: There is no 로 (U+B85C) in font [lmroman10-regular]:+tlig;!
Missing character: There is no 를 (U+B97C) in font [lmroman10-regular]:+tlig;!
Missing character: There is no 권 (U+AD8C) in font [lmroman10-regular]:+tlig;!
Missing character: There is no 장 (U+C7A5) in font [lmroman10-regular]:+tlig;!
Missing character: There is no 합 (U+D569) in font [lmroman10-regular]:+tlig;!
Missing character: There is no 니 (U+B2C8) in font [lmroman10-regular]:+tlig;!
Missing character: There is no 다 (U+B2E4) in font [lmroman10-regular]:+tlig;!
Missing character: There is no 은 (U+C740) in font [lmroman10-regular]:+tlig;!
Missing character: There is no 네 (U+B124) in font [lmroman10-regular]:+tlig;!
Missing character: There is no 트 (U+D2B8) in font [lmroman10-regular]:+tlig;!
Missing character: There is no 워 (U+C6CC) in font [lmroman10-regular]:+tlig;!
Missing character: There is no 크 (U+D06C) in font [lmroman10-regular]:+tlig;!
Missing character: There is no 를 (U+B97C) in font [lmroman10-regular]:+tlig;!
Missing character: There is no 생 (U+C0DD) in font [lmroman10-regular]:+tlig;!
Missing character: There is no 성 (U+C131) in font [lmroman10-regular]:+tlig;!
Missing character: There is no 편 (U+D3B8) in font [lmroman10-regular]:+tlig;!
Missing character: There is no 집 (U+C9D1) in font [lmroman10-regular]:+tlig;!
Missing character: There is no 할 (U+D560) in font [lmroman10-regular]:+tlig;!
Missing character: There is no 수 (U+C218) in font [lmroman10-regular]:+tlig;!
Missing character: There is no 있 (U+C788) in font [lmroman10-regular]:+tlig;!
Missing character: There is no 는 (U+B294) in font [lmroman10-regular]:+tlig;!
Missing character: There is no 프 (U+D504) in font [lmroman10-regular]:+tlig;!
Missing character: There is no 로 (U+B85C) in font [lmroman10-regular]:+tlig;!
Missing character: There is no 그 (U+ADF8) in font [lmroman10-regular]:+tlig;!
Missing character: There is no 램 (U+B7A8) in font [lmroman10-regular]:+tlig;!
Missing character: There is no 입 (U+C785) in font [lmroman10-regular]:+tlig;!
Missing character: There is no 니 (U+B2C8) in font [lmroman10-regular]:+tlig;!
Missing character: There is no 다 (U+B2E4) in font [lmroman10-regular]:+tlig;!
Missing character: There is no 를 (U+B97C) in font [lmroman10-regular]:+tlig;!
Missing character: There is no 설 (U+C124) in font [lmroman10-regular]:+tlig;!
Missing character: There is no 치 (U+CE58) in font [lmroman10-regular]:+tlig;!
Missing character: There is no 한 (U+D55C) in font [lmroman10-regular]:+tlig;!
Missing character: There is no 후 (U+D6C4) in font [lmroman10-regular]:+tlig;!
Missing character: There is no 윈 (U+C708) in font [lmroman10-regular]:+tlig;!
Missing character: There is no 도 (U+B3C4) in font [lmroman10-regular]:+tlig;!
Missing character: There is no 우 (U+C6B0) in font [lmroman10-regular]:+tlig;!
Missing character: There is no 프 (U+D504) in font [lmroman10-regular]:+tlig;!
Missing character: There is no 로 (U+B85C) in font [lmroman10-regular]:+tlig;!
Missing character: There is no 그 (U+ADF8) in font [lmroman10-regular]:+tlig;!
Missing character: There is no 램 (U+B7A8) in font [lmroman10-regular]:+tlig;!
Missing character: There is no 창 (U+CC3D) in font [lmroman10-regular]:+tlig;!
Missing character: There is no 에 (U+C5D0) in font [lmroman10-regular]:+tlig;!
Missing character: There is no 을 (U+C744) in font [lmroman10-regular]:+tlig;!
Missing character: There is no 검 (U+AC80) in font [lmroman10-regular]:+tlig;!
Missing character: There is no 색 (U+C0C9) in font [lmroman10-regular]:+tlig;!
Missing character: There is no 하 (U+D558) in font [lmroman10-regular]:+tlig;!
Missing character: There is no 여 (U+C5EC) in font [lmroman10-regular]:+tlig;!
Missing character: There is no 프 (U+D504) in font [lmroman10-regular]:+tlig;!
Missing character: There is no 로 (U+B85C) in font [lmroman10-regular]:+tlig;!
Missing character: There is no 그 (U+ADF8) in font [lmroman10-regular]:+tlig;!
Missing character: There is no 램 (U+B7A8) in font [lmroman10-regular]:+tlig;!
Missing character: There is no 을 (U+C744) in font [lmroman10-regular]:+tlig;!
Missing character: There is no 찾 (U+CC3E) in font [lmroman10-regular]:+tlig;!
Missing character: There is no 고 (U+ACE0) in font [lmroman10-regular]:+tlig;!
Missing character: There is no 열 (U+C5F4) in font [lmroman10-regular]:+tlig;!
Missing character: There is no 수 (U+C218) in font [lmroman10-regular]:+tlig;!
Missing character: There is no 있 (U+C788) in font [lmroman10-regular]:+tlig;!
Missing character: There is no 습 (U+C2B5) in font [lmroman10-regular]:+tlig;!
Missing character: There is no 니 (U+B2C8) in font [lmroman10-regular]:+tlig;!
Missing character: There is no 다 (U+B2E4) in font [lmroman10-regular]:+tlig;!
Missing character: There is no 혹 (U+D639) in font [lmmono10-regular]:!
Missing character: There is no 은 (U+C740) in font [lmmono10-regular]:!
Missing character: There is no 로 (U+B85C) in font [lmroman10-regular]:+tlig;!
Missing character: There is no 네 (U+B124) in font [lmroman10-regular]:+tlig;!
Missing character: There is no 트 (U+D2B8) in font [lmroman10-regular]:+tlig;!
Missing character: There is no 워 (U+C6CC) in font [lmroman10-regular]:+tlig;!
Missing character: There is no 크 (U+D06C) in font [lmroman10-regular]:+tlig;!
Missing character: There is no 를 (U+B97C) in font [lmroman10-regular]:+tlig;!
Missing character: There is no 저 (U+C800) in font [lmroman10-regular]:+tlig;!
Missing character: There is no 장 (U+C7A5) in font [lmroman10-regular]:+tlig;!
Missing character: There is no 할 (U+D560) in font [lmroman10-regular]:+tlig;!
Missing character: There is no 수 (U+C218) in font [lmroman10-regular]:+tlig;!
Missing character: There is no 있 (U+C788) in font [lmroman10-regular]:+tlig;!
Missing character: There is no 습 (U+C2B5) in font [lmroman10-regular]:+tlig;!
Missing character: There is no 니 (U+B2C8) in font [lmroman10-regular]:+tlig;!
Missing character: There is no 다 (U+B2E4) in font [lmroman10-regular]:+tlig;!
<./image/basic_1.jpeg>]
Missing character: There is no 기 (U+AE30) in font [lmsans10-bold]:+tlig;!
Missing character: There is no 초 (U+CD08) in font [lmsans10-bold]:+tlig;!
Missing character: There is no 도 (U+B3C4) in font [lmsans10-bold]:+tlig;!
Missing character: There is no 구 (U+AD6C) in font [lmsans10-bold]:+tlig;!
Missing character: There is no 기 (U+AE30) in font [lmsans10-bold]:+tlig;!
Missing character: There is no 초 (U+CD08) in font [lmsans10-bold]:+tlig;!
Missing character: There is no 도 (U+B3C4) in font [lmsans10-bold]:+tlig;!
Missing character: There is no 구 (U+AD6C) in font [lmsans10-bold]:+tlig;!
Missing character: There is no 를 (U+B97C) in font [lmroman10-regular]:+tlig;!
Missing character: There is no 작 (U+C791) in font [lmroman10-regular]:+tlig;!
Missing character: There is no 성 (U+C131) in font [lmroman10-regular]:+tlig;!
Missing character: There is no 하 (U+D558) in font [lmroman10-regular]:+tlig;!
Missing character: There is no 는 (U+B294) in font [lmroman10-regular]:+tlig;!
Missing character: There is no 가 (U+AC00) in font [lmroman10-regular]:+tlig;!
Missing character: There is no 장 (U+C7A5) in font [lmroman10-regular]:+tlig;!
Missing character: There is no 기 (U+AE30) in font [lmroman10-regular]:+tlig;!
Missing character: There is no 초 (U+CD08) in font [lmroman10-regular]:+tlig;!
Missing character: There is no 적 (U+C801) in font [lmroman10-regular]:+tlig;!
Missing character: There is no 인 (U+C778) in font [lmroman10-regular]:+tlig;!
Missing character: There is no 도 (U+B3C4) in font [lmroman10-regular]:+tlig;!
Missing character: There is no 구 (U+AD6C) in font [lmroman10-regular]:+tlig;!
Missing character: There is no 입 (U+C785) in font [lmroman10-regular]:+tlig;!
Missing character: There is no 니 (U+B2C8) in font [lmroman10-regular]:+tlig;!
Missing character: There is no 다 (U+B2E4) in font [lmroman10-regular]:+tlig;!
Missing character: There is no 그 (U+ADF8) in font [lmroman10-regular]:+tlig;!
Missing character: There is no 외 (U+C678) in font [lmroman10-regular]:+tlig;!
Missing character: There is no 도 (U+B3C4) in font [lmroman10-regular]:+tlig;!
Missing character: There is no 구 (U+AD6C) in font [lmroman10-regular]:+tlig;!
Missing character: There is no 설 (U+C124) in font [lmroman10-regular]:+tlig;!
Missing character: There is no 명 (U+BA85) in font [lmroman10-regular]:+tlig;!
Missing character: There is no 은 (U+C740) in font [lmroman10-regular]:+tlig;!
Missing character: There is no 참 (U+CC38) in font [lmroman10-regular]:+tlig;!
Missing character: There is no 고 (U+ACE0) in font [lmroman10-regular]:+tlig;!
Missing character: There is no 바 (U+BC14) in font [lmroman10-regular]:+tlig;!
Missing character: There is no 랍 (U+B78D) in font [lmroman10-regular]:+tlig;!
Missing character: There is no 니 (U+B2C8) in font [lmroman10-regular]:+tlig;!
Missing character: There is no 다 (U+B2E4) in font [lmroman10-regular]:+tlig;!
Missing character: There is no 를 (U+B97C) in font [lmroman10-regular]:+tlig;!
Missing character: There is no 작 (U+C791) in font [lmroman10-regular]:+tlig;!
Missing character: There is no 성 (U+C131) in font [lmroman10-regular]:+tlig;!
Missing character: There is no 하 (U+D558) in font [lmroman10-regular]:+tlig;!
Missing character: There is no 는 (U+B294) in font [lmroman10-regular]:+tlig;!
Missing character: There is no 가 (U+AC00) in font [lmroman10-regular]:+tlig;!
Missing character: There is no 장 (U+C7A5) in font [lmroman10-regular]:+tlig;!
Missing character: There is no 기 (U+AE30) in font [lmroman10-regular]:+tlig;!
Missing character: There is no 초 (U+CD08) in font [lmroman10-regular]:+tlig;!
Missing character: There is no 적 (U+C801) in font [lmroman10-regular]:+tlig;!
Missing character: There is no 인 (U+C778) in font [lmroman10-regular]:+tlig;!
Missing character: There is no 도 (U+B3C4) in font [lmroman10-regular]:+tlig;!
Missing character: There is no 구 (U+AD6C) in font [lmroman10-regular]:+tlig;!
Missing character: There is no 입 (U+C785) in font [lmroman10-regular]:+tlig;!
Missing character: There is no 니 (U+B2C8) in font [lmroman10-regular]:+tlig;!
Missing character: There is no 다 (U+B2E4) in font [lmroman10-regular]:+tlig;!
Missing character: There is no 그 (U+ADF8) in font [lmroman10-regular]:+tlig;!
Missing character: There is no 외 (U+C678) in font [lmroman10-regular]:+tlig;!
Missing character: There is no 도 (U+B3C4) in font [lmroman10-regular]:+tlig;!
Missing character: There is no 구 (U+AD6C) in font [lmroman10-regular]:+tlig;!
Missing character: There is no 설 (U+C124) in font [lmroman10-regular]:+tlig;!
Missing character: There is no 명 (U+BA85) in font [lmroman10-regular]:+tlig;!
Missing character: There is no 은 (U+C740) in font [lmroman10-regular]:+tlig;!
Missing character: There is no 참 (U+CC38) in font [lmroman10-regular]:+tlig;!
Missing character: There is no 고 (U+ACE0) in font [lmroman10-regular]:+tlig;!
Missing character: There is no 바 (U+BC14) in font [lmroman10-regular]:+tlig;!
Missing character: There is no 랍 (U+B78D) in font [lmroman10-regular]:+tlig;!
Missing character: There is no 니 (U+B2C8) in font [lmroman10-regular]:+tlig;!
Missing character: There is no 다 (U+B2E4) in font [lmroman10-regular]:+tlig;!
Missing character: There is no 오 (U+C624) in font [lmroman10-regular]:+tlig;!
Missing character: There is no 브 (U+BE0C) in font [lmroman10-regular]:+tlig;!
Missing character: There is no 오 (U+C624) in font [lmroman10-regular]:+tlig;!
Missing character: There is no 브 (U+BE0C) in font [lmroman10-regular]:+tlig;!
Missing character: There is no 오 (U+C624) in font [lmroman10-regular]:+tlig;!
Missing character: There is no 브 (U+BE0C) in font [lmroman10-regular]:+tlig;!
Missing character: There is no 오 (U+C624) in font [lmroman10-regular]:+tlig;!
Missing character: There is no 브 (U+BE0C) in font [lmroman10-regular]:+tlig;!
Missing character: There is no 오 (U+C624) in font [lmroman10-regular]:+tlig;!
Missing character: There is no 브 (U+BE0C) in font [lmroman10-regular]:+tlig;!
Missing character: There is no 오 (U+C624) in font [lmroman10-regular]:+tlig;!
Missing character: There is no 브 (U+BE0C) in font [lmroman10-regular]:+tlig;!
Missing character: There is no 오 (U+C624) in font [lmroman10-regular]:+tlig;!
Missing character: There is no 브 (U+BE0C) in font [lmroman10-regular]:+tlig;!
Missing character: There is no 오 (U+C624) in font [lmroman10-regular]:+tlig;!
Missing character: There is no 브 (U+BE0C) in font [lmroman10-regular]:+tlig;!
Missing character: There is no 젝 (U+C81D) in font [lmroman10-regular]:+tlig;!
Missing character: There is no 트 (U+D2B8) in font [lmroman10-regular]:+tlig;!
Missing character: There is no 정 (U+C815) in font [lmroman10-regular]:+tlig;!
Missing character: There is no 보 (U+BCF4) in font [lmroman10-regular]:+tlig;!
Missing character: There is no 보 (U+BCF4) in font [lmroman10-regular]:+tlig;!
Missing character: There is no 기 (U+AE30) in font [lmroman10-regular]:+tlig;!
Missing character: There is no 수 (U+C218) in font [lmroman10-regular]:+tlig;!
Missing character: There is no 정 (U+C815) in font [lmroman10-regular]:+tlig;!
Missing character: There is no 오 (U+C624) in font [lmroman10-regular]:+tlig;!
Missing character: There is no 브 (U+BE0C) in font [lmroman10-regular]:+tlig;!
Missing character: There is no 젝 (U+C81D) in font [lmroman10-regular]:+tlig;!
Missing character: There is no 트 (U+D2B8) in font [lmroman10-regular]:+tlig;!
Missing character: There is no 정 (U+C815) in font [lmroman10-regular]:+tlig;!
Missing character: There is no 보 (U+BCF4) in font [lmroman10-regular]:+tlig;!
Missing character: There is no 보 (U+BCF4) in font [lmroman10-regular]:+tlig;!
Missing character: There is no 기 (U+AE30) in font [lmroman10-regular]:+tlig;!
Missing character: There is no 수 (U+C218) in font [lmroman10-regular]:+tlig;!
Missing character: There is no 정 (U+C815) in font [lmroman10-regular]:+tlig;!
Missing character: There is no 수 (U+C218) in font [lmroman10-regular]:+tlig;!
Missing character: There is no 정 (U+C815) in font [lmroman10-regular]:+tlig;!
Missing character: There is no 수 (U+C218) in font [lmroman10-regular]:+tlig;!
Missing character: There is no 정 (U+C815) in font [lmroman10-regular]:+tlig;!
Missing character: There is no 연 (U+C5F0) in font [lmroman10-regular]:+tlig;!
Missing character: There is no 결 (U+ACB0) in font [lmroman10-regular]:+tlig;!
Missing character: There is no 정 (U+C815) in font [lmroman10-regular]:+tlig;!
Missing character: There is no 보 (U+BCF4) in font [lmroman10-regular]:+tlig;!
Missing character: There is no 수 (U+C218) in font [lmroman10-regular]:+tlig;!
Missing character: There is no 정 (U+C815) in font [lmroman10-regular]:+tlig;!
Missing character: There is no 연 (U+C5F0) in font [lmroman10-regular]:+tlig;!
Missing character: There is no 결 (U+ACB0) in font [lmroman10-regular]:+tlig;!
Missing character: There is no 정 (U+C815) in font [lmroman10-regular]:+tlig;!
Missing character: There is no 보 (U+BCF4) in font [lmroman10-regular]:+tlig;!
Missing character: There is no 수 (U+C218) in font [lmroman10-regular]:+tlig;!
Missing character: There is no 정 (U+C815) in font [lmroman10-regular]:+tlig;!
Missing character: There is no 개 (U+AC1C) in font [lmroman10-regular]:+tlig;!
Missing character: There is no 체 (U+CCB4) in font [lmroman10-regular]:+tlig;!
Missing character: There is no 개 (U+AC1C) in font [lmroman10-regular]:+tlig;!
Missing character: There is no 체 (U+CCB4) in font [lmroman10-regular]:+tlig;!
Missing character: There is no 개 (U+AC1C) in font [lmroman10-regular]:+tlig;!
Missing character: There is no 체 (U+CCB4) in font [lmroman10-regular]:+tlig;!
Missing character: There is no 개 (U+AC1C) in font [lmroman10-regular]:+tlig;!
Missing character: There is no 체 (U+CCB4) in font [lmroman10-regular]:+tlig;!
Missing character: There is no 개 (U+AC1C) in font [lmroman10-regular]:+tlig;!
Missing character: There is no 체 (U+CCB4) in font [lmroman10-regular]:+tlig;!
Missing character: There is no 개 (U+AC1C) in font [lmroman10-regular]:+tlig;!
Missing character: There is no 체 (U+CCB4) in font [lmroman10-regular]:+tlig;!
Missing character: There is no 개 (U+AC1C) in font [lmroman10-regular]:+tlig;!
Missing character: There is no 체 (U+CCB4) in font [lmroman10-regular]:+tlig;!
Missing character: There is no 개 (U+AC1C) in font [lmroman10-regular]:+tlig;!
Missing character: There is no 체 (U+CCB4) in font [lmroman10-regular]:+tlig;!
Missing character: There is no 속 (U+C18D) in font [lmroman10-regular]:+tlig;!
Missing character: There is no 성 (U+C131) in font [lmroman10-regular]:+tlig;!
Missing character: There is no 값 (U+AC12) in font [lmroman10-regular]:+tlig;!
Missing character: There is no 최 (U+CD5C) in font [lmroman10-regular]:+tlig;!
Missing character: There is no 고 (U+ACE0) in font [lmroman10-regular]:+tlig;!
Missing character: There is no 속 (U+C18D) in font [lmroman10-regular]:+tlig;!
Missing character: There is no 도 (U+B3C4) in font [lmroman10-regular]:+tlig;!
Missing character: There is no 수 (U+C218) in font [lmroman10-regular]:+tlig;!
Missing character: There is no 단 (U+B2E8) in font [lmroman10-regular]:+tlig;!
Missing character: There is no 수 (U+C218) in font [lmroman10-regular]:+tlig;!
Missing character: There is no 정 (U+C815) in font [lmroman10-regular]:+tlig;!
Missing character: There is no 등 (U+B4F1) in font [lmroman10-regular]:+tlig;!
Missing character: There is no 개 (U+AC1C) in font [lmroman10-regular]:+tlig;!
Missing character: There is no 체 (U+CCB4) in font [lmroman10-regular]:+tlig;!
Missing character: There is no 속 (U+C18D) in font [lmroman10-regular]:+tlig;!
Missing character: There is no 성 (U+C131) in font [lmroman10-regular]:+tlig;!
Missing character: There is no 값 (U+AC12) in font [lmroman10-regular]:+tlig;!
Missing character: There is no 최 (U+CD5C) in font [lmroman10-regular]:+tlig;!
Missing character: There is no 고 (U+ACE0) in font [lmroman10-regular]:+tlig;!
Missing character: There is no 속 (U+C18D) in font [lmroman10-regular]:+tlig;!
Missing character: There is no 도 (U+B3C4) in font [lmroman10-regular]:+tlig;!
Missing character: There is no 수 (U+C218) in font [lmroman10-regular]:+tlig;!
Missing character: There is no 단 (U+B2E8) in font [lmroman10-regular]:+tlig;!
Missing character: There is no 수 (U+C218) in font [lmroman10-regular]:+tlig;!
Missing character: There is no 정 (U+C815) in font [lmroman10-regular]:+tlig;!
Missing character: There is no 등 (U+B4F1) in font [lmroman10-regular]:+tlig;!
Missing character: There is no 개 (U+AC1C) in font [lmroman10-regular]:+tlig;!
Missing character: There is no 체 (U+CCB4) in font [lmroman10-regular]:+tlig;!
Missing character: There is no 속 (U+C18D) in font [lmroman10-regular]:+tlig;!
Missing character: There is no 성 (U+C131) in font [lmroman10-regular]:+tlig;!
Missing character: There is no 값 (U+AC12) in font [lmroman10-regular]:+tlig;!
Missing character: There is no 최 (U+CD5C) in font [lmroman10-regular]:+tlig;!
Missing character: There is no 고 (U+ACE0) in font [lmroman10-regular]:+tlig;!
Missing character: There is no 속 (U+C18D) in font [lmroman10-regular]:+tlig;!
Missing character: There is no 도 (U+B3C4) in font [lmroman10-regular]:+tlig;!
Missing character: There is no 수 (U+C218) in font [lmroman10-regular]:+tlig;!
Missing character: There is no 단 (U+B2E8) in font [lmroman10-regular]:+tlig;!
Missing character: There is no 수 (U+C218) in font [lmroman10-regular]:+tlig;!
Missing character: There is no 정 (U+C815) in font [lmroman10-regular]:+tlig;!
Missing character: There is no 등 (U+B4F1) in font [lmroman10-regular]:+tlig;!
Missing character: There is no 개 (U+AC1C) in font [lmroman10-regular]:+tlig;!
Missing character: There is no 체 (U+CCB4) in font [lmroman10-regular]:+tlig;!
Missing character: There is no 속 (U+C18D) in font [lmroman10-regular]:+tlig;!
Missing character: There is no 성 (U+C131) in font [lmroman10-regular]:+tlig;!
Missing character: There is no 값 (U+AC12) in font [lmroman10-regular]:+tlig;!
Missing character: There is no 최 (U+CD5C) in font [lmroman10-regular]:+tlig;!
Missing character: There is no 고 (U+ACE0) in font [lmroman10-regular]:+tlig;!
Missing character: There is no 속 (U+C18D) in font [lmroman10-regular]:+tlig;!
Missing character: There is no 도 (U+B3C4) in font [lmroman10-regular]:+tlig;!
Missing character: There is no 수 (U+C218) in font [lmroman10-regular]:+tlig;!
Missing character: There is no 단 (U+B2E8) in font [lmroman10-regular]:+tlig;!
Missing character: There is no 수 (U+C218) in font [lmroman10-regular]:+tlig;!
Missing character: There is no 정 (U+C815) in font [lmroman10-regular]:+tlig;!
Missing character: There is no 등 (U+B4F1) in font [lmroman10-regular]:+tlig;!

Underfull \hbox (badness 10000) in paragraph at lines 839--840

 []

Missing character: There is no 오 (U+C624) in font [lmroman10-regular]:+tlig;!
Missing character: There is no 브 (U+BE0C) in font [lmroman10-regular]:+tlig;!
Missing character: There is no 오 (U+C624) in font [lmroman10-regular]:+tlig;!
Missing character: There is no 브 (U+BE0C) in font [lmroman10-regular]:+tlig;!
Missing character: There is no 오 (U+C624) in font [lmroman10-regular]:+tlig;!
Missing character: There is no 브 (U+BE0C) in font [lmroman10-regular]:+tlig;!
Missing character: There is no 오 (U+C624) in font [lmroman10-regular]:+tlig;!
Missing character: There is no 브 (U+BE0C) in font [lmroman10-regular]:+tlig;!
Missing character: There is no 오 (U+C624) in font [lmroman10-regular]:+tlig;!
Missing character: There is no 브 (U+BE0C) in font [lmroman10-regular]:+tlig;!
Missing character: There is no 오 (U+C624) in font [lmroman10-regular]:+tlig;!
Missing character: There is no 브 (U+BE0C) in font [lmroman10-regular]:+tlig;!
Missing character: There is no 오 (U+C624) in font [lmroman10-regular]:+tlig;!
Missing character: There is no 브 (U+BE0C) in font [lmroman10-regular]:+tlig;!
Missing character: There is no 오 (U+C624) in font [lmroman10-regular]:+tlig;!
Missing character: There is no 브 (U+BE0C) in font [lmroman10-regular]:+tlig;!
Missing character: There is no 젝 (U+C81D) in font [lmroman10-regular]:+tlig;!
Missing character: There is no 트 (U+D2B8) in font [lmroman10-regular]:+tlig;!
Missing character: There is no 삭 (U+C0AD) in font [lmroman10-regular]:+tlig;!
Missing character: There is no 제 (U+C81C) in font [lmroman10-regular]:+tlig;!
Missing character: There is no 오 (U+C624) in font [lmroman10-regular]:+tlig;!
Missing character: There is no 브 (U+BE0C) in font [lmroman10-regular]:+tlig;!
Missing character: There is no 젝 (U+C81D) in font [lmroman10-regular]:+tlig;!
Missing character: There is no 트 (U+D2B8) in font [lmroman10-regular]:+tlig;!
Missing character: There is no 삭 (U+C0AD) in font [lmroman10-regular]:+tlig;!
Missing character: There is no 제 (U+C81C) in font [lmroman10-regular]:+tlig;!
Missing character: There is no 생 (U+C0DD) in font [lmroman10-regular]:+tlig;!
Missing character: There is no 성 (U+C131) in font [lmroman10-regular]:+tlig;!
Missing character: There is no 생 (U+C0DD) in font [lmroman10-regular]:+tlig;!
Missing character: There is no 성 (U+C131) in font [lmroman10-regular]:+tlig;!
Missing character: There is no 좌 (U+C88C) in font [lmroman10-regular]:+tlig;!
Missing character: There is no 우 (U+C6B0) in font [lmroman10-regular]:+tlig;!
Missing character: There is no 좌 (U+C88C) in font [lmroman10-regular]:+tlig;!
Missing character: There is no 우 (U+C6B0) in font [lmroman10-regular]:+tlig;!
Missing character: There is no 좌 (U+C88C) in font [lmroman10-regular]:+tlig;!
Missing character: There is no 우 (U+C6B0) in font [lmroman10-regular]:+tlig;!
Missing character: There is no 좌 (U+C88C) in font [lmroman10-regular]:+tlig;!
Missing character: There is no 우 (U+C6B0) in font [lmroman10-regular]:+tlig;!
Missing character: There is no 좌 (U+C88C) in font [lmroman10-regular]:+tlig;!
Missing character: There is no 우 (U+C6B0) in font [lmroman10-regular]:+tlig;!
Missing character: There is no 좌 (U+C88C) in font [lmroman10-regular]:+tlig;!
Missing character: There is no 우 (U+C6B0) in font [lmroman10-regular]:+tlig;!
Missing character: There is no 좌 (U+C88C) in font [lmroman10-regular]:+tlig;!
Missing character: There is no 우 (U+C6B0) in font [lmroman10-regular]:+tlig;!
Missing character: There is no 좌 (U+C88C) in font [lmroman10-regular]:+tlig;!
Missing character: There is no 우 (U+C6B0) in font [lmroman10-regular]:+tlig;!
Missing character: There is no 회 (U+D68C) in font [lmroman10-regular]:+tlig;!
Missing character: There is no 전 (U+C804) in font [lmroman10-regular]:+tlig;!
Missing character: There is no 유 (U+C720) in font [lmroman10-regular]:+tlig;!
Missing character: There is no 턴 (U+D134) in font [lmroman10-regular]:+tlig;!
Missing character: There is no 등 (U+B4F1) in font [lmroman10-regular]:+tlig;!
Missing character: There is no 의 (U+C758) in font [lmroman10-regular]:+tlig;!
Missing character: There is no 차 (U+CC28) in font [lmroman10-regular]:+tlig;!
Missing character: There is no 선 (U+C120) in font [lmroman10-regular]:+tlig;!
Missing character: There is no 간 (U+AC04) in font [lmroman10-regular]:+tlig;!
Missing character: There is no 의 (U+C758) in font [lmroman10-regular]:+tlig;!
Missing character: There is no 교 (U+AD50) in font [lmroman10-regular]:+tlig;!
Missing character: There is no 차 (U+CC28) in font [lmroman10-regular]:+tlig;!
Missing character: There is no 로 (U+B85C) in font [lmroman10-regular]:+tlig;!
Missing character: There is no 연 (U+C5F0) in font [lmroman10-regular]:+tlig;!
Missing character: There is no 결 (U+ACB0) in font [lmroman10-regular]:+tlig;!
Missing character: There is no 정 (U+C815) in font [lmroman10-regular]:+tlig;!
Missing character: There is no 보 (U+BCF4) in font [lmroman10-regular]:+tlig;!
Missing character: There is no 보 (U+BCF4) in font [lmroman10-regular]:+tlig;!
Missing character: There is no 기 (U+AE30) in font [lmroman10-regular]:+tlig;!
Missing character: There is no 및 (U+BC0F) in font [lmroman10-regular]:+tlig;!
Missing character: There is no 수 (U+C218) in font [lmroman10-regular]:+tlig;!
Missing character: There is no 정 (U+C815) in font [lmroman10-regular]:+tlig;!
Missing character: There is no 기 (U+AE30) in font [lmroman10-regular]:+tlig;!
Missing character: There is no 능 (U+B2A5) in font [lmroman10-regular]:+tlig;!
Missing character: There is no 좌 (U+C88C) in font [lmroman10-regular]:+tlig;!
Missing character: There is no 우 (U+C6B0) in font [lmroman10-regular]:+tlig;!
Missing character: There is no 회 (U+D68C) in font [lmroman10-regular]:+tlig;!
Missing character: There is no 전 (U+C804) in font [lmroman10-regular]:+tlig;!
Missing character: There is no 유 (U+C720) in font [lmroman10-regular]:+tlig;!
Missing character: There is no 턴 (U+D134) in font [lmroman10-regular]:+tlig;!
Missing character: There is no 등 (U+B4F1) in font [lmroman10-regular]:+tlig;!
Missing character: There is no 의 (U+C758) in font [lmroman10-regular]:+tlig;!
Missing character: There is no 차 (U+CC28) in font [lmroman10-regular]:+tlig;!
Missing character: There is no 선 (U+C120) in font [lmroman10-regular]:+tlig;!
Missing character: There is no 간 (U+AC04) in font [lmroman10-regular]:+tlig;!
Missing character: There is no 의 (U+C758) in font [lmroman10-regular]:+tlig;!
Missing character: There is no 교 (U+AD50) in font [lmroman10-regular]:+tlig;!
Missing character: There is no 차 (U+CC28) in font [lmroman10-regular]:+tlig;!
Missing character: There is no 로 (U+B85C) in font [lmroman10-regular]:+tlig;!
Missing character: There is no 연 (U+C5F0) in font [lmroman10-regular]:+tlig;!
Missing character: There is no 결 (U+ACB0) in font [lmroman10-regular]:+tlig;!
Missing character: There is no 정 (U+C815) in font [lmroman10-regular]:+tlig;!
Missing character: There is no 보 (U+BCF4) in font [lmroman10-regular]:+tlig;!
Missing character: There is no 보 (U+BCF4) in font [lmroman10-regular]:+tlig;!
Missing character: There is no 기 (U+AE30) in font [lmroman10-regular]:+tlig;!
Missing character: There is no 및 (U+BC0F) in font [lmroman10-regular]:+tlig;!
Missing character: There is no 수 (U+C218) in font [lmroman10-regular]:+tlig;!
Missing character: There is no 정 (U+C815) in font [lmroman10-regular]:+tlig;!
Missing character: There is no 기 (U+AE30) in font [lmroman10-regular]:+tlig;!
Missing character: There is no 능 (U+B2A5) in font [lmroman10-regular]:+tlig;!
Missing character: There is no 교 (U+AD50) in font [lmroman10-regular]:+tlig;!
Missing character: There is no 차 (U+CC28) in font [lmroman10-regular]:+tlig;!
Missing character: There is no 교 (U+AD50) in font [lmroman10-regular]:+tlig;!
Missing character: There is no 차 (U+CC28) in font [lmroman10-regular]:+tlig;!
Missing character: There is no 교 (U+AD50) in font [lmroman10-regular]:+tlig;!
Missing character: There is no 차 (U+CC28) in font [lmroman10-regular]:+tlig;!
Missing character: There is no 교 (U+AD50) in font [lmroman10-regular]:+tlig;!
Missing character: There is no 차 (U+CC28) in font [lmroman10-regular]:+tlig;!
Missing character: There is no 교 (U+AD50) in font [lmroman10-regular]:+tlig;!
Missing character: There is no 차 (U+CC28) in font [lmroman10-regular]:+tlig;!
Missing character: There is no 교 (U+AD50) in font [lmroman10-regular]:+tlig;!
Missing character: There is no 차 (U+CC28) in font [lmroman10-regular]:+tlig;!
Missing character: There is no 교 (U+AD50) in font [lmroman10-regular]:+tlig;!
Missing character: There is no 차 (U+CC28) in font [lmroman10-regular]:+tlig;!
Missing character: There is no 교 (U+AD50) in font [lmroman10-regular]:+tlig;!
Missing character: There is no 차 (U+CC28) in font [lmroman10-regular]:+tlig;!
Missing character: There is no 로 (U+B85C) in font [lmroman10-regular]:+tlig;!
Missing character: There is no 에 (U+C5D0) in font [lmroman10-regular]:+tlig;!
Missing character: There is no 신 (U+C2E0) in font [lmroman10-regular]:+tlig;!
Missing character: There is no 호 (U+D638) in font [lmroman10-regular]:+tlig;!
Missing character: There is no 정 (U+C815) in font [lmroman10-regular]:+tlig;!
Missing character: There is no 보 (U+BCF4) in font [lmroman10-regular]:+tlig;!
Missing character: There is no 생 (U+C0DD) in font [lmroman10-regular]:+tlig;!
Missing character: There is no 성 (U+C131) in font [lmroman10-regular]:+tlig;!
Missing character: There is no 교 (U+AD50) in font [lmroman10-regular]:+tlig;!
Missing character: There is no 차 (U+CC28) in font [lmroman10-regular]:+tlig;!
Missing character: There is no 로 (U+B85C) in font [lmroman10-regular]:+tlig;!
Missing character: There is no 에 (U+C5D0) in font [lmroman10-regular]:+tlig;!
Missing character: There is no 신 (U+C2E0) in font [lmroman10-regular]:+tlig;!
Missing character: There is no 호 (U+D638) in font [lmroman10-regular]:+tlig;!
Missing character: There is no 정 (U+C815) in font [lmroman10-regular]:+tlig;!
Missing character: There is no 보 (U+BCF4) in font [lmroman10-regular]:+tlig;!
Missing character: There is no 생 (U+C0DD) in font [lmroman10-regular]:+tlig;!
Missing character: There is no 성 (U+C131) in font [lmroman10-regular]:+tlig;!
Missing character: There is no 신 (U+C2E0) in font [lmroman10-regular]:+tlig;!
Missing character: There is no 호 (U+D638) in font [lmroman10-regular]:+tlig;!
Missing character: There is no 신 (U+C2E0) in font [lmroman10-regular]:+tlig;!
Missing character: There is no 호 (U+D638) in font [lmroman10-regular]:+tlig;!
Missing character: There is no 신 (U+C2E0) in font [lmroman10-regular]:+tlig;!
Missing character: There is no 호 (U+D638) in font [lmroman10-regular]:+tlig;!
Missing character: There is no 신 (U+C2E0) in font [lmroman10-regular]:+tlig;!
Missing character: There is no 호 (U+D638) in font [lmroman10-regular]:+tlig;!
Missing character: There is no 신 (U+C2E0) in font [lmroman10-regular]:+tlig;!
Missing character: There is no 호 (U+D638) in font [lmroman10-regular]:+tlig;!
Missing character: There is no 신 (U+C2E0) in font [lmroman10-regular]:+tlig;!
Missing character: There is no 호 (U+D638) in font [lmroman10-regular]:+tlig;!
Missing character: There is no 신 (U+C2E0) in font [lmroman10-regular]:+tlig;!
Missing character: There is no 호 (U+D638) in font [lmroman10-regular]:+tlig;!
Missing character: There is no 신 (U+C2E0) in font [lmroman10-regular]:+tlig;!
Missing character: There is no 호 (U+D638) in font [lmroman10-regular]:+tlig;!
Missing character: There is no 현 (U+D604) in font [lmroman10-regular]:+tlig;!
Missing character: There is no 시 (U+C2DC) in font [lmroman10-regular]:+tlig;!
Missing character: There is no 설 (U+C124) in font [lmroman10-regular]:+tlig;!
Missing character: There is no 정 (U+C815) in font [lmroman10-regular]:+tlig;!
Missing character: There is no 신 (U+C2E0) in font [lmroman10-regular]:+tlig;!
Missing character: There is no 호 (U+D638) in font [lmroman10-regular]:+tlig;!
Missing character: There is no 현 (U+D604) in font [lmroman10-regular]:+tlig;!
Missing character: There is no 시 (U+C2DC) in font [lmroman10-regular]:+tlig;!
Missing character: There is no 설 (U+C124) in font [lmroman10-regular]:+tlig;!
Missing character: There is no 정 (U+C815) in font [lmroman10-regular]:+tlig;!
Missing character: There is no 신 (U+C2E0) in font [lmroman10-regular]:+tlig;!
Missing character: There is no 호 (U+D638) in font [lmroman10-regular]:+tlig;!
Missing character: There is no 신 (U+C2E0) in font [lmroman10-regular]:+tlig;!
Missing character: There is no 호 (U+D638) in font [lmroman10-regular]:+tlig;!
Missing character: There is no 신 (U+C2E0) in font [lmroman10-regular]:+tlig;!
Missing character: There is no 호 (U+D638) in font [lmroman10-regular]:+tlig;!
Missing character: There is no 신 (U+C2E0) in font [lmroman10-regular]:+tlig;!
Missing character: There is no 호 (U+D638) in font [lmroman10-regular]:+tlig;!
Missing character: There is no 신 (U+C2E0) in font [lmroman10-regular]:+tlig;!
Missing character: There is no 호 (U+D638) in font [lmroman10-regular]:+tlig;!
Missing character: There is no 신 (U+C2E0) in font [lmroman10-regular]:+tlig;!
Missing character: There is no 호 (U+D638) in font [lmroman10-regular]:+tlig;!
Missing character: There is no 신 (U+C2E0) in font [lmroman10-regular]:+tlig;!
Missing character: There is no 호 (U+D638) in font [lmroman10-regular]:+tlig;!
Missing character: There is no 신 (U+C2E0) in font [lmroman10-regular]:+tlig;!
Missing character: There is no 호 (U+D638) in font [lmroman10-regular]:+tlig;!
Missing character: There is no 간 (U+AC04) in font [lmroman10-regular]:+tlig;!
Missing character: There is no 설 (U+C124) in font [lmroman10-regular]:+tlig;!
Missing character: There is no 정 (U+C815) in font [lmroman10-regular]:+tlig;!
Missing character: There is no 신 (U+C2E0) in font [lmroman10-regular]:+tlig;!
Missing character: There is no 호 (U+D638) in font [lmroman10-regular]:+tlig;!
Missing character: There is no 간 (U+AC04) in font [lmroman10-regular]:+tlig;!
Missing character: There is no 설 (U+C124) in font [lmroman10-regular]:+tlig;!
Missing character: There is no 정 (U+C815) in font [lmroman10-regular]:+tlig;!


[22
Missing character: There is no 기 (U+AE30) in font [lmsans10-bold]:+tlig;!
Missing character: There is no 초 (U+CD08) in font [lmsans10-bold]:+tlig;!
Missing character: There is no 도 (U+B3C4) in font [lmsans10-bold]:+tlig;!
Missing character: There is no 구 (U+AD6C) in font [lmsans10-bold]:+tlig;!
Missing character: There is no 를 (U+B97C) in font [lmroman10-regular]:+tlig;!
Missing character: There is no 작 (U+C791) in font [lmroman10-regular]:+tlig;!
Missing character: There is no 성 (U+C131) in font [lmroman10-regular]:+tlig;!
Missing character: There is no 하 (U+D558) in font [lmroman10-regular]:+tlig;!
Missing character: There is no 는 (U+B294) in font [lmroman10-regular]:+tlig;!
Missing character: There is no 가 (U+AC00) in font [lmroman10-regular]:+tlig;!
Missing character: There is no 장 (U+C7A5) in font [lmroman10-regular]:+tlig;!
Missing character: There is no 기 (U+AE30) in font [lmroman10-regular]:+tlig;!
Missing character: There is no 초 (U+CD08) in font [lmroman10-regular]:+tlig;!
Missing character: There is no 적 (U+C801) in font [lmroman10-regular]:+tlig;!
Missing character: There is no 인 (U+C778) in font [lmroman10-regular]:+tlig;!
Missing character: There is no 도 (U+B3C4) in font [lmroman10-regular]:+tlig;!
Missing character: There is no 구 (U+AD6C) in font [lmroman10-regular]:+tlig;!
Missing character: There is no 입 (U+C785) in font [lmroman10-regular]:+tlig;!
Missing character: There is no 니 (U+B2C8) in font [lmroman10-regular]:+tlig;!
Missing character: There is no 다 (U+B2E4) in font [lmroman10-regular]:+tlig;!
Missing character: There is no 그 (U+ADF8) in font [lmroman10-regular]:+tlig;!
Missing character: There is no 외 (U+C678) in font [lmroman10-regular]:+tlig;!
Missing character: There is no 도 (U+B3C4) in font [lmroman10-regular]:+tlig;!
Missing character: There is no 구 (U+AD6C) in font [lmroman10-regular]:+tlig;!
Missing character: There is no 설 (U+C124) in font [lmroman10-regular]:+tlig;!
Missing character: There is no 명 (U+BA85) in font [lmroman10-regular]:+tlig;!
Missing character: There is no 은 (U+C740) in font [lmroman10-regular]:+tlig;!
Missing character: There is no 참 (U+CC38) in font [lmroman10-regular]:+tlig;!
Missing character: There is no 고 (U+ACE0) in font [lmroman10-regular]:+tlig;!
Missing character: There is no 바 (U+BC14) in font [lmroman10-regular]:+tlig;!
Missing character: There is no 랍 (U+B78D) in font [lmroman10-regular]:+tlig;!
Missing character: There is no 니 (U+B2C8) in font [lmroman10-regular]:+tlig;!
Missing character: There is no 다 (U+B2E4) in font [lmroman10-regular]:+tlig;!
Missing character: There is no 오 (U+C624) in font [lmroman10-regular]:+tlig;!
Missing character: There is no 브 (U+BE0C) in font [lmroman10-regular]:+tlig;!
Missing character: There is no 젝 (U+C81D) in font [lmroman10-regular]:+tlig;!
Missing character: There is no 트 (U+D2B8) in font [lmroman10-regular]:+tlig;!
Missing character: There is no 정 (U+C815) in font [lmroman10-regular]:+tlig;!
Missing character: There is no 보 (U+BCF4) in font [lmroman10-regular]:+tlig;!
Missing character: There is no 보 (U+BCF4) in font [lmroman10-regular]:+tlig;!
Missing character: There is no 기 (U+AE30) in font [lmroman10-regular]:+tlig;!
Missing character: There is no 수 (U+C218) in font [lmroman10-regular]:+tlig;!
Missing character: There is no 정 (U+C815) in font [lmroman10-regular]:+tlig;!
Missing character: There is no 수 (U+C218) in font [lmroman10-regular]:+tlig;!
Missing character: There is no 정 (U+C815) in font [lmroman10-regular]:+tlig;!
Missing character: There is no 연 (U+C5F0) in font [lmroman10-regular]:+tlig;!
Missing character: There is no 결 (U+ACB0) in font [lmroman10-regular]:+tlig;!
Missing character: There is no 정 (U+C815) in font [lmroman10-regular]:+tlig;!
Missing character: There is no 보 (U+BCF4) in font [lmroman10-regular]:+tlig;!
Missing character: There is no 수 (U+C218) in font [lmroman10-regular]:+tlig;!
Missing character: There is no 정 (U+C815) in font [lmroman10-regular]:+tlig;!
Missing character: There is no 개 (U+AC1C) in font [lmroman10-regular]:+tlig;!
Missing character: There is no 체 (U+CCB4) in font [lmroman10-regular]:+tlig;!
Missing character: There is no 속 (U+C18D) in font [lmroman10-regular]:+tlig;!
Missing character: There is no 성 (U+C131) in font [lmroman10-regular]:+tlig;!
Missing character: There is no 값 (U+AC12) in font [lmroman10-regular]:+tlig;!
Missing character: There is no 최 (U+CD5C) in font [lmroman10-regular]:+tlig;!
Missing character: There is no 고 (U+ACE0) in font [lmroman10-regular]:+tlig;!
Missing character: There is no 속 (U+C18D) in font [lmroman10-regular]:+tlig;!
Missing character: There is no 도 (U+B3C4) in font [lmroman10-regular]:+tlig;!
Missing character: There is no 수 (U+C218) in font [lmroman10-regular]:+tlig;!
Missing character: There is no 단 (U+B2E8) in font [lmroman10-regular]:+tlig;!
Missing character: There is no 수 (U+C218) in font [lmroman10-regular]:+tlig;!
Missing character: There is no 정 (U+C815) in font [lmroman10-regular]:+tlig;!
Missing character: There is no 등 (U+B4F1) in font [lmroman10-regular]:+tlig;!
Missing character: There is no 오 (U+C624) in font [lmroman10-regular]:+tlig;!
Missing character: There is no 브 (U+BE0C) in font [lmroman10-regular]:+tlig;!
Missing character: There is no 젝 (U+C81D) in font [lmroman10-regular]:+tlig;!
Missing character: There is no 트 (U+D2B8) in font [lmroman10-regular]:+tlig;!
Missing character: There is no 삭 (U+C0AD) in font [lmroman10-regular]:+tlig;!
Missing character: There is no 제 (U+C81C) in font [lmroman10-regular]:+tlig;!
Missing character: There is no 생 (U+C0DD) in font [lmroman10-regular]:+tlig;!
Missing character: There is no 성 (U+C131) in font [lmroman10-regular]:+tlig;!
Missing character: There is no 좌 (U+C88C) in font [lmroman10-regular]:+tlig;!
Missing character: There is no 우 (U+C6B0) in font [lmroman10-regular]:+tlig;!
Missing character: There is no 회 (U+D68C) in font [lmroman10-regular]:+tlig;!
Missing character: There is no 전 (U+C804) in font [lmroman10-regular]:+tlig;!
Missing character: There is no 유 (U+C720) in font [lmroman10-regular]:+tlig;!
Missing character: There is no 턴 (U+D134) in font [lmroman10-regular]:+tlig;!
Missing character: There is no 등 (U+B4F1) in font [lmroman10-regular]:+tlig;!
Missing character: There is no 의 (U+C758) in font [lmroman10-regular]:+tlig;!
Missing character: There is no 차 (U+CC28) in font [lmroman10-regular]:+tlig;!
Missing character: There is no 선 (U+C120) in font [lmroman10-regular]:+tlig;!
Missing character: There is no 간 (U+AC04) in font [lmroman10-regular]:+tlig;!
Missing character: There is no 의 (U+C758) in font [lmroman10-regular]:+tlig;!
Missing character: There is no 교 (U+AD50) in font [lmroman10-regular]:+tlig;!
Missing character: There is no 차 (U+CC28) in font [lmroman10-regular]:+tlig;!
Missing character: There is no 로 (U+B85C) in font [lmroman10-regular]:+tlig;!
Missing character: There is no 연 (U+C5F0) in font [lmroman10-regular]:+tlig;!
Missing character: There is no 결 (U+ACB0) in font [lmroman10-regular]:+tlig;!
Missing character: There is no 정 (U+C815) in font [lmroman10-regular]:+tlig;!
Missing character: There is no 보 (U+BCF4) in font [lmroman10-regular]:+tlig;!
Missing character: There is no 보 (U+BCF4) in font [lmroman10-regular]:+tlig;!
Missing character: There is no 기 (U+AE30) in font [lmroman10-regular]:+tlig;!
Missing character: There is no 및 (U+BC0F) in font [lmroman10-regular]:+tlig;!
Missing character: There is no 수 (U+C218) in font [lmroman10-regular]:+tlig;!
Missing character: There is no 정 (U+C815) in font [lmroman10-regular]:+tlig;!
Missing character: There is no 기 (U+AE30) in font [lmroman10-regular]:+tlig;!
Missing character: There is no 능 (U+B2A5) in font [lmroman10-regular]:+tlig;!
Missing character: There is no 교 (U+AD50) in font [lmroman10-regular]:+tlig;!
Missing character: There is no 차 (U+CC28) in font [lmroman10-regular]:+tlig;!
Missing character: There is no 로 (U+B85C) in font [lmroman10-regular]:+tlig;!
Missing character: There is no 에 (U+C5D0) in font [lmroman10-regular]:+tlig;!
Missing character: There is no 신 (U+C2E0) in font [lmroman10-regular]:+tlig;!
Missing character: There is no 호 (U+D638) in font [lmroman10-regular]:+tlig;!
Missing character: There is no 정 (U+C815) in font [lmroman10-regular]:+tlig;!
Missing character: There is no 보 (U+BCF4) in font [lmroman10-regular]:+tlig;!
Missing character: There is no 생 (U+C0DD) in font [lmroman10-regular]:+tlig;!
Missing character: There is no 성 (U+C131) in font [lmroman10-regular]:+tlig;!
<./image/page-14.png>]
Missing character: There is no 도 (U+B3C4) in font [lmroman10-regular]:+tlig;!
Missing character: There is no 형 (U+D615) in font [lmroman10-regular]:+tlig;!
Missing character: There is no 숨 (U+C228) in font [lmroman10-regular]:+tlig;!
Missing character: There is no 기 (U+AE30) in font [lmroman10-regular]:+tlig;!
Missing character: There is no 기 (U+AE30) in font [lmroman10-regular]:+tlig;!
Missing character: There is no 표 (U+D45C) in font [lmroman10-regular]:+tlig;!
Missing character: There is no 출 (U+CD9C) in font [lmroman10-regular]:+tlig;!
Missing character: There is no 하 (U+D558) in font [lmroman10-regular]:+tlig;!
Missing character: There is no 기 (U+AE30) in font [lmroman10-regular]:+tlig;!
Missing character: There is no 도 (U+B3C4) in font [lmroman10-regular]:+tlig;!
Missing character: There is no 형 (U+D615) in font [lmroman10-regular]:+tlig;!
Missing character: There is no 숨 (U+C228) in font [lmroman10-regular]:+tlig;!
Missing character: There is no 기 (U+AE30) in font [lmroman10-regular]:+tlig;!
Missing character: There is no 기 (U+AE30) in font [lmroman10-regular]:+tlig;!
Missing character: There is no 표 (U+D45C) in font [lmroman10-regular]:+tlig;!
Missing character: There is no 출 (U+CD9C) in font [lmroman10-regular]:+tlig;!
Missing character: There is no 하 (U+D558) in font [lmroman10-regular]:+tlig;!
Missing character: There is no 기 (U+AE30) in font [lmroman10-regular]:+tlig;!
Missing character: There is no 와 (U+C640) in font [lmroman10-regular]:+tlig;!
Missing character: There is no 간 (U+AC04) in font [lmroman10-regular]:+tlig;!
Missing character: There is no 연 (U+C5F0) in font [lmroman10-regular]:+tlig;!
Missing character: There is no 결 (U+ACB0) in font [lmroman10-regular]:+tlig;!
Missing character: There is no 이 (U+C774) in font [lmroman10-regular]:+tlig;!
Missing character: There is no 이 (U+C774) in font [lmroman10-regular]:+tlig;!
Missing character: There is no 상 (U+C0C1) in font [lmroman10-regular]:+tlig;!
Missing character: There is no 할 (U+D560) in font [lmroman10-regular]:+tlig;!
Missing character: There is no 때 (U+B54C) in font [lmroman10-regular]:+tlig;!
Missing character: There is no 해 (U+D574) in font [lmroman10-regular]:+tlig;!
Missing character: There is no 당 (U+B2F9) in font [lmroman10-regular]:+tlig;!
Missing character: There is no 기 (U+AE30) in font [lmroman10-regular]:+tlig;!
Missing character: There is no 능 (U+B2A5) in font [lmroman10-regular]:+tlig;!
Missing character: There is no 을 (U+C744) in font [lmroman10-regular]:+tlig;!
Missing character: There is no 이 (U+C774) in font [lmroman10-regular]:+tlig;!
Missing character: There is no 용 (U+C6A9) in font [lmroman10-regular]:+tlig;!
Missing character: There is no 하 (U+D558) in font [lmroman10-regular]:+tlig;!
Missing character: There is no 여 (U+C5EC) in font [lmroman10-regular]:+tlig;!
Missing character: There is no 간 (U+AC04) in font [lmroman10-regular]:+tlig;!
Missing character: There is no 연 (U+C5F0) in font [lmroman10-regular]:+tlig;!
Missing character: There is no 결 (U+ACB0) in font [lmroman10-regular]:+tlig;!
Missing character: There is no 을 (U+C744) in font [lmroman10-regular]:+tlig;!
Missing character: There is no 볼 (U+BCFC) in font [lmroman10-regular]:+tlig;!
Missing character: There is no 수 (U+C218) in font [lmroman10-regular]:+tlig;!
Missing character: There is no 있 (U+C788) in font [lmroman10-regular]:+tlig;!
Missing character: There is no 다 (U+B2E4) in font [lmroman10-regular]:+tlig;!
Missing character: There is no 와 (U+C640) in font [lmroman10-regular]:+tlig;!
Missing character: There is no 간 (U+AC04) in font [lmroman10-regular]:+tlig;!
Missing character: There is no 연 (U+C5F0) in font [lmroman10-regular]:+tlig;!
Missing character: There is no 결 (U+ACB0) in font [lmroman10-regular]:+tlig;!
Missing character: There is no 이 (U+C774) in font [lmroman10-regular]:+tlig;!
Missing character: There is no 이 (U+C774) in font [lmroman10-regular]:+tlig;!
Missing character: There is no 상 (U+C0C1) in font [lmroman10-regular]:+tlig;!
Missing character: There is no 할 (U+D560) in font [lmroman10-regular]:+tlig;!
Missing character: There is no 때 (U+B54C) in font [lmroman10-regular]:+tlig;!
Missing character: There is no 해 (U+D574) in font [lmroman10-regular]:+tlig;!
Missing character: There is no 당 (U+B2F9) in font [lmroman10-regular]:+tlig;!
Missing character: There is no 기 (U+AE30) in font [lmroman10-regular]:+tlig;!
Missing character: There is no 능 (U+B2A5) in font [lmroman10-regular]:+tlig;!
Missing character: There is no 을 (U+C744) in font [lmroman10-regular]:+tlig;!
Missing character: There is no 이 (U+C774) in font [lmroman10-regular]:+tlig;!
Missing character: There is no 용 (U+C6A9) in font [lmroman10-regular]:+tlig;!
Missing character: There is no 하 (U+D558) in font [lmroman10-regular]:+tlig;!
Missing character: There is no 여 (U+C5EC) in font [lmroman10-regular]:+tlig;!
Missing character: There is no 간 (U+AC04) in font [lmroman10-regular]:+tlig;!
Missing character: There is no 연 (U+C5F0) in font [lmroman10-regular]:+tlig;!
Missing character: There is no 결 (U+ACB0) in font [lmroman10-regular]:+tlig;!
Missing character: There is no 을 (U+C744) in font [lmroman10-regular]:+tlig;!
Missing character: There is no 볼 (U+BCFC) in font [lmroman10-regular]:+tlig;!
Missing character: There is no 수 (U+C218) in font [lmroman10-regular]:+tlig;!
Missing character: There is no 있 (U+C788) in font [lmroman10-regular]:+tlig;!
Missing character: There is no 다 (U+B2E4) in font [lmroman10-regular]:+tlig;!
Missing character: There is no 쌍 (U+C30D) in font [lmroman10-regular]:+tlig;!
Missing character: There is no 방 (U+BC29) in font [lmroman10-regular]:+tlig;!
Missing character: There is no 쌍 (U+C30D) in font [lmroman10-regular]:+tlig;!
Missing character: There is no 방 (U+BC29) in font [lmroman10-regular]:+tlig;!
Missing character: There is no 쌍 (U+C30D) in font [lmroman10-regular]:+tlig;!
Missing character: There is no 방 (U+BC29) in font [lmroman10-regular]:+tlig;!
Missing character: There is no 쌍 (U+C30D) in font [lmroman10-regular]:+tlig;!
Missing character: There is no 방 (U+BC29) in font [lmroman10-regular]:+tlig;!
Missing character: There is no 쌍 (U+C30D) in font [lmroman10-regular]:+tlig;!
Missing character: There is no 방 (U+BC29) in font [lmroman10-regular]:+tlig;!
Missing character: There is no 쌍 (U+C30D) in font [lmroman10-regular]:+tlig;!
Missing character: There is no 방 (U+BC29) in font [lmroman10-regular]:+tlig;!
Missing character: There is no 쌍 (U+C30D) in font [lmroman10-regular]:+tlig;!
Missing character: There is no 방 (U+BC29) in font [lmroman10-regular]:+tlig;!
Missing character: There is no 쌍 (U+C30D) in font [lmroman10-regular]:+tlig;!
Missing character: There is no 방 (U+BC29) in font [lmroman10-regular]:+tlig;!
Missing character: There is no 향 (U+D5A5) in font [lmroman10-regular]:+tlig;!
Missing character: There is no 를 (U+B97C) in font [lmroman10-regular]:+tlig;!
Missing character: There is no 한 (U+D55C) in font [lmroman10-regular]:+tlig;!
Missing character: There is no 번 (U+BC88) in font [lmroman10-regular]:+tlig;!
Missing character: There is no 에 (U+C5D0) in font [lmroman10-regular]:+tlig;!
Missing character: There is no 그 (U+ADF8) in font [lmroman10-regular]:+tlig;!
Missing character: There is no 릴 (U+B9B4) in font [lmroman10-regular]:+tlig;!
Missing character: There is no 수 (U+C218) in font [lmroman10-regular]:+tlig;!
Missing character: There is no 있 (U+C788) in font [lmroman10-regular]:+tlig;!
Missing character: There is no 다 (U+B2E4) in font [lmroman10-regular]:+tlig;!
Missing character: There is no 쌍 (U+C30D) in font [lmroman10-regular]:+tlig;!
Missing character: There is no 방 (U+BC29) in font [lmroman10-regular]:+tlig;!
Missing character: There is no 향 (U+D5A5) in font [lmroman10-regular]:+tlig;!
Missing character: There is no 를 (U+B97C) in font [lmroman10-regular]:+tlig;!
Missing character: There is no 한 (U+D55C) in font [lmroman10-regular]:+tlig;!
Missing character: There is no 번 (U+BC88) in font [lmroman10-regular]:+tlig;!
Missing character: There is no 에 (U+C5D0) in font [lmroman10-regular]:+tlig;!
Missing character: There is no 그 (U+ADF8) in font [lmroman10-regular]:+tlig;!
Missing character: There is no 릴 (U+B9B4) in font [lmroman10-regular]:+tlig;!
Missing character: There is no 수 (U+C218) in font [lmroman10-regular]:+tlig;!
Missing character: There is no 있 (U+C788) in font [lmroman10-regular]:+tlig;!
Missing character: There is no 다 (U+B2E4) in font [lmroman10-regular]:+tlig;!
<image/page-15.png, id=203, 963.72044pt x 542.025pt>
File: image/page-15.png Graphic file (type png)
<use image/page-15.png>
Package luatex.def Info: image/page-15.png  used on input line 900.
(luatex.def)             Requested size: 963.7181pt x 542.02367pt.

Overfull \hbox (10.96246pt too wide) in paragraph at lines 900--901
[][] 
 []

Missing character: There is no 패 (U+D328) in font [lmroman10-regular]:+tlig;!
Missing character: There is no 널 (U+B110) in font [lmroman10-regular]:+tlig;!
Missing character: There is no 에 (U+C5D0) in font [lmroman10-regular]:+tlig;!
Missing character: There is no 서 (U+C11C) in font [lmroman10-regular]:+tlig;!
Missing character: There is no 볼 (U+BCFC) in font [lmroman10-regular]:+tlig;!
Missing character: There is no 수 (U+C218) in font [lmroman10-regular]:+tlig;!
Missing character: There is no 있 (U+C788) in font [lmroman10-regular]:+tlig;!
Missing character: There is no 는 (U+B294) in font [lmroman10-regular]:+tlig;!
Missing character: There is no 속 (U+C18D) in font [lmroman10-regular]:+tlig;!
Missing character: There is no 성 (U+C131) in font [lmroman10-regular]:+tlig;!
Missing character: There is no 설 (U+C124) in font [lmroman10-regular]:+tlig;!
Missing character: There is no 명 (U+BA85) in font [lmroman10-regular]:+tlig;!
Missing character: There is no 패 (U+D328) in font [lmroman10-regular]:+tlig;!
Missing character: There is no 널 (U+B110) in font [lmroman10-regular]:+tlig;!
Missing character: There is no 에 (U+C5D0) in font [lmroman10-regular]:+tlig;!
Missing character: There is no 서 (U+C11C) in font [lmroman10-regular]:+tlig;!
Missing character: There is no 볼 (U+BCFC) in font [lmroman10-regular]:+tlig;!
Missing character: There is no 수 (U+C218) in font [lmroman10-regular]:+tlig;!
Missing character: There is no 있 (U+C788) in font [lmroman10-regular]:+tlig;!
Missing character: There is no 는 (U+B294) in font [lmroman10-regular]:+tlig;!
Missing character: There is no 속 (U+C18D) in font [lmroman10-regular]:+tlig;!
Missing character: There is no 성 (U+C131) in font [lmroman10-regular]:+tlig;!
Missing character: There is no 설 (U+C124) in font [lmroman10-regular]:+tlig;!
Missing character: There is no 명 (U+BA85) in font [lmroman10-regular]:+tlig;!
<image/page-17.png, id=204, 963.72044pt x 542.025pt>
File: image/page-17.png Graphic file (type png)
<use image/page-17.png>
Package luatex.def Info: image/page-17.png  used on input line 904.
(luatex.def)             Requested size: 963.7181pt x 542.02367pt.

Overfull \hbox (10.96246pt too wide) in paragraph at lines 904--905
[][] 
 []



[23
Missing character: There is no 신 (U+C2E0) in font [lmroman10-regular]:+tlig;!
Missing character: There is no 호 (U+D638) in font [lmroman10-regular]:+tlig;!
Missing character: There is no 현 (U+D604) in font [lmroman10-regular]:+tlig;!
Missing character: There is no 시 (U+C2DC) in font [lmroman10-regular]:+tlig;!
Missing character: There is no 설 (U+C124) in font [lmroman10-regular]:+tlig;!
Missing character: There is no 정 (U+C815) in font [lmroman10-regular]:+tlig;!
Missing character: There is no 신 (U+C2E0) in font [lmroman10-regular]:+tlig;!
Missing character: There is no 호 (U+D638) in font [lmroman10-regular]:+tlig;!
Missing character: There is no 간 (U+AC04) in font [lmroman10-regular]:+tlig;!
Missing character: There is no 설 (U+C124) in font [lmroman10-regular]:+tlig;!
Missing character: There is no 정 (U+C815) in font [lmroman10-regular]:+tlig;!
Missing character: There is no 도 (U+B3C4) in font [lmroman10-regular]:+tlig;!
Missing character: There is no 형 (U+D615) in font [lmroman10-regular]:+tlig;!
Missing character: There is no 숨 (U+C228) in font [lmroman10-regular]:+tlig;!
Missing character: There is no 기 (U+AE30) in font [lmroman10-regular]:+tlig;!
Missing character: There is no 기 (U+AE30) in font [lmroman10-regular]:+tlig;!
Missing character: There is no 표 (U+D45C) in font [lmroman10-regular]:+tlig;!
Missing character: There is no 출 (U+CD9C) in font [lmroman10-regular]:+tlig;!
Missing character: There is no 하 (U+D558) in font [lmroman10-regular]:+tlig;!
Missing character: There is no 기 (U+AE30) in font [lmroman10-regular]:+tlig;!
Missing character: There is no 와 (U+C640) in font [lmroman10-regular]:+tlig;!
Missing character: There is no 간 (U+AC04) in font [lmroman10-regular]:+tlig;!
Missing character: There is no 연 (U+C5F0) in font [lmroman10-regular]:+tlig;!
Missing character: There is no 결 (U+ACB0) in font [lmroman10-regular]:+tlig;!
Missing character: There is no 이 (U+C774) in font [lmroman10-regular]:+tlig;!
Missing character: There is no 이 (U+C774) in font [lmroman10-regular]:+tlig;!
Missing character: There is no 상 (U+C0C1) in font [lmroman10-regular]:+tlig;!
Missing character: There is no 할 (U+D560) in font [lmroman10-regular]:+tlig;!
Missing character: There is no 때 (U+B54C) in font [lmroman10-regular]:+tlig;!
Missing character: There is no 해 (U+D574) in font [lmroman10-regular]:+tlig;!
Missing character: There is no 당 (U+B2F9) in font [lmroman10-regular]:+tlig;!
Missing character: There is no 기 (U+AE30) in font [lmroman10-regular]:+tlig;!
Missing character: There is no 능 (U+B2A5) in font [lmroman10-regular]:+tlig;!
Missing character: There is no 을 (U+C744) in font [lmroman10-regular]:+tlig;!
Missing character: There is no 이 (U+C774) in font [lmroman10-regular]:+tlig;!
Missing character: There is no 용 (U+C6A9) in font [lmroman10-regular]:+tlig;!
Missing character: There is no 하 (U+D558) in font [lmroman10-regular]:+tlig;!
Missing character: There is no 여 (U+C5EC) in font [lmroman10-regular]:+tlig;!
Missing character: There is no 간 (U+AC04) in font [lmroman10-regular]:+tlig;!
Missing character: There is no 연 (U+C5F0) in font [lmroman10-regular]:+tlig;!
Missing character: There is no 결 (U+ACB0) in font [lmroman10-regular]:+tlig;!
Missing character: There is no 을 (U+C744) in font [lmroman10-regular]:+tlig;!
Missing character: There is no 볼 (U+BCFC) in font [lmroman10-regular]:+tlig;!
Missing character: There is no 수 (U+C218) in font [lmroman10-regular]:+tlig;!
Missing character: There is no 있 (U+C788) in font [lmroman10-regular]:+tlig;!
Missing character: There is no 다 (U+B2E4) in font [lmroman10-regular]:+tlig;!
Missing character: There is no 쌍 (U+C30D) in font [lmroman10-regular]:+tlig;!
Missing character: There is no 방 (U+BC29) in font [lmroman10-regular]:+tlig;!
Missing character: There is no 향 (U+D5A5) in font [lmroman10-regular]:+tlig;!
Missing character: There is no 를 (U+B97C) in font [lmroman10-regular]:+tlig;!
Missing character: There is no 한 (U+D55C) in font [lmroman10-regular]:+tlig;!
Missing character: There is no 번 (U+BC88) in font [lmroman10-regular]:+tlig;!
Missing character: There is no 에 (U+C5D0) in font [lmroman10-regular]:+tlig;!
Missing character: There is no 그 (U+ADF8) in font [lmroman10-regular]:+tlig;!
Missing character: There is no 릴 (U+B9B4) in font [lmroman10-regular]:+tlig;!
Missing character: There is no 수 (U+C218) in font [lmroman10-regular]:+tlig;!
Missing character: There is no 있 (U+C788) in font [lmroman10-regular]:+tlig;!
Missing character: There is no 다 (U+B2E4) in font [lmroman10-regular]:+tlig;!
Missing character: There is no 패 (U+D328) in font [lmroman10-regular]:+tlig;!
Missing character: There is no 널 (U+B110) in font [lmroman10-regular]:+tlig;!
Missing character: There is no 에 (U+C5D0) in font [lmroman10-regular]:+tlig;!
Missing character: There is no 서 (U+C11C) in font [lmroman10-regular]:+tlig;!
Missing character: There is no 볼 (U+BCFC) in font [lmroman10-regular]:+tlig;!
Missing character: There is no 수 (U+C218) in font [lmroman10-regular]:+tlig;!
Missing character: There is no 있 (U+C788) in font [lmroman10-regular]:+tlig;!
Missing character: There is no 는 (U+B294) in font [lmroman10-regular]:+tlig;!
Missing character: There is no 속 (U+C18D) in font [lmroman10-regular]:+tlig;!
Missing character: There is no 성 (U+C131) in font [lmroman10-regular]:+tlig;!
Missing character: There is no 설 (U+C124) in font [lmroman10-regular]:+tlig;!
Missing character: There is no 명 (U+BA85) in font [lmroman10-regular]:+tlig;!
<./image/page-15.png>]
Missing character: There is no 에 (U+C5D0) in font [lmsans10-bold]:+tlig;!
Missing character: There is no 서 (U+C11C) in font [lmsans10-bold]:+tlig;!
Missing character: There is no 프 (U+D504) in font [lmsans10-bold]:+tlig;!
Missing character: There is no 로 (U+B85C) in font [lmsans10-bold]:+tlig;!
Missing character: There is no 젝 (U+C81D) in font [lmsans10-bold]:+tlig;!
Missing character: There is no 트 (U+D2B8) in font [lmsans10-bold]:+tlig;!
Missing character: There is no 폴 (U+D3F4) in font [lmsans10-bold]:+tlig;!
Missing character: There is no 더 (U+B354) in font [lmsans10-bold]:+tlig;!
Missing character: There is no 여 (U+C5EC) in font [lmsans10-bold]:+tlig;!
Missing character: There is no 는 (U+B294) in font [lmsans10-bold]:+tlig;!
Missing character: There is no 법 (U+BC95) in font [lmsans10-bold]:+tlig;!
Missing character: There is no 에 (U+C5D0) in font [lmsans10-bold]:+tlig;!
Missing character: There is no 서 (U+C11C) in font [lmsans10-bold]:+tlig;!
Missing character: There is no 프 (U+D504) in font [lmsans10-bold]:+tlig;!
Missing character: There is no 로 (U+B85C) in font [lmsans10-bold]:+tlig;!
Missing character: There is no 젝 (U+C81D) in font [lmsans10-bold]:+tlig;!
Missing character: There is no 트 (U+D2B8) in font [lmsans10-bold]:+tlig;!
Missing character: There is no 폴 (U+D3F4) in font [lmsans10-bold]:+tlig;!
Missing character: There is no 더 (U+B354) in font [lmsans10-bold]:+tlig;!
Missing character: There is no 여 (U+C5EC) in font [lmsans10-bold]:+tlig;!
Missing character: There is no 는 (U+B294) in font [lmsans10-bold]:+tlig;!
Missing character: There is no 법 (U+BC95) in font [lmsans10-bold]:+tlig;!
Missing character: There is no 윈 (U+C708) in font [lmroman10-regular]:+tlig;!
Missing character: There is no 도 (U+B3C4) in font [lmroman10-regular]:+tlig;!
Missing character: There is no 윈 (U+C708) in font [lmroman10-regular]:+tlig;!
Missing character: There is no 도 (U+B3C4) in font [lmroman10-regular]:+tlig;!
Missing character: There is no 윈 (U+C708) in font [lmroman10-regular]:+tlig;!
Missing character: There is no 도 (U+B3C4) in font [lmroman10-regular]:+tlig;!
Missing character: There is no 윈 (U+C708) in font [lmroman10-regular]:+tlig;!
Missing character: There is no 도 (U+B3C4) in font [lmroman10-regular]:+tlig;!
Missing character: There is no 윈 (U+C708) in font [lmroman10-regular]:+tlig;!
Missing character: There is no 도 (U+B3C4) in font [lmroman10-regular]:+tlig;!
Missing character: There is no 윈 (U+C708) in font [lmroman10-regular]:+tlig;!
Missing character: There is no 도 (U+B3C4) in font [lmroman10-regular]:+tlig;!
Missing character: There is no 윈 (U+C708) in font [lmroman10-regular]:+tlig;!
Missing character: There is no 도 (U+B3C4) in font [lmroman10-regular]:+tlig;!
Missing character: There is no 윈 (U+C708) in font [lmroman10-regular]:+tlig;!
Missing character: There is no 도 (U+B3C4) in font [lmroman10-regular]:+tlig;!
Missing character: There is no 우 (U+C6B0) in font [lmroman10-regular]:+tlig;!
Missing character: There is no 프 (U+D504) in font [lmroman10-regular]:+tlig;!
Missing character: There is no 로 (U+B85C) in font [lmroman10-regular]:+tlig;!
Missing character: There is no 그 (U+ADF8) in font [lmroman10-regular]:+tlig;!
Missing character: There is no 램 (U+B7A8) in font [lmroman10-regular]:+tlig;!
Missing character: There is no 창 (U+CC3D) in font [lmroman10-regular]:+tlig;!
Missing character: There is no 에 (U+C5D0) in font [lmroman10-regular]:+tlig;!
Missing character: There is no 서 (U+C11C) in font [lmroman10-regular]:+tlig;!
Missing character: There is no 검 (U+AC80) in font [lmroman10-regular]:+tlig;!
Missing character: There is no 색 (U+C0C9) in font [lmroman10-regular]:+tlig;!
Missing character: There is no 해 (U+D574) in font [lmroman10-regular]:+tlig;!
Missing character: There is no 서 (U+C11C) in font [lmroman10-regular]:+tlig;!
Missing character: There is no 열 (U+C5F4) in font [lmroman10-regular]:+tlig;!
Missing character: There is no 기 (U+AE30) in font [lmroman10-regular]:+tlig;!
Missing character: There is no 윈 (U+C708) in font [lmroman10-regular]:+tlig;!
Missing character: There is no 도 (U+B3C4) in font [lmroman10-regular]:+tlig;!
Missing character: There is no 우 (U+C6B0) in font [lmroman10-regular]:+tlig;!
Missing character: There is no 프 (U+D504) in font [lmroman10-regular]:+tlig;!
Missing character: There is no 로 (U+B85C) in font [lmroman10-regular]:+tlig;!
Missing character: There is no 그 (U+ADF8) in font [lmroman10-regular]:+tlig;!
Missing character: There is no 램 (U+B7A8) in font [lmroman10-regular]:+tlig;!
Missing character: There is no 창 (U+CC3D) in font [lmroman10-regular]:+tlig;!
Missing character: There is no 에 (U+C5D0) in font [lmroman10-regular]:+tlig;!
Missing character: There is no 서 (U+C11C) in font [lmroman10-regular]:+tlig;!
Missing character: There is no 검 (U+AC80) in font [lmroman10-regular]:+tlig;!
Missing character: There is no 색 (U+C0C9) in font [lmroman10-regular]:+tlig;!
Missing character: There is no 해 (U+D574) in font [lmroman10-regular]:+tlig;!
Missing character: There is no 서 (U+C11C) in font [lmroman10-regular]:+tlig;!
Missing character: There is no 열 (U+C5F4) in font [lmroman10-regular]:+tlig;!
Missing character: There is no 기 (U+AE30) in font [lmroman10-regular]:+tlig;!
<image/basic_prev0.jpeg, id=211, 256.7994pt x 183.5658pt>
File: image/basic_prev0.jpeg Graphic file (type jpg)
<use image/basic_prev0.jpeg>
Package luatex.def Info: image/basic_prev0.jpeg  used on input line 921.
(luatex.def)             Requested size: 256.79877pt x 183.56534pt.
Missing character: There is no 클 (U+D074) in font [lmroman10-regular]:+tlig;!
Missing character: There is no 릭 (U+B9AD) in font [lmroman10-regular]:+tlig;!
Missing character: There is no 클 (U+D074) in font [lmroman10-regular]:+tlig;!
Missing character: There is no 릭 (U+B9AD) in font [lmroman10-regular]:+tlig;!
Missing character: There is no 미 (U+BBF8) in font [lmroman10-regular]:+tlig;!
Missing character: There is no 리 (U+B9AC) in font [lmroman10-regular]:+tlig;!
Missing character: There is no 미 (U+BBF8) in font [lmroman10-regular]:+tlig;!
Missing character: There is no 리 (U+B9AC) in font [lmroman10-regular]:+tlig;!
Missing character: There is no 미 (U+BBF8) in font [lmroman10-regular]:+tlig;!
Missing character: There is no 리 (U+B9AC) in font [lmroman10-regular]:+tlig;!
Missing character: There is no 미 (U+BBF8) in font [lmroman10-regular]:+tlig;!
Missing character: There is no 리 (U+B9AC) in font [lmroman10-regular]:+tlig;!
Missing character: There is no 미 (U+BBF8) in font [lmroman10-regular]:+tlig;!
Missing character: There is no 리 (U+B9AC) in font [lmroman10-regular]:+tlig;!
Missing character: There is no 미 (U+BBF8) in font [lmroman10-regular]:+tlig;!
Missing character: There is no 리 (U+B9AC) in font [lmroman10-regular]:+tlig;!
Missing character: There is no 미 (U+BBF8) in font [lmroman10-regular]:+tlig;!
Missing character: There is no 리 (U+B9AC) in font [lmroman10-regular]:+tlig;!
<image/basic_prev01.png, id=212, 1512.65125pt x 981.6675pt>
File: image/basic_prev01.png Graphic file (type png)
<use image/basic_prev01.png>
Package luatex.def Info: image/basic_prev01.png  used on input line 925.
(luatex.def)             Requested size: 1512.64757pt x 981.6651pt.
Missing character: There is no 미 (U+BBF8) in font [lmroman10-regular]:+tlig;!
Missing character: There is no 리 (U+B9AC) in font [lmroman10-regular]:+tlig;!
Missing character: There is no 생 (U+C0DD) in font [lmroman10-regular]:+tlig;!
Missing character: There is no 성 (U+C131) in font [lmroman10-regular]:+tlig;!
Missing character: There is no 하 (U+D558) in font [lmroman10-regular]:+tlig;!
Missing character: There is no 여 (U+C5EC) in font [lmroman10-regular]:+tlig;!
Missing character: There is no 둔 (U+B454) in font [lmroman10-regular]:+tlig;!
Missing character: There is no 프 (U+D504) in font [lmroman10-regular]:+tlig;!
Missing character: There is no 로 (U+B85C) in font [lmroman10-regular]:+tlig;!
Missing character: There is no 젝 (U+C81D) in font [lmroman10-regular]:+tlig;!
Missing character: There is no 트 (U+D2B8) in font [lmroman10-regular]:+tlig;!
Missing character: There is no 경 (U+ACBD) in font [lmroman10-regular]:+tlig;!
Missing character: There is no 로 (U+B85C) in font [lmroman10-regular]:+tlig;!
Missing character: There is no 폴 (U+D3F4) in font [lmroman10-regular]:+tlig;!
Missing character: There is no 더 (U+B354) in font [lmroman10-regular]:+tlig;!
Missing character: There is no 선 (U+C120) in font [lmroman10-regular]:+tlig;!
Missing character: There is no 택 (U+D0DD) in font [lmroman10-regular]:+tlig;!
Missing character: There is no 미 (U+BBF8) in font [lmroman10-regular]:+tlig;!
Missing character: There is no 리 (U+B9AC) in font [lmroman10-regular]:+tlig;!
Missing character: There is no 생 (U+C0DD) in font [lmroman10-regular]:+tlig;!
Missing character: There is no 성 (U+C131) in font [lmroman10-regular]:+tlig;!
Missing character: There is no 하 (U+D558) in font [lmroman10-regular]:+tlig;!
Missing character: There is no 여 (U+C5EC) in font [lmroman10-regular]:+tlig;!
Missing character: There is no 둔 (U+B454) in font [lmroman10-regular]:+tlig;!
Missing character: There is no 프 (U+D504) in font [lmroman10-regular]:+tlig;!
Missing character: There is no 로 (U+B85C) in font [lmroman10-regular]:+tlig;!
Missing character: There is no 젝 (U+C81D) in font [lmroman10-regular]:+tlig;!
Missing character: There is no 트 (U+D2B8) in font [lmroman10-regular]:+tlig;!
Missing character: There is no 경 (U+ACBD) in font [lmroman10-regular]:+tlig;!
Missing character: There is no 로 (U+B85C) in font [lmroman10-regular]:+tlig;!
Missing character: There is no 폴 (U+D3F4) in font [lmroman10-regular]:+tlig;!
Missing character: There is no 더 (U+B354) in font [lmroman10-regular]:+tlig;!
Missing character: There is no 선 (U+C120) in font [lmroman10-regular]:+tlig;!
Missing character: There is no 택 (U+D0DD) in font [lmroman10-regular]:+tlig;!
Missing character: There is no 미 (U+BBF8) in font [lmroman10-regular]:+tlig;!
Missing character: There is no 리 (U+B9AC) in font [lmroman10-regular]:+tlig;!
Missing character: There is no 생 (U+C0DD) in font [lmroman10-regular]:+tlig;!
Missing character: There is no 성 (U+C131) in font [lmroman10-regular]:+tlig;!
Missing character: There is no 하 (U+D558) in font [lmroman10-regular]:+tlig;!
Missing character: There is no 여 (U+C5EC) in font [lmroman10-regular]:+tlig;!
Missing character: There is no 둔 (U+B454) in font [lmroman10-regular]:+tlig;!
Missing character: There is no 프 (U+D504) in font [lmroman10-regular]:+tlig;!
Missing character: There is no 로 (U+B85C) in font [lmroman10-regular]:+tlig;!
Missing character: There is no 젝 (U+C81D) in font [lmroman10-regular]:+tlig;!
Missing character: There is no 트 (U+D2B8) in font [lmroman10-regular]:+tlig;!
Missing character: There is no 경 (U+ACBD) in font [lmroman10-regular]:+tlig;!
Missing character: There is no 로 (U+B85C) in font [lmroman10-regular]:+tlig;!
Missing character: There is no 폴 (U+D3F4) in font [lmroman10-regular]:+tlig;!
Missing character: There is no 더 (U+B354) in font [lmroman10-regular]:+tlig;!
Missing character: There is no 선 (U+C120) in font [lmroman10-regular]:+tlig;!
Missing character: There is no 택 (U+D0DD) in font [lmroman10-regular]:+tlig;!
Missing character: There is no 미 (U+BBF8) in font [lmroman10-regular]:+tlig;!
Missing character: There is no 리 (U+B9AC) in font [lmroman10-regular]:+tlig;!
Missing character: There is no 생 (U+C0DD) in font [lmroman10-regular]:+tlig;!
Missing character: There is no 성 (U+C131) in font [lmroman10-regular]:+tlig;!
Missing character: There is no 하 (U+D558) in font [lmroman10-regular]:+tlig;!
Missing character: There is no 여 (U+C5EC) in font [lmroman10-regular]:+tlig;!
Missing character: There is no 둔 (U+B454) in font [lmroman10-regular]:+tlig;!
Missing character: There is no 프 (U+D504) in font [lmroman10-regular]:+tlig;!
Missing character: There is no 로 (U+B85C) in font [lmroman10-regular]:+tlig;!
Missing character: There is no 젝 (U+C81D) in font [lmroman10-regular]:+tlig;!
Missing character: There is no 트 (U+D2B8) in font [lmroman10-regular]:+tlig;!
Missing character: There is no 경 (U+ACBD) in font [lmroman10-regular]:+tlig;!
Missing character: There is no 로 (U+B85C) in font [lmroman10-regular]:+tlig;!
Missing character: There is no 폴 (U+D3F4) in font [lmroman10-regular]:+tlig;!
Missing character: There is no 더 (U+B354) in font [lmroman10-regular]:+tlig;!
Missing character: There is no 선 (U+C120) in font [lmroman10-regular]:+tlig;!
Missing character: There is no 택 (U+D0DD) in font [lmroman10-regular]:+tlig;!
Missing character: There is no 미 (U+BBF8) in font [lmroman10-regular]:+tlig;!
Missing character: There is no 리 (U+B9AC) in font [lmroman10-regular]:+tlig;!
Missing character: There is no 생 (U+C0DD) in font [lmroman10-regular]:+tlig;!
Missing character: There is no 성 (U+C131) in font [lmroman10-regular]:+tlig;!
Missing character: There is no 하 (U+D558) in font [lmroman10-regular]:+tlig;!
Missing character: There is no 여 (U+C5EC) in font [lmroman10-regular]:+tlig;!
Missing character: There is no 둔 (U+B454) in font [lmroman10-regular]:+tlig;!
Missing character: There is no 프 (U+D504) in font [lmroman10-regular]:+tlig;!
Missing character: There is no 로 (U+B85C) in font [lmroman10-regular]:+tlig;!
Missing character: There is no 젝 (U+C81D) in font [lmroman10-regular]:+tlig;!
Missing character: There is no 트 (U+D2B8) in font [lmroman10-regular]:+tlig;!
Missing character: There is no 경 (U+ACBD) in font [lmroman10-regular]:+tlig;!
Missing character: There is no 로 (U+B85C) in font [lmroman10-regular]:+tlig;!
Missing character: There is no 폴 (U+D3F4) in font [lmroman10-regular]:+tlig;!
Missing character: There is no 더 (U+B354) in font [lmroman10-regular]:+tlig;!
Missing character: There is no 선 (U+C120) in font [lmroman10-regular]:+tlig;!
Missing character: There is no 택 (U+D0DD) in font [lmroman10-regular]:+tlig;!

Overfull \hbox (305.48524pt too wide) in paragraph at lines 923--926
[]\TU/lmr/m/n/10.95 미󰀀리󰀀 생󰀀성󰀀하󰀀여󰀀 둔󰀀 프
󰀀로󰀀젝󰀀트󰀀 경󰀀로󰀀 폴󰀀더󰀀 선󰀀택󰀀. \TU/lmt
t/m/n/10.95 D:\2026\2026_sumo_tutorial\basic_example [] 
 []



[24
Missing character: There is no 에 (U+C5D0) in font [lmsans10-bold]:+tlig;!
Missing character: There is no 서 (U+C11C) in font [lmsans10-bold]:+tlig;!
Missing character: There is no 프 (U+D504) in font [lmsans10-bold]:+tlig;!
Missing character: There is no 로 (U+B85C) in font [lmsans10-bold]:+tlig;!
Missing character: There is no 젝 (U+C81D) in font [lmsans10-bold]:+tlig;!
Missing character: There is no 트 (U+D2B8) in font [lmsans10-bold]:+tlig;!
Missing character: There is no 폴 (U+D3F4) in font [lmsans10-bold]:+tlig;!
Missing character: There is no 더 (U+B354) in font [lmsans10-bold]:+tlig;!
Missing character: There is no 여 (U+C5EC) in font [lmsans10-bold]:+tlig;!
Missing character: There is no 는 (U+B294) in font [lmsans10-bold]:+tlig;!
Missing character: There is no 법 (U+BC95) in font [lmsans10-bold]:+tlig;!
Missing character: There is no 윈 (U+C708) in font [lmroman10-regular]:+tlig;!
Missing character: There is no 도 (U+B3C4) in font [lmroman10-regular]:+tlig;!
Missing character: There is no 우 (U+C6B0) in font [lmroman10-regular]:+tlig;!
Missing character: There is no 프 (U+D504) in font [lmroman10-regular]:+tlig;!
Missing character: There is no 로 (U+B85C) in font [lmroman10-regular]:+tlig;!
Missing character: There is no 그 (U+ADF8) in font [lmroman10-regular]:+tlig;!
Missing character: There is no 램 (U+B7A8) in font [lmroman10-regular]:+tlig;!
Missing character: There is no 창 (U+CC3D) in font [lmroman10-regular]:+tlig;!
Missing character: There is no 에 (U+C5D0) in font [lmroman10-regular]:+tlig;!
Missing character: There is no 서 (U+C11C) in font [lmroman10-regular]:+tlig;!
Missing character: There is no 검 (U+AC80) in font [lmroman10-regular]:+tlig;!
Missing character: There is no 색 (U+C0C9) in font [lmroman10-regular]:+tlig;!
Missing character: There is no 해 (U+D574) in font [lmroman10-regular]:+tlig;!
Missing character: There is no 서 (U+C11C) in font [lmroman10-regular]:+tlig;!
Missing character: There is no 열 (U+C5F4) in font [lmroman10-regular]:+tlig;!
Missing character: There is no 기 (U+AE30) in font [lmroman10-regular]:+tlig;!
Missing character: There is no 클 (U+D074) in font [lmroman10-regular]:+tlig;!
Missing character: There is no 릭 (U+B9AD) in font [lmroman10-regular]:+tlig;!
<./image/page-17.png><./image/basic_prev0.jpeg>]
Missing character: There is no 에 (U+C5D0) in font [lmsans10-bold]:+tlig;!
Missing character: There is no 서 (U+C11C) in font [lmsans10-bold]:+tlig;!
Missing character: There is no 여 (U+C5EC) in font [lmsans10-bold]:+tlig;!
Missing character: There is no 는 (U+B294) in font [lmsans10-bold]:+tlig;!
Missing character: There is no 법 (U+BC95) in font [lmsans10-bold]:+tlig;!
Missing character: There is no 에 (U+C5D0) in font [lmsans10-bold]:+tlig;!
Missing character: There is no 서 (U+C11C) in font [lmsans10-bold]:+tlig;!
Missing character: There is no 여 (U+C5EC) in font [lmsans10-bold]:+tlig;!
Missing character: There is no 는 (U+B294) in font [lmsans10-bold]:+tlig;!
Missing character: There is no 법 (U+BC95) in font [lmsans10-bold]:+tlig;!
Missing character: There is no 단 (U+B2E8) in font [lmroman10-regular]:+tlig;!
Missing character: There is no 축 (U+CD95) in font [lmroman10-regular]:+tlig;!
Missing character: There is no 단 (U+B2E8) in font [lmroman10-regular]:+tlig;!
Missing character: There is no 축 (U+CD95) in font [lmroman10-regular]:+tlig;!
Missing character: There is no 단 (U+B2E8) in font [lmroman10-regular]:+tlig;!
Missing character: There is no 축 (U+CD95) in font [lmroman10-regular]:+tlig;!
Missing character: There is no 단 (U+B2E8) in font [lmroman10-regular]:+tlig;!
Missing character: There is no 축 (U+CD95) in font [lmroman10-regular]:+tlig;!
Missing character: There is no 단 (U+B2E8) in font [lmroman10-regular]:+tlig;!
Missing character: There is no 축 (U+CD95) in font [lmroman10-regular]:+tlig;!
Missing character: There is no 단 (U+B2E8) in font [lmroman10-regular]:+tlig;!
Missing character: There is no 축 (U+CD95) in font [lmroman10-regular]:+tlig;!
Missing character: There is no 단 (U+B2E8) in font [lmroman10-regular]:+tlig;!
Missing character: There is no 축 (U+CD95) in font [lmroman10-regular]:+tlig;!
Missing character: There is no 단 (U+B2E8) in font [lmroman10-regular]:+tlig;!
Missing character: There is no 축 (U+CD95) in font [lmroman10-regular]:+tlig;!
Missing character: There is no 키 (U+D0A4) in font [lmroman10-regular]:+tlig;!
Missing character: There is no 누 (U+B204) in font [lmroman10-regular]:+tlig;!
Missing character: There is no 르 (U+B974) in font [lmroman10-regular]:+tlig;!
Missing character: There is no 기 (U+AE30) in font [lmroman10-regular]:+tlig;!
Missing character: There is no 클 (U+D074) in font [lmroman10-regular]:+tlig;!
Missing character: There is no 릭 (U+B9AD) in font [lmroman10-regular]:+tlig;!
Missing character: There is no 단 (U+B2E8) in font [lmroman10-regular]:+tlig;!
Missing character: There is no 축 (U+CD95) in font [lmroman10-regular]:+tlig;!
Missing character: There is no 키 (U+D0A4) in font [lmroman10-regular]:+tlig;!
Missing character: There is no 누 (U+B204) in font [lmroman10-regular]:+tlig;!
Missing character: There is no 르 (U+B974) in font [lmroman10-regular]:+tlig;!
Missing character: There is no 기 (U+AE30) in font [lmroman10-regular]:+tlig;!
Missing character: There is no 클 (U+D074) in font [lmroman10-regular]:+tlig;!
Missing character: There is no 릭 (U+B9AD) in font [lmroman10-regular]:+tlig;!
Missing character: There is no 하 (U+D558) in font [lmroman10-regular]:+tlig;!
Missing character: There is no 단 (U+B2E8) in font [lmroman10-regular]:+tlig;!
Missing character: There is no 하 (U+D558) in font [lmroman10-regular]:+tlig;!
Missing character: There is no 단 (U+B2E8) in font [lmroman10-regular]:+tlig;!
Missing character: There is no 하 (U+D558) in font [lmroman10-regular]:+tlig;!
Missing character: There is no 단 (U+B2E8) in font [lmroman10-regular]:+tlig;!
Missing character: There is no 하 (U+D558) in font [lmroman10-regular]:+tlig;!
Missing character: There is no 단 (U+B2E8) in font [lmroman10-regular]:+tlig;!
Missing character: There is no 하 (U+D558) in font [lmroman10-regular]:+tlig;!
Missing character: There is no 단 (U+B2E8) in font [lmroman10-regular]:+tlig;!
Missing character: There is no 하 (U+D558) in font [lmroman10-regular]:+tlig;!
Missing character: There is no 단 (U+B2E8) in font [lmroman10-regular]:+tlig;!
Missing character: There is no 하 (U+D558) in font [lmroman10-regular]:+tlig;!
Missing character: There is no 단 (U+B2E8) in font [lmroman10-regular]:+tlig;!
<image/basic_prev02.png, id=221, 1882.03125pt x 1009.7725pt>
File: image/basic_prev02.png Graphic file (type png)
<use image/basic_prev02.png>
Package luatex.def Info: image/basic_prev02.png  used on input line 941.
(luatex.def)             Requested size: 1882.02667pt x 1009.77003pt.
Missing character: There is no 하 (U+D558) in font [lmroman10-regular]:+tlig;!
Missing character: There is no 단 (U+B2E8) in font [lmroman10-regular]:+tlig;!
Missing character: There is no 에 (U+C5D0) in font [lmroman10-regular]:+tlig;!
Missing character: There is no 서 (U+C11C) in font [lmroman10-regular]:+tlig;!
Missing character: There is no 을 (U+C744) in font [lmroman10-regular]:+tlig;!
Missing character: There is no 고 (U+ACE0) in font [lmroman10-regular]:+tlig;!
Missing character: There is no 르 (U+B974) in font [lmroman10-regular]:+tlig;!
Missing character: There is no 고 (U+ACE0) in font [lmroman10-regular]:+tlig;!
Missing character: There is no 버 (U+BC84) in font [lmroman10-regular]:+tlig;!
Missing character: There is no 튼 (U+D2BC) in font [lmroman10-regular]:+tlig;!
Missing character: There is no 을 (U+C744) in font [lmroman10-regular]:+tlig;!
Missing character: There is no 누 (U+B204) in font [lmroman10-regular]:+tlig;!
Missing character: There is no 르 (U+B974) in font [lmroman10-regular]:+tlig;!
Missing character: There is no 고 (U+ACE0) in font [lmroman10-regular]:+tlig;!
Missing character: There is no 선 (U+C120) in font [lmroman10-regular]:+tlig;!
Missing character: There is no 택 (U+D0DD) in font [lmroman10-regular]:+tlig;!
Missing character: There is no 하 (U+D558) in font [lmroman10-regular]:+tlig;!
Missing character: There is no 단 (U+B2E8) in font [lmroman10-regular]:+tlig;!
Missing character: There is no 에 (U+C5D0) in font [lmroman10-regular]:+tlig;!
Missing character: There is no 서 (U+C11C) in font [lmroman10-regular]:+tlig;!
Missing character: There is no 을 (U+C744) in font [lmroman10-regular]:+tlig;!
Missing character: There is no 고 (U+ACE0) in font [lmroman10-regular]:+tlig;!
Missing character: There is no 르 (U+B974) in font [lmroman10-regular]:+tlig;!
Missing character: There is no 고 (U+ACE0) in font [lmroman10-regular]:+tlig;!
Missing character: There is no 버 (U+BC84) in font [lmroman10-regular]:+tlig;!
Missing character: There is no 튼 (U+D2BC) in font [lmroman10-regular]:+tlig;!
Missing character: There is no 을 (U+C744) in font [lmroman10-regular]:+tlig;!
Missing character: There is no 누 (U+B204) in font [lmroman10-regular]:+tlig;!
Missing character: There is no 르 (U+B974) in font [lmroman10-regular]:+tlig;!
Missing character: There is no 고 (U+ACE0) in font [lmroman10-regular]:+tlig;!
Missing character: There is no 선 (U+C120) in font [lmroman10-regular]:+tlig;!
Missing character: There is no 택 (U+D0DD) in font [lmroman10-regular]:+tlig;!
Missing character: There is no 하 (U+D558) in font [lmroman10-regular]:+tlig;!
Missing character: There is no 단 (U+B2E8) in font [lmroman10-regular]:+tlig;!
Missing character: There is no 에 (U+C5D0) in font [lmroman10-regular]:+tlig;!
Missing character: There is no 서 (U+C11C) in font [lmroman10-regular]:+tlig;!
Missing character: There is no 을 (U+C744) in font [lmroman10-regular]:+tlig;!
Missing character: There is no 고 (U+ACE0) in font [lmroman10-regular]:+tlig;!
Missing character: There is no 르 (U+B974) in font [lmroman10-regular]:+tlig;!
Missing character: There is no 고 (U+ACE0) in font [lmroman10-regular]:+tlig;!
Missing character: There is no 버 (U+BC84) in font [lmroman10-regular]:+tlig;!
Missing character: There is no 튼 (U+D2BC) in font [lmroman10-regular]:+tlig;!
Missing character: There is no 을 (U+C744) in font [lmroman10-regular]:+tlig;!
Missing character: There is no 누 (U+B204) in font [lmroman10-regular]:+tlig;!
Missing character: There is no 르 (U+B974) in font [lmroman10-regular]:+tlig;!
Missing character: There is no 고 (U+ACE0) in font [lmroman10-regular]:+tlig;!
Missing character: There is no 선 (U+C120) in font [lmroman10-regular]:+tlig;!
Missing character: There is no 택 (U+D0DD) in font [lmroman10-regular]:+tlig;!
Missing character: There is no 하 (U+D558) in font [lmroman10-regular]:+tlig;!
Missing character: There is no 단 (U+B2E8) in font [lmroman10-regular]:+tlig;!
Missing character: There is no 에 (U+C5D0) in font [lmroman10-regular]:+tlig;!
Missing character: There is no 서 (U+C11C) in font [lmroman10-regular]:+tlig;!
Missing character: There is no 을 (U+C744) in font [lmroman10-regular]:+tlig;!
Missing character: There is no 고 (U+ACE0) in font [lmroman10-regular]:+tlig;!
Missing character: There is no 르 (U+B974) in font [lmroman10-regular]:+tlig;!
Missing character: There is no 고 (U+ACE0) in font [lmroman10-regular]:+tlig;!
Missing character: There is no 버 (U+BC84) in font [lmroman10-regular]:+tlig;!
Missing character: There is no 튼 (U+D2BC) in font [lmroman10-regular]:+tlig;!
Missing character: There is no 을 (U+C744) in font [lmroman10-regular]:+tlig;!
Missing character: There is no 누 (U+B204) in font [lmroman10-regular]:+tlig;!
Missing character: There is no 르 (U+B974) in font [lmroman10-regular]:+tlig;!
Missing character: There is no 고 (U+ACE0) in font [lmroman10-regular]:+tlig;!
Missing character: There is no 선 (U+C120) in font [lmroman10-regular]:+tlig;!
Missing character: There is no 택 (U+D0DD) in font [lmroman10-regular]:+tlig;!
Missing character: There is no 하 (U+D558) in font [lmroman10-regular]:+tlig;!
Missing character: There is no 단 (U+B2E8) in font [lmroman10-regular]:+tlig;!
Missing character: There is no 에 (U+C5D0) in font [lmroman10-regular]:+tlig;!
Missing character: There is no 서 (U+C11C) in font [lmroman10-regular]:+tlig;!
Missing character: There is no 을 (U+C744) in font [lmroman10-regular]:+tlig;!
Missing character: There is no 고 (U+ACE0) in font [lmroman10-regular]:+tlig;!
Missing character: There is no 르 (U+B974) in font [lmroman10-regular]:+tlig;!
Missing character: There is no 고 (U+ACE0) in font [lmroman10-regular]:+tlig;!
Missing character: There is no 버 (U+BC84) in font [lmroman10-regular]:+tlig;!
Missing character: There is no 튼 (U+D2BC) in font [lmroman10-regular]:+tlig;!
Missing character: There is no 을 (U+C744) in font [lmroman10-regular]:+tlig;!
Missing character: There is no 누 (U+B204) in font [lmroman10-regular]:+tlig;!
Missing character: There is no 르 (U+B974) in font [lmroman10-regular]:+tlig;!
Missing character: There is no 고 (U+ACE0) in font [lmroman10-regular]:+tlig;!
Missing character: There is no 선 (U+C120) in font [lmroman10-regular]:+tlig;!
Missing character: There is no 택 (U+D0DD) in font [lmroman10-regular]:+tlig;!

Overfull \hbox (249.31464pt too wide) in paragraph at lines 939--942
[]\TU/lmr/m/n/10.95 하󰀀단󰀀 Tabl에󰀀서󰀀 Ter-mi-anl tab을󰀀 
고󰀀르󰀀고󰀀, + 버󰀀튼󰀀을󰀀 누󰀀르󰀀고󰀀 Com-mand Pr
ompt 선󰀀택󰀀 [] 
 []



[25
Missing character: There is no 미 (U+BBF8) in font [lmroman10-regular]:+tlig;!
Missing character: There is no 리 (U+B9AC) in font [lmroman10-regular]:+tlig;!
Missing character: There is no 생 (U+C0DD) in font [lmroman10-regular]:+tlig;!
Missing character: There is no 성 (U+C131) in font [lmroman10-regular]:+tlig;!
Missing character: There is no 하 (U+D558) in font [lmroman10-regular]:+tlig;!
Missing character: There is no 여 (U+C5EC) in font [lmroman10-regular]:+tlig;!
Missing character: There is no 둔 (U+B454) in font [lmroman10-regular]:+tlig;!
Missing character: There is no 프 (U+D504) in font [lmroman10-regular]:+tlig;!
Missing character: There is no 로 (U+B85C) in font [lmroman10-regular]:+tlig;!
Missing character: There is no 젝 (U+C81D) in font [lmroman10-regular]:+tlig;!
Missing character: There is no 트 (U+D2B8) in font [lmroman10-regular]:+tlig;!
Missing character: There is no 경 (U+ACBD) in font [lmroman10-regular]:+tlig;!
Missing character: There is no 로 (U+B85C) in font [lmroman10-regular]:+tlig;!
Missing character: There is no 폴 (U+D3F4) in font [lmroman10-regular]:+tlig;!
Missing character: There is no 더 (U+B354) in font [lmroman10-regular]:+tlig;!
Missing character: There is no 선 (U+C120) in font [lmroman10-regular]:+tlig;!
Missing character: There is no 택 (U+D0DD) in font [lmroman10-regular]:+tlig;!
Missing character: There is no 에 (U+C5D0) in font [lmsans10-bold]:+tlig;!
Missing character: There is no 서 (U+C11C) in font [lmsans10-bold]:+tlig;!
Missing character: There is no 여 (U+C5EC) in font [lmsans10-bold]:+tlig;!
Missing character: There is no 는 (U+B294) in font [lmsans10-bold]:+tlig;!
Missing character: There is no 법 (U+BC95) in font [lmsans10-bold]:+tlig;!
Missing character: There is no 단 (U+B2E8) in font [lmroman10-regular]:+tlig;!
Missing character: There is no 축 (U+CD95) in font [lmroman10-regular]:+tlig;!
Missing character: There is no 키 (U+D0A4) in font [lmroman10-regular]:+tlig;!
Missing character: There is no 누 (U+B204) in font [lmroman10-regular]:+tlig;!
Missing character: There is no 르 (U+B974) in font [lmroman10-regular]:+tlig;!
Missing character: There is no 기 (U+AE30) in font [lmroman10-regular]:+tlig;!
Missing character: There is no 클 (U+D074) in font [lmroman10-regular]:+tlig;!
Missing character: There is no 릭 (U+B9AD) in font [lmroman10-regular]:+tlig;!
Missing character: There is no 하 (U+D558) in font [lmroman10-regular]:+tlig;!
Missing character: There is no 단 (U+B2E8) in font [lmroman10-regular]:+tlig;!
Missing character: There is no 에 (U+C5D0) in font [lmroman10-regular]:+tlig;!
Missing character: There is no 서 (U+C11C) in font [lmroman10-regular]:+tlig;!
Missing character: There is no 을 (U+C744) in font [lmroman10-regular]:+tlig;!
Missing character: There is no 고 (U+ACE0) in font [lmroman10-regular]:+tlig;!
Missing character: There is no 르 (U+B974) in font [lmroman10-regular]:+tlig;!
Missing character: There is no 고 (U+ACE0) in font [lmroman10-regular]:+tlig;!
Missing character: There is no 버 (U+BC84) in font [lmroman10-regular]:+tlig;!
Missing character: There is no 튼 (U+D2BC) in font [lmroman10-regular]:+tlig;!
Missing character: There is no 을 (U+C744) in font [lmroman10-regular]:+tlig;!
Missing character: There is no 누 (U+B204) in font [lmroman10-regular]:+tlig;!
Missing character: There is no 르 (U+B974) in font [lmroman10-regular]:+tlig;!
Missing character: There is no 고 (U+ACE0) in font [lmroman10-regular]:+tlig;!
Missing character: There is no 선 (U+C120) in font [lmroman10-regular]:+tlig;!
Missing character: There is no 택 (U+D0DD) in font [lmroman10-regular]:+tlig;!
<./image/basic_prev01.png><./image/basic_prev02.png>]
chapter 6.
Missing character: There is no 그 (U+ADF8) in font [lmsans10-bold]:+tlig;!
Missing character: There is no 리 (U+B9AC) in font [lmsans10-bold]:+tlig;!
Missing character: There is no 기 (U+AE30) in font [lmsans10-bold]:+tlig;!
Missing character: There is no 그 (U+ADF8) in font [lmsans10-bold]:+tlig;!
Missing character: There is no 리 (U+B9AC) in font [lmsans10-bold]:+tlig;!
Missing character: There is no 기 (U+AE30) in font [lmsans10-bold]:+tlig;!
Missing character: There is no 프 (U+D504) in font [lmroman10-regular]:+tlig;!
Missing character: There is no 로 (U+B85C) in font [lmroman10-regular]:+tlig;!
Missing character: There is no 그 (U+ADF8) in font [lmroman10-regular]:+tlig;!
Missing character: There is no 램 (U+B7A8) in font [lmroman10-regular]:+tlig;!
Missing character: There is no 창 (U+CC3D) in font [lmroman10-regular]:+tlig;!
Missing character: There is no 열 (U+C5F4) in font [lmroman10-regular]:+tlig;!
Missing character: There is no 고 (U+ACE0) in font [lmroman10-regular]:+tlig;!
Missing character: There is no 입 (U+C785) in font [lmroman10-regular]:+tlig;!
Missing character: There is no 력 (U+B825) in font [lmroman10-regular]:+tlig;!
Missing character: There is no 하 (U+D558) in font [lmroman10-regular]:+tlig;!
Missing character: There is no 여 (U+C5EC) in font [lmroman10-regular]:+tlig;!
Missing character: There is no 편 (U+D3B8) in font [lmroman10-regular]:+tlig;!
Missing character: There is no 집 (U+C9D1) in font [lmroman10-regular]:+tlig;!
Missing character: There is no 기 (U+AE30) in font [lmroman10-regular]:+tlig;!
Missing character: There is no 켜 (U+CF1C) in font [lmroman10-regular]:+tlig;!
Missing character: There is no 기 (U+AE30) in font [lmroman10-regular]:+tlig;!
Missing character: There is no 프 (U+D504) in font [lmroman10-regular]:+tlig;!
Missing character: There is no 로 (U+B85C) in font [lmroman10-regular]:+tlig;!
Missing character: There is no 그 (U+ADF8) in font [lmroman10-regular]:+tlig;!
Missing character: There is no 램 (U+B7A8) in font [lmroman10-regular]:+tlig;!
Missing character: There is no 창 (U+CC3D) in font [lmroman10-regular]:+tlig;!
Missing character: There is no 열 (U+C5F4) in font [lmroman10-regular]:+tlig;!
Missing character: There is no 고 (U+ACE0) in font [lmroman10-regular]:+tlig;!
Missing character: There is no 입 (U+C785) in font [lmroman10-regular]:+tlig;!
Missing character: There is no 력 (U+B825) in font [lmroman10-regular]:+tlig;!
Missing character: There is no 하 (U+D558) in font [lmroman10-regular]:+tlig;!
Missing character: There is no 여 (U+C5EC) in font [lmroman10-regular]:+tlig;!
Missing character: There is no 편 (U+D3B8) in font [lmroman10-regular]:+tlig;!
Missing character: There is no 집 (U+C9D1) in font [lmroman10-regular]:+tlig;!
Missing character: There is no 기 (U+AE30) in font [lmroman10-regular]:+tlig;!
Missing character: There is no 켜 (U+CF1C) in font [lmroman10-regular]:+tlig;!
Missing character: There is no 기 (U+AE30) in font [lmroman10-regular]:+tlig;!
Missing character: There is no 클 (U+D074) in font [lmroman10-regular]:+tlig;!
Missing character: There is no 릭 (U+B9AD) in font [lmroman10-regular]:+tlig;!
Missing character: There is no 클 (U+D074) in font [lmroman10-regular]:+tlig;!
Missing character: There is no 릭 (U+B9AD) in font [lmroman10-regular]:+tlig;!
Missing character: There is no 클 (U+D074) in font [lmroman10-regular]:+tlig;!
Missing character: There is no 릭 (U+B9AD) in font [lmroman10-regular]:+tlig;!
Missing character: There is no 클 (U+D074) in font [lmroman10-regular]:+tlig;!
Missing character: There is no 릭 (U+B9AD) in font [lmroman10-regular]:+tlig;!
Missing character: There is no 프 (U+D504) in font [lmroman10-regular]:+tlig;!
Missing character: There is no 로 (U+B85C) in font [lmroman10-regular]:+tlig;!
Missing character: There is no 프 (U+D504) in font [lmroman10-regular]:+tlig;!
Missing character: There is no 로 (U+B85C) in font [lmroman10-regular]:+tlig;!
Missing character: There is no 프 (U+D504) in font [lmroman10-regular]:+tlig;!
Missing character: There is no 로 (U+B85C) in font [lmroman10-regular]:+tlig;!
Missing character: There is no 프 (U+D504) in font [lmroman10-regular]:+tlig;!
Missing character: There is no 로 (U+B85C) in font [lmroman10-regular]:+tlig;!
Missing character: There is no 프 (U+D504) in font [lmroman10-regular]:+tlig;!
Missing character: There is no 로 (U+B85C) in font [lmroman10-regular]:+tlig;!
Missing character: There is no 프 (U+D504) in font [lmroman10-regular]:+tlig;!
Missing character: There is no 로 (U+B85C) in font [lmroman10-regular]:+tlig;!
Missing character: There is no 프 (U+D504) in font [lmroman10-regular]:+tlig;!
Missing character: There is no 로 (U+B85C) in font [lmroman10-regular]:+tlig;!
Missing character: There is no 프 (U+D504) in font [lmroman10-regular]:+tlig;!
Missing character: There is no 로 (U+B85C) in font [lmroman10-regular]:+tlig;!
Missing character: There is no 젝 (U+C81D) in font [lmroman10-regular]:+tlig;!
Missing character: There is no 트 (U+D2B8) in font [lmroman10-regular]:+tlig;!
Missing character: There is no 폴 (U+D3F4) in font [lmroman10-regular]:+tlig;!
Missing character: There is no 더 (U+B354) in font [lmroman10-regular]:+tlig;!
Missing character: There is no 선 (U+C120) in font [lmroman10-regular]:+tlig;!
Missing character: There is no 택 (U+D0DD) in font [lmroman10-regular]:+tlig;!
Missing character: There is no 프 (U+D504) in font [lmroman10-regular]:+tlig;!
Missing character: There is no 로 (U+B85C) in font [lmroman10-regular]:+tlig;!
Missing character: There is no 젝 (U+C81D) in font [lmroman10-regular]:+tlig;!
Missing character: There is no 트 (U+D2B8) in font [lmroman10-regular]:+tlig;!
Missing character: There is no 폴 (U+D3F4) in font [lmroman10-regular]:+tlig;!
Missing character: There is no 더 (U+B354) in font [lmroman10-regular]:+tlig;!
Missing character: There is no 선 (U+C120) in font [lmroman10-regular]:+tlig;!
Missing character: There is no 택 (U+D0DD) in font [lmroman10-regular]:+tlig;!
Missing character: There is no 파 (U+D30C) in font [lmroman10-regular]:+tlig;!
Missing character: There is no 일 (U+C77C) in font [lmroman10-regular]:+tlig;!
Missing character: There is no 파 (U+D30C) in font [lmroman10-regular]:+tlig;!
Missing character: There is no 일 (U+C77C) in font [lmroman10-regular]:+tlig;!
Missing character: There is no 파 (U+D30C) in font [lmroman10-regular]:+tlig;!
Missing character: There is no 일 (U+C77C) in font [lmroman10-regular]:+tlig;!
Missing character: There is no 파 (U+D30C) in font [lmroman10-regular]:+tlig;!
Missing character: There is no 일 (U+C77C) in font [lmroman10-regular]:+tlig;!
Missing character: There is no 파 (U+D30C) in font [lmroman10-regular]:+tlig;!
Missing character: There is no 일 (U+C77C) in font [lmroman10-regular]:+tlig;!
Missing character: There is no 파 (U+D30C) in font [lmroman10-regular]:+tlig;!
Missing character: There is no 일 (U+C77C) in font [lmroman10-regular]:+tlig;!
Missing character: There is no 파 (U+D30C) in font [lmroman10-regular]:+tlig;!
Missing character: There is no 일 (U+C77C) in font [lmroman10-regular]:+tlig;!
Missing character: There is no 파 (U+D30C) in font [lmroman10-regular]:+tlig;!
Missing character: There is no 일 (U+C77C) in font [lmroman10-regular]:+tlig;!
Missing character: There is no 명 (U+BA85) in font [lmroman10-regular]:+tlig;!
Missing character: There is no 으 (U+C73C) in font [lmroman10-regular]:+tlig;!
Missing character: There is no 로 (U+B85C) in font [lmroman10-regular]:+tlig;!
Missing character: There is no 입 (U+C785) in font [lmroman10-regular]:+tlig;!
Missing character: There is no 력 (U+B825) in font [lmroman10-regular]:+tlig;!
Missing character: There is no 파 (U+D30C) in font [lmroman10-regular]:+tlig;!
Missing character: There is no 일 (U+C77C) in font [lmroman10-regular]:+tlig;!
Missing character: There is no 명 (U+BA85) in font [lmroman10-regular]:+tlig;!
Missing character: There is no 으 (U+C73C) in font [lmroman10-regular]:+tlig;!
Missing character: There is no 로 (U+B85C) in font [lmroman10-regular]:+tlig;!
Missing character: There is no 입 (U+C785) in font [lmroman10-regular]:+tlig;!
Missing character: There is no 력 (U+B825) in font [lmroman10-regular]:+tlig;!
Missing character: There is no 클 (U+D074) in font [lmroman10-regular]:+tlig;!
Missing character: There is no 릭 (U+B9AD) in font [lmroman10-regular]:+tlig;!
Missing character: There is no 클 (U+D074) in font [lmroman10-regular]:+tlig;!
Missing character: There is no 릭 (U+B9AD) in font [lmroman10-regular]:+tlig;!
Missing character: There is no 해 (U+D574) in font [lmroman10-regular]:+tlig;!
Missing character: There is no 서 (U+C11C) in font [lmroman10-regular]:+tlig;!
Missing character: There is no 아 (U+C544) in font [lmroman10-regular]:+tlig;!
Missing character: There is no 래 (U+B798) in font [lmroman10-regular]:+tlig;!
Missing character: There is no 그 (U+ADF8) in font [lmroman10-regular]:+tlig;!
Missing character: There is no 림 (U+B9BC) in font [lmroman10-regular]:+tlig;!
Missing character: There is no 과 (U+ACFC) in font [lmroman10-regular]:+tlig;!
Missing character: There is no 같 (U+AC19) in font [lmroman10-regular]:+tlig;!
Missing character: There is no 이 (U+C774) in font [lmroman10-regular]:+tlig;!
Missing character: There is no 그 (U+ADF8) in font [lmroman10-regular]:+tlig;!
Missing character: There is no 리 (U+B9AC) in font [lmroman10-regular]:+tlig;!
Missing character: There is no 기 (U+AE30) in font [lmroman10-regular]:+tlig;!
Missing character: There is no 클 (U+D074) in font [lmroman10-regular]:+tlig;!
Missing character: There is no 릭 (U+B9AD) in font [lmroman10-regular]:+tlig;!
Missing character: There is no 클 (U+D074) in font [lmroman10-regular]:+tlig;!
Missing character: There is no 릭 (U+B9AD) in font [lmroman10-regular]:+tlig;!
Missing character: There is no 해 (U+D574) in font [lmroman10-regular]:+tlig;!
Missing character: There is no 서 (U+C11C) in font [lmroman10-regular]:+tlig;!
Missing character: There is no 아 (U+C544) in font [lmroman10-regular]:+tlig;!
Missing character: There is no 래 (U+B798) in font [lmroman10-regular]:+tlig;!
Missing character: There is no 그 (U+ADF8) in font [lmroman10-regular]:+tlig;!
Missing character: There is no 림 (U+B9BC) in font [lmroman10-regular]:+tlig;!
Missing character: There is no 과 (U+ACFC) in font [lmroman10-regular]:+tlig;!
Missing character: There is no 같 (U+AC19) in font [lmroman10-regular]:+tlig;!
Missing character: There is no 이 (U+C774) in font [lmroman10-regular]:+tlig;!
Missing character: There is no 그 (U+ADF8) in font [lmroman10-regular]:+tlig;!
Missing character: There is no 리 (U+B9AC) in font [lmroman10-regular]:+tlig;!
Missing character: There is no 기 (U+AE30) in font [lmroman10-regular]:+tlig;!
Missing character: There is no 완 (U+C644) in font [lmroman10-regular]:+tlig;!
Missing character: There is no 성 (U+C131) in font [lmroman10-regular]:+tlig;!
Missing character: There is no 완 (U+C644) in font [lmroman10-regular]:+tlig;!
Missing character: There is no 성 (U+C131) in font [lmroman10-regular]:+tlig;!
Missing character: There is no 완 (U+C644) in font [lmroman10-regular]:+tlig;!
Missing character: There is no 성 (U+C131) in font [lmroman10-regular]:+tlig;!
Missing character: There is no 완 (U+C644) in font [lmroman10-regular]:+tlig;!
Missing character: There is no 성 (U+C131) in font [lmroman10-regular]:+tlig;!
Missing character: There is no 완 (U+C644) in font [lmroman10-regular]:+tlig;!
Missing character: There is no 성 (U+C131) in font [lmroman10-regular]:+tlig;!
Missing character: There is no 완 (U+C644) in font [lmroman10-regular]:+tlig;!
Missing character: There is no 성 (U+C131) in font [lmroman10-regular]:+tlig;!
Missing character: There is no 완 (U+C644) in font [lmroman10-regular]:+tlig;!
Missing character: There is no 성 (U+C131) in font [lmroman10-regular]:+tlig;!
<image/basic_2.jpeg, id=232, 1069.9975pt x 764.8575pt>
File: image/basic_2.jpeg Graphic file (type jpg)
<use image/basic_2.jpeg>
Package luatex.def Info: image/basic_2.jpeg  used on input line 971.
(luatex.def)             Requested size: 1069.99489pt x 764.85562pt.
Missing character: There is no 완 (U+C644) in font [lmroman10-regular]:+tlig;!
Missing character: There is no 성 (U+C131) in font [lmroman10-regular]:+tlig;!
Missing character: There is no 그 (U+ADF8) in font [lmroman10-regular]:+tlig;!
Missing character: There is no 림 (U+B9BC) in font [lmroman10-regular]:+tlig;!
Missing character: There is no 완 (U+C644) in font [lmroman10-regular]:+tlig;!
Missing character: There is no 성 (U+C131) in font [lmroman10-regular]:+tlig;!
Missing character: There is no 그 (U+ADF8) in font [lmroman10-regular]:+tlig;!
Missing character: There is no 림 (U+B9BC) in font [lmroman10-regular]:+tlig;!
Missing character: There is no 완 (U+C644) in font [lmroman10-regular]:+tlig;!
Missing character: There is no 성 (U+C131) in font [lmroman10-regular]:+tlig;!
Missing character: There is no 그 (U+ADF8) in font [lmroman10-regular]:+tlig;!
Missing character: There is no 림 (U+B9BC) in font [lmroman10-regular]:+tlig;!
Missing character: There is no 완 (U+C644) in font [lmroman10-regular]:+tlig;!
Missing character: There is no 성 (U+C131) in font [lmroman10-regular]:+tlig;!
Missing character: There is no 그 (U+ADF8) in font [lmroman10-regular]:+tlig;!
Missing character: There is no 림 (U+B9BC) in font [lmroman10-regular]:+tlig;!
Missing character: There is no 완 (U+C644) in font [lmroman10-regular]:+tlig;!
Missing character: There is no 성 (U+C131) in font [lmroman10-regular]:+tlig;!
Missing character: There is no 그 (U+ADF8) in font [lmroman10-regular]:+tlig;!
Missing character: There is no 림 (U+B9BC) in font [lmroman10-regular]:+tlig;!

Overfull \hbox (16.87415pt too wide) in paragraph at lines 970--973
[]\TU/lmr/m/n/10.95 완󰀀성󰀀 그󰀀림󰀀 [] 
 []

Missing character: There is no 그 (U+ADF8) in font [lmroman10-regular]:+tlig;!
Missing character: There is no 리 (U+B9AC) in font [lmroman10-regular]:+tlig;!
Missing character: There is no 는 (U+B294) in font [lmroman10-regular]:+tlig;!
Missing character: There is no 법 (U+BC95) in font [lmroman10-regular]:+tlig;!
Missing character: There is no 영 (U+C601) in font [lmroman10-regular]:+tlig;!
Missing character: There is no 상 (U+C0C1) in font [lmroman10-regular]:+tlig;!
Missing character: There is no 그 (U+ADF8) in font [lmroman10-regular]:+tlig;!
Missing character: There is no 리 (U+B9AC) in font [lmroman10-regular]:+tlig;!
Missing character: There is no 는 (U+B294) in font [lmroman10-regular]:+tlig;!
Missing character: There is no 법 (U+BC95) in font [lmroman10-regular]:+tlig;!
Missing character: There is no 영 (U+C601) in font [lmroman10-regular]:+tlig;!
Missing character: There is no 상 (U+C0C1) in font [lmroman10-regular]:+tlig;!

! LaTeX Error: Unknown graphics extension: .gif.

See the LaTeX manual or LaTeX Companion for explanation.
Type  H <return>  for immediate help.
 ...                                              
                                                  
l.977 ...udegraphics[keepaspectratio]{image/ng.gif}}
                                                  

Here is how much of LuaTeX's memory you used:
 25601 strings out of 470117
 100000,1373583 words of node,token memory allocated
 5189 words of node memory still in use:
   67 hlist, 4 vlist, 5 rule, 8 disc, 10 local_par, 2 dir, 177 glue, 27 kern, 34
 penalty, 256 glyph, 126 attribute, 70 glue_spec, 126 attribute_list, 1 temp, 3 
if_stack, 5 write, 3 pdf_dest, 25 pdf_colorstack, 1 pdf_setmatrix, 1 pdf_save, 1
 pdf_restore nodes
   avail lists: 2:407,3:238,4:291,5:160,6:34,7:2714,8:20,9:251,10:12,11:54,12:1
 53454 multiletter control sequences out of 65536+600000
 63 fonts using 19174775 bytes
 108i,7n,114p,11226b,589s stack positions out of 10000i,1000n,20000p,200000b,200000s
!  ==> Fatal error occurred, no output PDF file produced!
